-- MySQL dump 10.13  Distrib 8.0.44, for Win64 (x86_64)
--
-- Host: 127.0.0.1    Database: fresh
-- ------------------------------------------------------
-- Server version	8.0.44

/*!40101 SET @OLD_CHARACTER_SET_CLIENT=@@CHARACTER_SET_CLIENT */;
/*!40101 SET @OLD_CHARACTER_SET_RESULTS=@@CHARACTER_SET_RESULTS */;
/*!40101 SET @OLD_COLLATION_CONNECTION=@@COLLATION_CONNECTION */;
/*!50503 SET NAMES utf8 */;
/*!40103 SET @OLD_TIME_ZONE=@@TIME_ZONE */;
/*!40103 SET TIME_ZONE='+00:00' */;
/*!40014 SET @OLD_UNIQUE_CHECKS=@@UNIQUE_CHECKS, UNIQUE_CHECKS=0 */;
/*!40014 SET @OLD_FOREIGN_KEY_CHECKS=@@FOREIGN_KEY_CHECKS, FOREIGN_KEY_CHECKS=0 */;
/*!40101 SET @OLD_SQL_MODE=@@SQL_MODE, SQL_MODE='NO_AUTO_VALUE_ON_ZERO' */;
/*!40111 SET @OLD_SQL_NOTES=@@SQL_NOTES, SQL_NOTES=0 */;

--
-- Table structure for table `audit_logs`
--

DROP TABLE IF EXISTS `audit_logs`;
/*!40101 SET @saved_cs_client     = @@character_set_client */;
/*!50503 SET character_set_client = utf8mb4 */;
CREATE TABLE `audit_logs` (
  `id` bigint unsigned NOT NULL AUTO_INCREMENT,
  `user_id` bigint unsigned DEFAULT NULL,
  `action` varchar(50) NOT NULL,
  `entity_type` varchar(50) NOT NULL,
  `entity_id` bigint unsigned DEFAULT NULL,
  `old_data` json DEFAULT NULL,
  `new_data` json DEFAULT NULL,
  `ip_address` varchar(45) DEFAULT NULL,
  `user_agent` text,
  `created_at` datetime DEFAULT CURRENT_TIMESTAMP,
  PRIMARY KEY (`id`),
  KEY `idx_audit_logs_user` (`user_id`),
  KEY `idx_audit_logs_entity` (`entity_type`,`entity_id`),
  KEY `idx_audit_logs_created` (`created_at`),
  KEY `idx_audit_logs_entity_date` (`entity_type`,`entity_id`,`created_at`),
  KEY `idx_audit_logs_user_date` (`user_id`,`created_at`)
) ENGINE=InnoDB DEFAULT CHARSET=utf8mb4 COLLATE=utf8mb4_0900_ai_ci;
/*!40101 SET character_set_client = @saved_cs_client */;

--
-- Dumping data for table `audit_logs`
--

LOCK TABLES `audit_logs` WRITE;
/*!40000 ALTER TABLE `audit_logs` DISABLE KEYS */;
/*!40000 ALTER TABLE `audit_logs` ENABLE KEYS */;
UNLOCK TABLES;

--
-- Table structure for table `booking_discounts`
--

DROP TABLE IF EXISTS `booking_discounts`;
/*!40101 SET @saved_cs_client     = @@character_set_client */;
/*!50503 SET character_set_client = utf8mb4 */;
CREATE TABLE `booking_discounts` (
  `id` bigint unsigned NOT NULL AUTO_INCREMENT,
  `booking_id` bigint unsigned NOT NULL,
  `discount_id` bigint unsigned NOT NULL,
  `discount_code` varchar(50) NOT NULL,
  `discount_type` enum('percentage','fixed') NOT NULL,
  `discount_value` decimal(10,2) NOT NULL,
  `amount_saved` decimal(10,2) NOT NULL,
  `created_at` datetime DEFAULT CURRENT_TIMESTAMP,
  PRIMARY KEY (`id`),
  KEY `idx_booking_discounts_booking` (`booking_id`),
  KEY `discount_id` (`discount_id`),
  CONSTRAINT `booking_discounts_ibfk_1` FOREIGN KEY (`booking_id`) REFERENCES `bookings` (`id`) ON DELETE CASCADE,
  CONSTRAINT `booking_discounts_ibfk_2` FOREIGN KEY (`discount_id`) REFERENCES `discounts` (`id`) ON DELETE RESTRICT
) ENGINE=InnoDB DEFAULT CHARSET=utf8mb4 COLLATE=utf8mb4_0900_ai_ci;
/*!40101 SET character_set_client = @saved_cs_client */;

--
-- Dumping data for table `booking_discounts`
--

LOCK TABLES `booking_discounts` WRITE;
/*!40000 ALTER TABLE `booking_discounts` DISABLE KEYS */;
/*!40000 ALTER TABLE `booking_discounts` ENABLE KEYS */;
UNLOCK TABLES;

--
-- Table structure for table `booking_gift_cards`
--

DROP TABLE IF EXISTS `booking_gift_cards`;
/*!40101 SET @saved_cs_client     = @@character_set_client */;
/*!50503 SET character_set_client = utf8mb4 */;
CREATE TABLE `booking_gift_cards` (
  `id` bigint unsigned NOT NULL AUTO_INCREMENT,
  `booking_id` bigint unsigned NOT NULL,
  `gift_card_id` bigint unsigned NOT NULL,
  `amount_used` decimal(10,2) NOT NULL,
  `created_at` datetime DEFAULT CURRENT_TIMESTAMP,
  PRIMARY KEY (`id`),
  KEY `idx_booking_gift_cards_booking` (`booking_id`),
  KEY `gift_card_id` (`gift_card_id`),
  CONSTRAINT `booking_gift_cards_ibfk_1` FOREIGN KEY (`booking_id`) REFERENCES `bookings` (`id`) ON DELETE CASCADE,
  CONSTRAINT `booking_gift_cards_ibfk_2` FOREIGN KEY (`gift_card_id`) REFERENCES `gift_cards` (`id`) ON DELETE RESTRICT
) ENGINE=InnoDB DEFAULT CHARSET=utf8mb4 COLLATE=utf8mb4_0900_ai_ci;
/*!40101 SET character_set_client = @saved_cs_client */;

--
-- Dumping data for table `booking_gift_cards`
--

LOCK TABLES `booking_gift_cards` WRITE;
/*!40000 ALTER TABLE `booking_gift_cards` DISABLE KEYS */;
/*!40000 ALTER TABLE `booking_gift_cards` ENABLE KEYS */;
UNLOCK TABLES;

--
-- Table structure for table `booking_products`
--

DROP TABLE IF EXISTS `booking_products`;
/*!40101 SET @saved_cs_client     = @@character_set_client */;
/*!50503 SET character_set_client = utf8mb4 */;
CREATE TABLE `booking_products` (
  `id` bigint unsigned NOT NULL AUTO_INCREMENT,
  `booking_id` bigint unsigned NOT NULL,
  `product_id` bigint unsigned NOT NULL,
  `quantity` int NOT NULL DEFAULT '1',
  `unit_price` decimal(10,2) NOT NULL,
  `total_price` decimal(10,2) NOT NULL,
  `created_at` datetime DEFAULT CURRENT_TIMESTAMP,
  PRIMARY KEY (`id`),
  KEY `idx_booking_products_booking` (`booking_id`),
  KEY `product_id` (`product_id`),
  CONSTRAINT `booking_products_ibfk_1` FOREIGN KEY (`booking_id`) REFERENCES `bookings` (`id`) ON DELETE CASCADE,
  CONSTRAINT `booking_products_ibfk_2` FOREIGN KEY (`product_id`) REFERENCES `products` (`id`) ON DELETE RESTRICT
) ENGINE=InnoDB DEFAULT CHARSET=utf8mb4 COLLATE=utf8mb4_0900_ai_ci;
/*!40101 SET character_set_client = @saved_cs_client */;

--
-- Dumping data for table `booking_products`
--

LOCK TABLES `booking_products` WRITE;
/*!40000 ALTER TABLE `booking_products` DISABLE KEYS */;
/*!40000 ALTER TABLE `booking_products` ENABLE KEYS */;
UNLOCK TABLES;

--
-- Table structure for table `booking_resources`
--

DROP TABLE IF EXISTS `booking_resources`;
/*!40101 SET @saved_cs_client     = @@character_set_client */;
/*!50503 SET character_set_client = utf8mb4 */;
CREATE TABLE `booking_resources` (
  `id` bigint unsigned NOT NULL AUTO_INCREMENT,
  `booking_id` bigint unsigned NOT NULL,
  `resource_id` bigint unsigned NOT NULL,
  `created_at` datetime DEFAULT CURRENT_TIMESTAMP,
  PRIMARY KEY (`id`),
  UNIQUE KEY `uq_booking_resource` (`booking_id`,`resource_id`),
  KEY `resource_id` (`resource_id`),
  CONSTRAINT `booking_resources_ibfk_1` FOREIGN KEY (`booking_id`) REFERENCES `bookings` (`id`) ON DELETE CASCADE,
  CONSTRAINT `booking_resources_ibfk_2` FOREIGN KEY (`resource_id`) REFERENCES `resources` (`id`) ON DELETE RESTRICT
) ENGINE=InnoDB DEFAULT CHARSET=utf8mb4 COLLATE=utf8mb4_0900_ai_ci;
/*!40101 SET character_set_client = @saved_cs_client */;

--
-- Dumping data for table `booking_resources`
--

LOCK TABLES `booking_resources` WRITE;
/*!40000 ALTER TABLE `booking_resources` DISABLE KEYS */;
/*!40000 ALTER TABLE `booking_resources` ENABLE KEYS */;
UNLOCK TABLES;

--
-- Table structure for table `booking_services`
--

DROP TABLE IF EXISTS `booking_services`;
/*!40101 SET @saved_cs_client     = @@character_set_client */;
/*!50503 SET character_set_client = utf8mb4 */;
CREATE TABLE `booking_services` (
  `booking_id` bigint unsigned NOT NULL,
  `service_id` bigint unsigned NOT NULL,
  `staff_id` bigint unsigned DEFAULT NULL,
  `price` decimal(10,2) NOT NULL,
  `duration_minutes` int NOT NULL,
  PRIMARY KEY (`booking_id`,`service_id`),
  KEY `idx_booking_services_service_id` (`service_id`),
  KEY `idx_booking_services_service` (`service_id`,`booking_id`),
  KEY `idx_staff_id` (`staff_id`),
  CONSTRAINT `fk_booking_services_booking` FOREIGN KEY (`booking_id`) REFERENCES `bookings` (`id`) ON DELETE CASCADE ON UPDATE CASCADE,
  CONSTRAINT `fk_booking_services_service` FOREIGN KEY (`service_id`) REFERENCES `services` (`id`) ON DELETE RESTRICT ON UPDATE CASCADE,
  CONSTRAINT `fk_booking_services_staff` FOREIGN KEY (`staff_id`) REFERENCES `staff` (`id`) ON DELETE SET NULL
) ENGINE=InnoDB DEFAULT CHARSET=utf8mb4 COLLATE=utf8mb4_0900_ai_ci;
/*!40101 SET character_set_client = @saved_cs_client */;

--
-- Dumping data for table `booking_services`
--

LOCK TABLES `booking_services` WRITE;
/*!40000 ALTER TABLE `booking_services` DISABLE KEYS */;
INSERT INTO `booking_services` VALUES (1,36,9,250.00,180),(2,36,9,250.00,180),(3,36,9,250.00,180),(4,36,9,250.00,180),(5,36,9,250.00,180),(6,36,9,250.00,180),(7,36,9,250.00,180),(8,36,9,250.00,180),(9,36,9,250.00,180),(10,36,9,250.00,180),(11,36,9,250.00,180),(12,36,9,250.00,180),(13,36,9,250.00,180),(14,36,9,250.00,180),(15,36,NULL,250.00,180);
/*!40000 ALTER TABLE `booking_services` ENABLE KEYS */;
UNLOCK TABLES;

--
-- Table structure for table `bookings`
--

DROP TABLE IF EXISTS `bookings`;
/*!40101 SET @saved_cs_client     = @@character_set_client */;
/*!50503 SET character_set_client = utf8mb4 */;
CREATE TABLE `bookings` (
  `id` bigint unsigned NOT NULL AUTO_INCREMENT,
  `salon_id` bigint unsigned NOT NULL,
  `client_id` bigint unsigned NOT NULL,
  `staff_id` bigint unsigned NOT NULL,
  `start_datetime` datetime NOT NULL,
  `end_datetime` datetime NOT NULL,
  `status` enum('pending','confirmed','completed','cancelled','no_show') NOT NULL DEFAULT 'pending',
  `source` enum('marketplace','direct') NOT NULL DEFAULT 'direct',
  `created_at` datetime NOT NULL DEFAULT CURRENT_TIMESTAMP,
  `notes` text,
  `internal_notes` text,
  `cancelled_at` datetime DEFAULT NULL,
  `cancelled_by` bigint unsigned DEFAULT NULL,
  `cancellation_reason` text,
  `deleted_at` datetime DEFAULT NULL,
  PRIMARY KEY (`id`),
  KEY `idx_bookings_salon_id` (`salon_id`),
  KEY `idx_bookings_client_id` (`client_id`),
  KEY `idx_bookings_staff_id` (`staff_id`),
  KEY `idx_bookings_start` (`start_datetime`),
  KEY `idx_bookings_staff_datetime_status` (`staff_id`,`start_datetime`,`status`),
  KEY `idx_bookings_salon_datetime` (`salon_id`,`start_datetime`),
  KEY `idx_bookings_client_status` (`client_id`,`status`),
  CONSTRAINT `fk_bookings_client` FOREIGN KEY (`client_id`) REFERENCES `users` (`id`) ON DELETE RESTRICT ON UPDATE CASCADE,
  CONSTRAINT `fk_bookings_salon` FOREIGN KEY (`salon_id`) REFERENCES `salons` (`id`) ON DELETE CASCADE ON UPDATE CASCADE,
  CONSTRAINT `fk_bookings_staff` FOREIGN KEY (`staff_id`) REFERENCES `staff` (`id`) ON DELETE RESTRICT ON UPDATE CASCADE
) ENGINE=InnoDB AUTO_INCREMENT=23 DEFAULT CHARSET=utf8mb4 COLLATE=utf8mb4_0900_ai_ci;
/*!40101 SET character_set_client = @saved_cs_client */;

--
-- Dumping data for table `bookings`
--

LOCK TABLES `bookings` WRITE;
/*!40000 ALTER TABLE `bookings` DISABLE KEYS */;
INSERT INTO `bookings` VALUES (1,163,185,9,'2026-01-19 08:00:00','2026-01-19 11:00:00','cancelled','marketplace','2026-01-18 18:06:11',NULL,NULL,NULL,NULL,NULL,NULL),(2,163,210,9,'2026-01-26 09:00:00','2026-01-26 12:00:00','pending','marketplace','2026-01-19 12:39:50','Concurrency Test',NULL,NULL,NULL,NULL,NULL),(3,163,216,9,'2026-01-20 08:00:00','2026-01-20 11:00:00','pending','marketplace','2026-01-19 12:58:22','Concurrency Test',NULL,NULL,NULL,NULL,NULL),(4,163,230,9,'2026-01-22 08:00:00','2026-01-22 11:00:00','pending','marketplace','2026-01-19 12:59:35','Concurrency Test',NULL,NULL,NULL,NULL,NULL),(5,163,231,9,'2026-01-25 08:00:00','2026-01-25 11:00:00','pending','marketplace','2026-01-19 12:59:35','Concurrency Test',NULL,NULL,NULL,NULL,NULL),(6,163,235,9,'2026-01-21 08:00:00','2026-01-21 11:00:00','pending','marketplace','2026-01-19 12:59:37','Concurrency Test',NULL,NULL,NULL,NULL,NULL),(7,163,242,9,'2026-01-21 13:00:00','2026-01-21 16:00:00','pending','marketplace','2026-01-19 13:04:03','Duplicate payment test',NULL,NULL,NULL,NULL,NULL),(8,163,185,9,'2026-01-19 14:45:00','2026-01-19 17:45:00','pending','marketplace','2026-01-19 15:17:37',NULL,NULL,NULL,NULL,NULL,NULL),(9,163,303,9,'2026-01-23 09:00:00','2026-01-23 12:00:00','pending','marketplace','2026-01-21 10:50:40','Full lifecycle test booking',NULL,NULL,NULL,NULL,NULL),(10,163,345,9,'2026-01-27 11:00:00','2026-01-27 14:00:00','cancelled','marketplace','2026-01-21 10:55:41','Concurrent payment test',NULL,NULL,NULL,NULL,NULL),(11,163,347,9,'2026-01-26 13:00:00','2026-01-26 16:00:00','confirmed','marketplace','2026-01-21 10:55:42','Paid booking for refund',NULL,NULL,NULL,NULL,NULL),(12,163,651,9,'2026-01-25 12:00:00','2026-01-25 15:00:00','pending','marketplace','2026-01-21 11:14:43','Full lifecycle test booking',NULL,NULL,NULL,NULL,NULL),(13,163,654,9,'2026-01-27 08:00:00','2026-01-27 11:00:00','cancelled','marketplace','2026-01-21 11:14:44','Full lifecycle test booking',NULL,NULL,NULL,NULL,NULL),(14,163,185,9,'2026-01-22 11:45:00','2026-01-22 14:45:00','pending','marketplace','2026-01-21 13:36:01',NULL,NULL,NULL,NULL,NULL,NULL),(15,163,1226,9,'2026-02-18 08:00:00','2026-02-18 08:30:00','cancelled','marketplace','2026-02-17 20:36:44',NULL,NULL,NULL,NULL,NULL,NULL);
/*!40000 ALTER TABLE `bookings` ENABLE KEYS */;
UNLOCK TABLES;

--
-- Table structure for table `business_hours`
--

DROP TABLE IF EXISTS `business_hours`;
/*!40101 SET @saved_cs_client     = @@character_set_client */;
/*!50503 SET character_set_client = utf8mb4 */;
CREATE TABLE `business_hours` (
  `id` bigint unsigned NOT NULL AUTO_INCREMENT,
  `salon_id` bigint unsigned NOT NULL,
  `day_of_week` tinyint NOT NULL COMMENT '0=Sunday, 6=Saturday',
  `open_time` time DEFAULT NULL,
  `close_time` time DEFAULT NULL,
  `is_closed` tinyint(1) DEFAULT '0',
  PRIMARY KEY (`id`),
  UNIQUE KEY `uq_salon_day` (`salon_id`,`day_of_week`),
  CONSTRAINT `fk_business_hours_salon` FOREIGN KEY (`salon_id`) REFERENCES `salons` (`id`) ON DELETE CASCADE
) ENGINE=InnoDB AUTO_INCREMENT=71 DEFAULT CHARSET=utf8mb4 COLLATE=utf8mb4_0900_ai_ci;
/*!40101 SET character_set_client = @saved_cs_client */;

--
-- Dumping data for table `business_hours`
--

LOCK TABLES `business_hours` WRITE;
/*!40000 ALTER TABLE `business_hours` DISABLE KEYS */;
INSERT INTO `business_hours` VALUES (29,163,0,'09:00:00','19:00:00',0),(30,163,1,'09:00:00','19:00:00',0),(31,163,2,'09:00:00','19:00:00',0),(32,163,3,'09:00:00','19:00:00',0),(33,163,4,'09:00:00','20:00:00',0),(34,163,5,'09:00:00','20:00:00',0),(35,163,6,NULL,NULL,1),(36,164,0,'10:00:00','20:00:00',0),(37,164,1,'10:00:00','20:00:00',0),(38,164,2,'10:00:00','20:00:00',0),(39,164,3,'10:00:00','20:00:00',0),(40,164,4,'10:00:00','21:00:00',0),(41,164,5,'10:00:00','21:00:00',0),(42,164,6,'11:00:00','18:00:00',0),(43,165,0,NULL,NULL,1),(44,165,1,NULL,NULL,1),(45,165,2,'10:00:00','19:00:00',0),(46,165,3,'10:00:00','19:00:00',0),(47,165,4,'10:00:00','20:00:00',0),(48,165,5,'10:00:00','20:00:00',0),(49,165,6,'09:00:00','18:00:00',0),(50,166,0,'09:00:00','18:00:00',0),(51,166,1,'09:00:00','18:00:00',0),(52,166,2,'09:00:00','18:00:00',0),(53,166,3,'09:00:00','18:00:00',0),(54,166,4,'09:00:00','19:00:00',0),(55,166,5,'09:00:00','19:00:00',0),(56,166,6,NULL,NULL,1),(57,167,0,'10:00:00','20:00:00',0),(58,167,1,'10:00:00','20:00:00',0),(59,167,2,'10:00:00','20:00:00',0),(60,167,3,'10:00:00','20:00:00',0),(61,167,4,'10:00:00','21:00:00',0),(62,167,5,'10:00:00','21:00:00',0),(63,167,6,'11:00:00','19:00:00',0),(64,168,0,'09:00:00','19:00:00',0),(65,168,1,'09:00:00','19:00:00',0),(66,168,2,'09:00:00','19:00:00',0),(67,168,3,'09:00:00','19:00:00',0),(68,168,4,'09:00:00','20:00:00',0),(69,168,5,'09:00:00','20:00:00',0),(70,168,6,'10:00:00','17:00:00',0);
/*!40000 ALTER TABLE `business_hours` ENABLE KEYS */;
UNLOCK TABLES;

--
-- Table structure for table `campaigns`
--

DROP TABLE IF EXISTS `campaigns`;
/*!40101 SET @saved_cs_client     = @@character_set_client */;
/*!50503 SET character_set_client = utf8mb4 */;
CREATE TABLE `campaigns` (
  `id` bigint unsigned NOT NULL AUTO_INCREMENT,
  `salon_id` bigint unsigned NOT NULL,
  `name` varchar(255) NOT NULL,
  `type` enum('email','sms','push') NOT NULL DEFAULT 'email',
  `subject` varchar(255) DEFAULT NULL,
  `content` text NOT NULL,
  `target_audience` enum('all','new','returning','inactive') DEFAULT 'all',
  `status` enum('draft','scheduled','sending','completed','cancelled') DEFAULT 'draft',
  `scheduled_at` datetime DEFAULT NULL,
  `completed_at` datetime DEFAULT NULL,
  `recipient_count` int DEFAULT '0',
  `sent_count` int DEFAULT '0',
  `open_count` int DEFAULT '0',
  `click_count` int DEFAULT '0',
  `created_at` datetime DEFAULT CURRENT_TIMESTAMP,
  PRIMARY KEY (`id`),
  KEY `idx_campaigns_salon` (`salon_id`),
  KEY `idx_campaigns_status` (`status`),
  CONSTRAINT `campaigns_ibfk_1` FOREIGN KEY (`salon_id`) REFERENCES `salons` (`id`) ON DELETE CASCADE
) ENGINE=InnoDB DEFAULT CHARSET=utf8mb4 COLLATE=utf8mb4_0900_ai_ci;
/*!40101 SET character_set_client = @saved_cs_client */;

--
-- Dumping data for table `campaigns`
--

LOCK TABLES `campaigns` WRITE;
/*!40000 ALTER TABLE `campaigns` DISABLE KEYS */;
/*!40000 ALTER TABLE `campaigns` ENABLE KEYS */;
UNLOCK TABLES;

--
-- Table structure for table `client_packages`
--

DROP TABLE IF EXISTS `client_packages`;
/*!40101 SET @saved_cs_client     = @@character_set_client */;
/*!50503 SET character_set_client = utf8mb4 */;
CREATE TABLE `client_packages` (
  `id` bigint unsigned NOT NULL AUTO_INCREMENT,
  `client_id` bigint unsigned NOT NULL,
  `package_id` bigint unsigned NOT NULL,
  `salon_id` bigint unsigned NOT NULL,
  `purchase_price` decimal(10,2) NOT NULL,
  `remaining_uses` int DEFAULT NULL,
  `status` enum('active','expired','used','cancelled') DEFAULT 'active',
  `expires_at` datetime DEFAULT NULL,
  `payment_id` bigint unsigned DEFAULT NULL,
  `created_at` datetime DEFAULT CURRENT_TIMESTAMP,
  PRIMARY KEY (`id`),
  KEY `idx_client_packages_client` (`client_id`),
  KEY `idx_client_packages_salon` (`salon_id`),
  KEY `package_id` (`package_id`),
  CONSTRAINT `client_packages_ibfk_1` FOREIGN KEY (`client_id`) REFERENCES `users` (`id`) ON DELETE CASCADE,
  CONSTRAINT `client_packages_ibfk_2` FOREIGN KEY (`package_id`) REFERENCES `packages` (`id`) ON DELETE RESTRICT,
  CONSTRAINT `client_packages_ibfk_3` FOREIGN KEY (`salon_id`) REFERENCES `salons` (`id`) ON DELETE CASCADE
) ENGINE=InnoDB DEFAULT CHARSET=utf8mb4 COLLATE=utf8mb4_0900_ai_ci;
/*!40101 SET character_set_client = @saved_cs_client */;

--
-- Dumping data for table `client_packages`
--

LOCK TABLES `client_packages` WRITE;
/*!40000 ALTER TABLE `client_packages` DISABLE KEYS */;
/*!40000 ALTER TABLE `client_packages` ENABLE KEYS */;
UNLOCK TABLES;

--
-- Table structure for table `discounts`
--

DROP TABLE IF EXISTS `discounts`;
/*!40101 SET @saved_cs_client     = @@character_set_client */;
/*!50503 SET character_set_client = utf8mb4 */;
CREATE TABLE `discounts` (
  `id` bigint unsigned NOT NULL AUTO_INCREMENT,
  `salon_id` bigint unsigned NOT NULL,
  `code` varchar(50) NOT NULL,
  `name` varchar(255) NOT NULL,
  `description` text,
  `type` enum('percentage','fixed') NOT NULL DEFAULT 'percentage',
  `value` decimal(10,2) NOT NULL,
  `min_purchase` decimal(10,2) DEFAULT NULL,
  `max_discount` decimal(10,2) DEFAULT NULL,
  `start_date` date DEFAULT NULL,
  `end_date` date DEFAULT NULL,
  `max_uses` int DEFAULT NULL,
  `max_uses_per_client` int DEFAULT NULL,
  `current_uses` int DEFAULT '0',
  `is_active` tinyint(1) DEFAULT '1',
  `applies_to_services` tinyint(1) DEFAULT '1',
  `applies_to_products` tinyint(1) DEFAULT '1',
  `first_booking_only` tinyint(1) DEFAULT '0',
  `created_at` datetime DEFAULT CURRENT_TIMESTAMP,
  `updated_at` datetime DEFAULT CURRENT_TIMESTAMP ON UPDATE CURRENT_TIMESTAMP,
  PRIMARY KEY (`id`),
  UNIQUE KEY `uq_discount_code_salon` (`salon_id`,`code`),
  KEY `idx_discounts_salon` (`salon_id`),
  KEY `idx_discounts_code` (`code`),
  CONSTRAINT `discounts_ibfk_1` FOREIGN KEY (`salon_id`) REFERENCES `salons` (`id`) ON DELETE CASCADE
) ENGINE=InnoDB DEFAULT CHARSET=utf8mb4 COLLATE=utf8mb4_0900_ai_ci;
/*!40101 SET character_set_client = @saved_cs_client */;

--
-- Dumping data for table `discounts`
--

LOCK TABLES `discounts` WRITE;
/*!40000 ALTER TABLE `discounts` DISABLE KEYS */;
/*!40000 ALTER TABLE `discounts` ENABLE KEYS */;
UNLOCK TABLES;

--
-- Table structure for table `gift_cards`
--

DROP TABLE IF EXISTS `gift_cards`;
/*!40101 SET @saved_cs_client     = @@character_set_client */;
/*!50503 SET character_set_client = utf8mb4 */;
CREATE TABLE `gift_cards` (
  `id` bigint unsigned NOT NULL AUTO_INCREMENT,
  `salon_id` bigint unsigned NOT NULL,
  `code` varchar(50) NOT NULL,
  `initial_balance` decimal(10,2) NOT NULL,
  `remaining_balance` decimal(10,2) NOT NULL,
  `purchased_by` bigint unsigned DEFAULT NULL,
  `recipient_email` varchar(255) DEFAULT NULL,
  `recipient_name` varchar(255) DEFAULT NULL,
  `recipient_message` text,
  `status` enum('active','used','expired','cancelled') DEFAULT 'active',
  `expires_at` datetime DEFAULT NULL,
  `created_at` datetime DEFAULT CURRENT_TIMESTAMP,
  PRIMARY KEY (`id`),
  UNIQUE KEY `uq_gift_card_code` (`code`),
  KEY `idx_gift_cards_salon` (`salon_id`),
  KEY `purchased_by` (`purchased_by`),
  CONSTRAINT `gift_cards_ibfk_1` FOREIGN KEY (`salon_id`) REFERENCES `salons` (`id`) ON DELETE CASCADE,
  CONSTRAINT `gift_cards_ibfk_2` FOREIGN KEY (`purchased_by`) REFERENCES `users` (`id`) ON DELETE SET NULL
) ENGINE=InnoDB DEFAULT CHARSET=utf8mb4 COLLATE=utf8mb4_0900_ai_ci;
/*!40101 SET character_set_client = @saved_cs_client */;

--
-- Dumping data for table `gift_cards`
--

LOCK TABLES `gift_cards` WRITE;
/*!40000 ALTER TABLE `gift_cards` DISABLE KEYS */;
/*!40000 ALTER TABLE `gift_cards` ENABLE KEYS */;
UNLOCK TABLES;

--
-- Table structure for table `last_minute_slots`
--

DROP TABLE IF EXISTS `last_minute_slots`;
/*!40101 SET @saved_cs_client     = @@character_set_client */;
/*!50503 SET character_set_client = utf8mb4 */;
CREATE TABLE `last_minute_slots` (
  `id` bigint unsigned NOT NULL AUTO_INCREMENT,
  `salon_id` bigint unsigned NOT NULL,
  `service_id` bigint unsigned NOT NULL,
  `staff_id` bigint unsigned NOT NULL,
  `start_time` datetime NOT NULL,
  `end_time` datetime NOT NULL,
  `original_price` decimal(10,2) NOT NULL,
  `discounted_price` decimal(10,2) NOT NULL,
  `discount_percent` int NOT NULL,
  `is_booked` tinyint(1) DEFAULT '0',
  `created_at` datetime DEFAULT CURRENT_TIMESTAMP,
  `expires_at` datetime NOT NULL,
  PRIMARY KEY (`id`),
  KEY `idx_last_minute_salon` (`salon_id`),
  KEY `idx_last_minute_time` (`start_time`),
  KEY `service_id` (`service_id`),
  KEY `staff_id` (`staff_id`),
  CONSTRAINT `last_minute_slots_ibfk_1` FOREIGN KEY (`salon_id`) REFERENCES `salons` (`id`) ON DELETE CASCADE,
  CONSTRAINT `last_minute_slots_ibfk_2` FOREIGN KEY (`service_id`) REFERENCES `services` (`id`) ON DELETE CASCADE,
  CONSTRAINT `last_minute_slots_ibfk_3` FOREIGN KEY (`staff_id`) REFERENCES `staff` (`id`) ON DELETE CASCADE
) ENGINE=InnoDB DEFAULT CHARSET=utf8mb4 COLLATE=utf8mb4_0900_ai_ci;
/*!40101 SET character_set_client = @saved_cs_client */;

--
-- Dumping data for table `last_minute_slots`
--

LOCK TABLES `last_minute_slots` WRITE;
/*!40000 ALTER TABLE `last_minute_slots` DISABLE KEYS */;
/*!40000 ALTER TABLE `last_minute_slots` ENABLE KEYS */;
UNLOCK TABLES;

--
-- Table structure for table `notifications`
--

DROP TABLE IF EXISTS `notifications`;
/*!40101 SET @saved_cs_client     = @@character_set_client */;
/*!50503 SET character_set_client = utf8mb4 */;
CREATE TABLE `notifications` (
  `id` bigint unsigned NOT NULL AUTO_INCREMENT,
  `user_id` bigint unsigned NOT NULL,
  `type` enum('email','sms','push') NOT NULL,
  `title` varchar(255) NOT NULL,
  `message` text NOT NULL,
  `sent_at` datetime DEFAULT NULL,
  `is_read` tinyint(1) DEFAULT '0',
  `data` json DEFAULT NULL,
  `read_at` datetime DEFAULT NULL,
  PRIMARY KEY (`id`),
  KEY `idx_notifications_user_id` (`user_id`),
  CONSTRAINT `fk_notifications_user` FOREIGN KEY (`user_id`) REFERENCES `users` (`id`) ON DELETE CASCADE ON UPDATE CASCADE
) ENGINE=InnoDB AUTO_INCREMENT=15 DEFAULT CHARSET=utf8mb4 COLLATE=utf8mb4_0900_ai_ci;
/*!40101 SET character_set_client = @saved_cs_client */;

--
-- Dumping data for table `notifications`
--

LOCK TABLES `notifications` WRITE;
/*!40000 ALTER TABLE `notifications` DISABLE KEYS */;
INSERT INTO `notifications` VALUES (1,179,'push','New Booking','New booking from Waynee Waynee on 1/19/2026','2026-01-18 18:06:11',0,NULL,NULL),(2,179,'push','New Booking','New booking from Concurrency Tester on 1/26/2026','2026-01-19 12:39:50',0,NULL,NULL),(3,179,'push','New Booking','New booking from Concurrency Tester on 1/20/2026','2026-01-19 12:58:22',0,NULL,NULL),(4,179,'push','New Booking','New booking from Concurrency Tester on 1/22/2026','2026-01-19 12:59:35',0,NULL,NULL),(5,179,'push','New Booking','New booking from Concurrency Tester on 1/25/2026','2026-01-19 12:59:35',0,NULL,NULL),(6,179,'push','New Booking','New booking from Concurrency Tester on 1/21/2026','2026-01-19 12:59:37',0,NULL,NULL),(7,179,'push','New Booking','New booking from Payment Tester on 1/21/2026','2026-01-19 13:04:03',0,NULL,NULL),(8,179,'push','New Booking','New booking from Waynee Waynee on 1/19/2026','2026-01-19 15:17:37',0,NULL,NULL),(9,179,'push','New Booking','New booking from Lifecycle Test on 1/23/2026','2026-01-21 10:50:40',0,NULL,NULL),(10,179,'push','New Booking','New booking from Concurrent Payment on 1/27/2026','2026-01-21 10:55:41',0,NULL,NULL),(11,179,'push','New Booking','New booking from Payment Refund on 1/26/2026','2026-01-21 10:55:42',0,NULL,NULL),(12,179,'push','New Booking','New booking from Lifecycle Test on 1/25/2026','2026-01-21 11:14:43',0,NULL,NULL),(13,179,'push','New Booking','New booking from Lifecycle Test on 1/27/2026','2026-01-21 11:14:44',0,NULL,NULL),(14,179,'push','New Booking','New booking from Waynee Waynee on 1/22/2026','2026-01-21 13:36:01',0,NULL,NULL);
/*!40000 ALTER TABLE `notifications` ENABLE KEYS */;
UNLOCK TABLES;

--
-- Table structure for table `package_services`
--

DROP TABLE IF EXISTS `package_services`;
/*!40101 SET @saved_cs_client     = @@character_set_client */;
/*!50503 SET character_set_client = utf8mb4 */;
CREATE TABLE `package_services` (
  `id` bigint unsigned NOT NULL AUTO_INCREMENT,
  `package_id` bigint unsigned NOT NULL,
  `service_id` bigint unsigned NOT NULL,
  `quantity` int NOT NULL DEFAULT '1',
  PRIMARY KEY (`id`),
  UNIQUE KEY `uq_package_service` (`package_id`,`service_id`),
  KEY `service_id` (`service_id`),
  CONSTRAINT `package_services_ibfk_1` FOREIGN KEY (`package_id`) REFERENCES `packages` (`id`) ON DELETE CASCADE,
  CONSTRAINT `package_services_ibfk_2` FOREIGN KEY (`service_id`) REFERENCES `services` (`id`) ON DELETE CASCADE
) ENGINE=InnoDB DEFAULT CHARSET=utf8mb4 COLLATE=utf8mb4_0900_ai_ci;
/*!40101 SET character_set_client = @saved_cs_client */;

--
-- Dumping data for table `package_services`
--

LOCK TABLES `package_services` WRITE;
/*!40000 ALTER TABLE `package_services` DISABLE KEYS */;
/*!40000 ALTER TABLE `package_services` ENABLE KEYS */;
UNLOCK TABLES;

--
-- Table structure for table `packages`
--

DROP TABLE IF EXISTS `packages`;
/*!40101 SET @saved_cs_client     = @@character_set_client */;
/*!50503 SET character_set_client = utf8mb4 */;
CREATE TABLE `packages` (
  `id` bigint unsigned NOT NULL AUTO_INCREMENT,
  `salon_id` bigint unsigned NOT NULL,
  `name` varchar(255) NOT NULL,
  `description` text,
  `original_price` decimal(10,2) NOT NULL,
  `discounted_price` decimal(10,2) NOT NULL,
  `validity_days` int DEFAULT NULL,
  `max_uses` int DEFAULT NULL,
  `is_active` tinyint(1) DEFAULT '1',
  `image_url` varchar(500) DEFAULT NULL,
  `created_at` datetime DEFAULT CURRENT_TIMESTAMP,
  PRIMARY KEY (`id`),
  KEY `idx_packages_salon` (`salon_id`),
  CONSTRAINT `packages_ibfk_1` FOREIGN KEY (`salon_id`) REFERENCES `salons` (`id`) ON DELETE CASCADE
) ENGINE=InnoDB DEFAULT CHARSET=utf8mb4 COLLATE=utf8mb4_0900_ai_ci;
/*!40101 SET character_set_client = @saved_cs_client */;

--
-- Dumping data for table `packages`
--

LOCK TABLES `packages` WRITE;
/*!40000 ALTER TABLE `packages` DISABLE KEYS */;
/*!40000 ALTER TABLE `packages` ENABLE KEYS */;
UNLOCK TABLES;

--
-- Table structure for table `payments`
--

DROP TABLE IF EXISTS `payments`;
/*!40101 SET @saved_cs_client     = @@character_set_client */;
/*!50503 SET character_set_client = utf8mb4 */;
CREATE TABLE `payments` (
  `id` bigint unsigned NOT NULL AUTO_INCREMENT,
  `booking_id` bigint unsigned NOT NULL,
  `amount` decimal(10,2) NOT NULL,
  `method` enum('card','cash') NOT NULL,
  `status` enum('pending','paid','refunded') NOT NULL DEFAULT 'pending',
  `stripe_payment_id` varchar(255) DEFAULT NULL,
  `created_at` datetime NOT NULL DEFAULT CURRENT_TIMESTAMP,
  `refunded_amount` decimal(10,2) DEFAULT '0.00',
  `tip_amount` decimal(10,2) DEFAULT '0.00',
  `client_package_id` bigint unsigned DEFAULT NULL,
  `notes` text,
  PRIMARY KEY (`id`),
  UNIQUE KEY `uq_payments_booking` (`booking_id`),
  KEY `idx_payments_stripe_payment_id` (`stripe_payment_id`),
  KEY `idx_payments_status_created` (`status`,`created_at`),
  KEY `idx_payments_booking_status` (`booking_id`,`status`),
  CONSTRAINT `fk_payments_booking` FOREIGN KEY (`booking_id`) REFERENCES `bookings` (`id`) ON DELETE CASCADE ON UPDATE CASCADE
) ENGINE=InnoDB DEFAULT CHARSET=utf8mb4 COLLATE=utf8mb4_0900_ai_ci;
/*!40101 SET character_set_client = @saved_cs_client */;

--
-- Dumping data for table `payments`
--

LOCK TABLES `payments` WRITE;
/*!40000 ALTER TABLE `payments` DISABLE KEYS */;
/*!40000 ALTER TABLE `payments` ENABLE KEYS */;
UNLOCK TABLES;

--
-- Table structure for table `payouts`
--

DROP TABLE IF EXISTS `payouts`;
/*!40101 SET @saved_cs_client     = @@character_set_client */;
/*!50503 SET character_set_client = utf8mb4 */;
CREATE TABLE `payouts` (
  `id` bigint unsigned NOT NULL AUTO_INCREMENT,
  `salon_id` bigint unsigned NOT NULL,
  `amount` decimal(10,2) NOT NULL,
  `currency` varchar(3) DEFAULT 'EUR',
  `status` enum('pending','processing','completed','failed') DEFAULT 'pending',
  `method` enum('bank_transfer','stripe','manual') DEFAULT 'bank_transfer',
  `reference` varchar(255) DEFAULT NULL,
  `bank_account_last4` varchar(4) DEFAULT NULL,
  `period_start` date NOT NULL,
  `period_end` date NOT NULL,
  `bookings_count` int DEFAULT '0',
  `gross_amount` decimal(10,2) NOT NULL,
  `platform_fees` decimal(10,2) DEFAULT '0.00',
  `refunds_amount` decimal(10,2) DEFAULT '0.00',
  `net_amount` decimal(10,2) NOT NULL,
  `failure_reason` text,
  `processed_at` datetime DEFAULT NULL,
  `created_at` datetime DEFAULT CURRENT_TIMESTAMP,
  PRIMARY KEY (`id`),
  KEY `idx_payouts_salon` (`salon_id`),
  KEY `idx_payouts_status` (`status`),
  CONSTRAINT `payouts_ibfk_1` FOREIGN KEY (`salon_id`) REFERENCES `salons` (`id`) ON DELETE CASCADE
) ENGINE=InnoDB DEFAULT CHARSET=utf8mb4 COLLATE=utf8mb4_0900_ai_ci;
/*!40101 SET character_set_client = @saved_cs_client */;

--
-- Dumping data for table `payouts`
--

LOCK TABLES `payouts` WRITE;
/*!40000 ALTER TABLE `payouts` DISABLE KEYS */;
/*!40000 ALTER TABLE `payouts` ENABLE KEYS */;
UNLOCK TABLES;

--
-- Table structure for table `platform_fees`
--

DROP TABLE IF EXISTS `platform_fees`;
/*!40101 SET @saved_cs_client     = @@character_set_client */;
/*!50503 SET character_set_client = utf8mb4 */;
CREATE TABLE `platform_fees` (
  `id` bigint unsigned NOT NULL AUTO_INCREMENT,
  `booking_id` bigint unsigned NOT NULL,
  `salon_id` bigint unsigned NOT NULL,
  `type` enum('new_client','payment_processing') NOT NULL,
  `amount` decimal(10,2) NOT NULL,
  `is_paid` tinyint(1) NOT NULL DEFAULT '0',
  PRIMARY KEY (`id`),
  KEY `idx_platform_fees_booking_id` (`booking_id`),
  KEY `idx_platform_fees_salon_id` (`salon_id`),
  CONSTRAINT `fk_platform_fees_booking` FOREIGN KEY (`booking_id`) REFERENCES `bookings` (`id`) ON DELETE CASCADE ON UPDATE CASCADE,
  CONSTRAINT `fk_platform_fees_salon` FOREIGN KEY (`salon_id`) REFERENCES `salons` (`id`) ON DELETE CASCADE ON UPDATE CASCADE
) ENGINE=InnoDB AUTO_INCREMENT=13 DEFAULT CHARSET=utf8mb4 COLLATE=utf8mb4_0900_ai_ci;
/*!40101 SET character_set_client = @saved_cs_client */;

--
-- Dumping data for table `platform_fees`
--

LOCK TABLES `platform_fees` WRITE;
/*!40000 ALTER TABLE `platform_fees` DISABLE KEYS */;
INSERT INTO `platform_fees` VALUES (1,1,163,'new_client',50.00,0),(2,2,163,'new_client',50.00,0),(3,3,163,'new_client',50.00,0),(4,4,163,'new_client',50.00,0),(5,5,163,'new_client',50.00,0),(6,6,163,'new_client',50.00,0),(7,7,163,'new_client',50.00,0),(8,9,163,'new_client',50.00,0),(9,10,163,'new_client',50.00,0),(10,11,163,'new_client',50.00,0),(11,12,163,'new_client',50.00,0),(12,13,163,'new_client',50.00,0);
/*!40000 ALTER TABLE `platform_fees` ENABLE KEYS */;
UNLOCK TABLES;

--
-- Table structure for table `platform_settings`
--

DROP TABLE IF EXISTS `platform_settings`;
/*!40101 SET @saved_cs_client     = @@character_set_client */;
/*!50503 SET character_set_client = utf8mb4 */;
CREATE TABLE `platform_settings` (
  `id` bigint unsigned NOT NULL AUTO_INCREMENT,
  `setting_key` varchar(100) NOT NULL,
  `setting_value` text,
  `value_type` enum('string','number','boolean','json') DEFAULT 'string',
  `description` text,
  `created_at` datetime DEFAULT CURRENT_TIMESTAMP,
  `updated_at` datetime DEFAULT CURRENT_TIMESTAMP ON UPDATE CURRENT_TIMESTAMP,
  PRIMARY KEY (`id`),
  UNIQUE KEY `uq_setting_key` (`setting_key`)
) ENGINE=InnoDB AUTO_INCREMENT=7 DEFAULT CHARSET=utf8mb4 COLLATE=utf8mb4_0900_ai_ci;
/*!40101 SET character_set_client = @saved_cs_client */;

--
-- Dumping data for table `platform_settings`
--

LOCK TABLES `platform_settings` WRITE;
/*!40000 ALTER TABLE `platform_settings` DISABLE KEYS */;
/*!40000 ALTER TABLE `platform_settings` ENABLE KEYS */;
UNLOCK TABLES;

--
-- Table structure for table `product_categories`
--

DROP TABLE IF EXISTS `product_categories`;
/*!40101 SET @saved_cs_client     = @@character_set_client */;
/*!50503 SET character_set_client = utf8mb4 */;
CREATE TABLE `product_categories` (
  `id` bigint unsigned NOT NULL AUTO_INCREMENT,
  `salon_id` bigint unsigned NOT NULL,
  `name` varchar(100) NOT NULL,
  `display_order` int DEFAULT '0',
  `created_at` datetime DEFAULT CURRENT_TIMESTAMP,
  PRIMARY KEY (`id`),
  KEY `idx_product_categories_salon` (`salon_id`),
  CONSTRAINT `product_categories_ibfk_1` FOREIGN KEY (`salon_id`) REFERENCES `salons` (`id`) ON DELETE CASCADE
) ENGINE=InnoDB DEFAULT CHARSET=utf8mb4 COLLATE=utf8mb4_0900_ai_ci;
/*!40101 SET character_set_client = @saved_cs_client */;

--
-- Dumping data for table `product_categories`
--

LOCK TABLES `product_categories` WRITE;
/*!40000 ALTER TABLE `product_categories` DISABLE KEYS */;
/*!40000 ALTER TABLE `product_categories` ENABLE KEYS */;
UNLOCK TABLES;

--
-- Table structure for table `products`
--

DROP TABLE IF EXISTS `products`;
/*!40101 SET @saved_cs_client     = @@character_set_client */;
/*!50503 SET character_set_client = utf8mb4 */;
CREATE TABLE `products` (
  `id` bigint unsigned NOT NULL AUTO_INCREMENT,
  `salon_id` bigint unsigned NOT NULL,
  `category_id` bigint unsigned DEFAULT NULL,
  `name` varchar(255) NOT NULL,
  `description` text,
  `price` decimal(10,2) NOT NULL,
  `cost_price` decimal(10,2) DEFAULT NULL,
  `sku` varchar(100) DEFAULT NULL,
  `barcode` varchar(100) DEFAULT NULL,
  `stock_quantity` int DEFAULT '0',
  `low_stock_threshold` int DEFAULT '5',
  `is_active` tinyint(1) DEFAULT '1',
  `image_url` varchar(500) DEFAULT NULL,
  `created_at` datetime DEFAULT CURRENT_TIMESTAMP,
  `updated_at` datetime DEFAULT CURRENT_TIMESTAMP ON UPDATE CURRENT_TIMESTAMP,
  `deleted_at` datetime DEFAULT NULL,
  PRIMARY KEY (`id`),
  KEY `idx_products_salon` (`salon_id`),
  KEY `idx_products_category` (`category_id`),
  KEY `idx_products_sku` (`sku`),
  CONSTRAINT `products_ibfk_1` FOREIGN KEY (`salon_id`) REFERENCES `salons` (`id`) ON DELETE CASCADE,
  CONSTRAINT `products_ibfk_2` FOREIGN KEY (`category_id`) REFERENCES `product_categories` (`id`) ON DELETE SET NULL
) ENGINE=InnoDB DEFAULT CHARSET=utf8mb4 COLLATE=utf8mb4_0900_ai_ci;
/*!40101 SET character_set_client = @saved_cs_client */;

--
-- Dumping data for table `products`
--

LOCK TABLES `products` WRITE;
/*!40000 ALTER TABLE `products` DISABLE KEYS */;
/*!40000 ALTER TABLE `products` ENABLE KEYS */;
UNLOCK TABLES;

--
-- Table structure for table `refunds`
--

DROP TABLE IF EXISTS `refunds`;
/*!40101 SET @saved_cs_client     = @@character_set_client */;
/*!50503 SET character_set_client = utf8mb4 */;
CREATE TABLE `refunds` (
  `id` bigint unsigned NOT NULL AUTO_INCREMENT,
  `payment_id` bigint unsigned NOT NULL,
  `amount` decimal(10,2) NOT NULL,
  `reason` text,
  `stripe_refund_id` varchar(255) DEFAULT NULL,
  `status` enum('pending','processing','completed','failed') DEFAULT 'pending',
  `processed_by` bigint unsigned DEFAULT NULL,
  `failure_reason` text,
  `created_at` datetime DEFAULT CURRENT_TIMESTAMP,
  `processed_at` datetime DEFAULT NULL,
  PRIMARY KEY (`id`),
  KEY `idx_refunds_payment` (`payment_id`),
  KEY `processed_by` (`processed_by`),
  CONSTRAINT `refunds_ibfk_1` FOREIGN KEY (`payment_id`) REFERENCES `payments` (`id`) ON DELETE CASCADE,
  CONSTRAINT `refunds_ibfk_2` FOREIGN KEY (`processed_by`) REFERENCES `users` (`id`) ON DELETE SET NULL
) ENGINE=InnoDB DEFAULT CHARSET=utf8mb4 COLLATE=utf8mb4_0900_ai_ci;
/*!40101 SET character_set_client = @saved_cs_client */;

--
-- Dumping data for table `refunds`
--

LOCK TABLES `refunds` WRITE;
/*!40000 ALTER TABLE `refunds` DISABLE KEYS */;
/*!40000 ALTER TABLE `refunds` ENABLE KEYS */;
UNLOCK TABLES;

--
-- Table structure for table `resource_blocks`
--

DROP TABLE IF EXISTS `resource_blocks`;
/*!40101 SET @saved_cs_client     = @@character_set_client */;
/*!50503 SET character_set_client = utf8mb4 */;
CREATE TABLE `resource_blocks` (
  `id` bigint unsigned NOT NULL AUTO_INCREMENT,
  `resource_id` bigint unsigned NOT NULL,
  `start_time` datetime NOT NULL,
  `end_time` datetime NOT NULL,
  `reason` varchar(255) DEFAULT NULL,
  `created_at` datetime DEFAULT CURRENT_TIMESTAMP,
  PRIMARY KEY (`id`),
  KEY `idx_resource_blocks_resource` (`resource_id`),
  KEY `idx_resource_blocks_time` (`start_time`,`end_time`),
  CONSTRAINT `resource_blocks_ibfk_1` FOREIGN KEY (`resource_id`) REFERENCES `resources` (`id`) ON DELETE CASCADE
) ENGINE=InnoDB DEFAULT CHARSET=utf8mb4 COLLATE=utf8mb4_0900_ai_ci;
/*!40101 SET character_set_client = @saved_cs_client */;

--
-- Dumping data for table `resource_blocks`
--

LOCK TABLES `resource_blocks` WRITE;
/*!40000 ALTER TABLE `resource_blocks` DISABLE KEYS */;
/*!40000 ALTER TABLE `resource_blocks` ENABLE KEYS */;
UNLOCK TABLES;

--
-- Table structure for table `resources`
--

DROP TABLE IF EXISTS `resources`;
/*!40101 SET @saved_cs_client     = @@character_set_client */;
/*!50503 SET character_set_client = utf8mb4 */;
CREATE TABLE `resources` (
  `id` bigint unsigned NOT NULL AUTO_INCREMENT,
  `salon_id` bigint unsigned NOT NULL,
  `name` varchar(255) NOT NULL,
  `type` enum('room','chair','equipment','other') NOT NULL,
  `description` text,
  `capacity` int DEFAULT '1',
  `color` varchar(7) DEFAULT '#6B7280',
  `is_active` tinyint(1) DEFAULT '1',
  `created_at` datetime DEFAULT CURRENT_TIMESTAMP,
  PRIMARY KEY (`id`),
  KEY `idx_resources_salon` (`salon_id`),
  CONSTRAINT `resources_ibfk_1` FOREIGN KEY (`salon_id`) REFERENCES `salons` (`id`) ON DELETE CASCADE
) ENGINE=InnoDB DEFAULT CHARSET=utf8mb4 COLLATE=utf8mb4_0900_ai_ci;
/*!40101 SET character_set_client = @saved_cs_client */;

--
-- Dumping data for table `resources`
--

LOCK TABLES `resources` WRITE;
/*!40000 ALTER TABLE `resources` DISABLE KEYS */;
/*!40000 ALTER TABLE `resources` ENABLE KEYS */;
UNLOCK TABLES;

--
-- Table structure for table `reviews`
--

DROP TABLE IF EXISTS `reviews`;
/*!40101 SET @saved_cs_client     = @@character_set_client */;
/*!50503 SET character_set_client = utf8mb4 */;
CREATE TABLE `reviews` (
  `id` bigint unsigned NOT NULL AUTO_INCREMENT,
  `salon_id` bigint unsigned NOT NULL,
  `client_id` bigint unsigned NOT NULL,
  `rating` int NOT NULL,
  `comment` text,
  `created_at` datetime NOT NULL DEFAULT CURRENT_TIMESTAMP,
  `status` enum('pending','approved','flagged','removed') DEFAULT 'approved',
  `moderation_note` text,
  `moderated_by` bigint unsigned DEFAULT NULL,
  `moderated_at` datetime DEFAULT NULL,
  `booking_id` bigint unsigned DEFAULT NULL,
  `owner_reply` text,
  `owner_reply_at` datetime DEFAULT NULL,
  `staff_id` int DEFAULT NULL,
  `service_id` int DEFAULT NULL,
  PRIMARY KEY (`id`),
  KEY `idx_reviews_salon_id` (`salon_id`),
  KEY `idx_reviews_client_id` (`client_id`),
  KEY `idx_reviews_salon_status` (`salon_id`,`status`,`created_at`),
  KEY `idx_reviews_staff` (`staff_id`),
  KEY `idx_reviews_salon_status_rating` (`salon_id`,`status`,`rating`),
  KEY `idx_reviews_staff_status` (`staff_id`,`status`),
  CONSTRAINT `fk_reviews_client` FOREIGN KEY (`client_id`) REFERENCES `users` (`id`) ON DELETE CASCADE ON UPDATE CASCADE,
  CONSTRAINT `fk_reviews_salon` FOREIGN KEY (`salon_id`) REFERENCES `salons` (`id`) ON DELETE CASCADE ON UPDATE CASCADE
) ENGINE=InnoDB AUTO_INCREMENT=17 DEFAULT CHARSET=utf8mb4 COLLATE=utf8mb4_0900_ai_ci;
/*!40101 SET character_set_client = @saved_cs_client */;

--
-- Dumping data for table `reviews`
--

LOCK TABLES `reviews` WRITE;
/*!40000 ALTER TABLE `reviews` DISABLE KEYS */;
INSERT INTO `reviews` VALUES (1,163,179,5,'Amazing experience! The stylist really listened to what I wanted and delivered perfectly.','2026-01-07 17:25:54','approved',NULL,NULL,NULL,NULL,NULL,NULL,NULL,NULL),(2,163,179,5,'Best haircut I\'ve had in Paris. The balayage looks incredible!','2025-12-31 17:25:54','approved',NULL,NULL,NULL,NULL,NULL,NULL,NULL,NULL),(3,163,179,4,'Great service and beautiful salon. Slightly pricey but worth it.','2025-12-23 17:25:54','approved',NULL,NULL,NULL,NULL,NULL,NULL,NULL,NULL),(4,163,179,5,'I\'ve been coming here for years. Consistently excellent!','2025-12-13 17:25:54','approved',NULL,NULL,NULL,NULL,NULL,NULL,NULL,NULL),(5,164,179,5,'The spa pedicure was heavenly! So relaxing and my feet look amazing.','2026-01-09 17:25:54','approved',NULL,NULL,NULL,NULL,NULL,NULL,NULL,NULL),(6,164,179,5,'Best nail salon in the area. Clean, professional, and beautiful results.','2026-01-04 17:25:54','approved',NULL,NULL,NULL,NULL,NULL,NULL,NULL,NULL),(7,164,179,4,'Love my gel manicure! Lasted over 3 weeks without chipping.','2025-12-28 17:25:54','approved',NULL,NULL,NULL,NULL,NULL,NULL,NULL,NULL),(8,165,179,5,'Perfect fade every time. These guys know what they\'re doing!','2026-01-10 17:25:54','approved',NULL,NULL,NULL,NULL,NULL,NULL,NULL,NULL),(9,165,179,5,'The hot towel shave is a must-try. Old school barbering at its finest.','2026-01-02 17:25:54','approved',NULL,NULL,NULL,NULL,NULL,NULL,NULL,NULL),(10,165,179,5,'Great atmosphere and even better cuts. My go-to barber shop.','2025-12-25 17:25:54','approved',NULL,NULL,NULL,NULL,NULL,NULL,NULL,NULL),(11,166,179,5,'The facial was incredible! My skin has never looked better.','2026-01-08 17:25:54','approved',NULL,NULL,NULL,NULL,NULL,NULL,NULL,NULL),(12,166,179,4,'Professional service and great results. Will definitely return.','2025-12-29 17:25:54','approved',NULL,NULL,NULL,NULL,NULL,NULL,NULL,NULL),(13,167,179,5,'The massage was exactly what I needed. So relaxing!','2026-01-06 17:25:54','approved',NULL,NULL,NULL,NULL,NULL,NULL,NULL,NULL),(14,167,179,5,'Beautiful spa with amazing therapists. A true escape from the city.','2025-12-27 17:25:54','approved',NULL,NULL,NULL,NULL,NULL,NULL,NULL,NULL),(15,168,179,5,'Trendy salon with talented stylists. Love my new look!','2026-01-05 17:25:54','approved',NULL,NULL,NULL,NULL,NULL,NULL,NULL,NULL),(16,168,179,4,'Great cut and color. The atmosphere is very cool and modern.','2025-12-21 17:25:54','approved',NULL,NULL,NULL,NULL,NULL,NULL,NULL,NULL);
/*!40000 ALTER TABLE `reviews` ENABLE KEYS */;
UNLOCK TABLES;

--
-- Table structure for table `salon_amenities`
--

DROP TABLE IF EXISTS `salon_amenities`;
/*!40101 SET @saved_cs_client     = @@character_set_client */;
/*!50503 SET character_set_client = utf8mb4 */;
CREATE TABLE `salon_amenities` (
  `id` bigint unsigned NOT NULL AUTO_INCREMENT,
  `salon_id` bigint unsigned NOT NULL,
  `name` varchar(100) NOT NULL,
  PRIMARY KEY (`id`),
  KEY `idx_amenities_salon` (`salon_id`),
  CONSTRAINT `fk_amenities_salon` FOREIGN KEY (`salon_id`) REFERENCES `salons` (`id`) ON DELETE CASCADE
) ENGINE=InnoDB AUTO_INCREMENT=36 DEFAULT CHARSET=utf8mb4 COLLATE=utf8mb4_0900_ai_ci;
/*!40101 SET character_set_client = @saved_cs_client */;

--
-- Dumping data for table `salon_amenities`
--

LOCK TABLES `salon_amenities` WRITE;
/*!40000 ALTER TABLE `salon_amenities` DISABLE KEYS */;
INSERT INTO `salon_amenities` VALUES (17,163,'WiFi'),(18,163,'Coffee & Tea'),(19,163,'Parking'),(20,164,'WiFi'),(21,164,'Refreshments'),(22,164,'Wheelchair Accessible'),(23,165,'WiFi'),(24,165,'Complimentary Drinks'),(25,165,'Street Parking'),(26,166,'WiFi'),(27,166,'Refreshments'),(28,166,'Air Conditioning'),(29,167,'WiFi'),(30,167,'Herbal Tea'),(31,167,'Relaxation Room'),(32,167,'Parking'),(33,168,'WiFi'),(34,168,'Coffee Bar'),(35,168,'Music');
/*!40000 ALTER TABLE `salon_amenities` ENABLE KEYS */;
UNLOCK TABLES;

--
-- Table structure for table `salon_clients`
--

DROP TABLE IF EXISTS `salon_clients`;
/*!40101 SET @saved_cs_client     = @@character_set_client */;
/*!50503 SET character_set_client = utf8mb4 */;
CREATE TABLE `salon_clients` (
  `salon_id` bigint unsigned NOT NULL,
  `client_id` bigint unsigned NOT NULL,
  `first_visit_date` datetime DEFAULT NULL,
  `last_visit_date` datetime DEFAULT NULL,
  `total_visits` int NOT NULL DEFAULT '0',
  `notes` text,
  PRIMARY KEY (`salon_id`,`client_id`),
  KEY `idx_salon_clients_client_id` (`client_id`),
  KEY `idx_salon_clients_last_visit` (`salon_id`,`last_visit_date`),
  KEY `idx_salon_clients_first_visit` (`salon_id`,`first_visit_date`),
  KEY `idx_salon_clients_salon_visits` (`salon_id`,`total_visits`),
  CONSTRAINT `fk_salon_clients_client` FOREIGN KEY (`client_id`) REFERENCES `users` (`id`) ON DELETE CASCADE ON UPDATE CASCADE,
  CONSTRAINT `fk_salon_clients_salon` FOREIGN KEY (`salon_id`) REFERENCES `salons` (`id`) ON DELETE CASCADE ON UPDATE CASCADE
) ENGINE=InnoDB DEFAULT CHARSET=utf8mb4 COLLATE=utf8mb4_0900_ai_ci;
/*!40101 SET character_set_client = @saved_cs_client */;

--
-- Dumping data for table `salon_clients`
--

LOCK TABLES `salon_clients` WRITE;
/*!40000 ALTER TABLE `salon_clients` DISABLE KEYS */;
INSERT INTO `salon_clients` VALUES (163,185,'2026-01-18 18:06:11','2026-01-21 13:36:01',3,NULL),(163,210,'2026-01-19 12:39:50','2026-01-19 12:39:50',1,NULL),(163,216,'2026-01-19 12:58:22','2026-01-19 12:58:22',1,NULL),(163,230,'2026-01-19 12:59:35','2026-01-19 12:59:35',1,NULL),(163,231,'2026-01-19 12:59:35','2026-01-19 12:59:35',1,NULL),(163,242,'2026-01-19 13:04:03','2026-01-19 13:04:03',1,NULL),(163,303,'2026-01-21 10:50:40','2026-01-21 10:50:40',1,NULL),(163,345,'2026-01-21 10:55:41','2026-01-21 10:55:41',1,NULL),(163,347,'2026-01-21 10:55:42','2026-01-21 10:55:42',1,NULL),(163,651,'2026-01-21 11:14:43','2026-01-21 11:14:43',1,NULL),(163,1223,'2026-02-17 19:19:07','2026-02-17 19:19:07',0,NULL),(163,1224,'2026-02-17 20:34:20','2026-02-17 20:34:20',0,NULL),(163,1225,'2026-02-17 20:36:40','2026-02-17 20:36:40',0,NULL),(163,1226,'2026-02-17 20:36:44','2026-02-17 20:36:44',1,NULL),(163,1227,'2026-02-19 13:03:12','2026-02-19 13:03:12',1,NULL),(163,1228,'2026-02-19 16:29:41','2026-02-19 16:29:41',1,NULL),(163,1229,'2026-02-20 17:11:26','2026-02-20 17:11:26',1,NULL),(163,1230,'2026-02-20 17:11:36','2026-02-20 17:11:36',0,NULL),(163,1231,'2026-02-21 13:55:05','2026-02-21 13:55:05',1,NULL),(163,1232,'2026-02-21 14:22:32','2026-02-21 14:22:32',0,NULL),(163,1233,'2026-02-21 14:29:54','2026-02-21 14:29:54',0,NULL),(163,1234,'2026-02-21 14:38:59','2026-02-21 14:38:59',0,NULL),(163,1235,'2026-02-21 14:39:07','2026-02-21 14:39:07',0,NULL),(163,1236,'2026-02-21 14:50:49','2026-02-21 14:50:49',1,NULL),(163,1237,'2026-02-21 15:14:23','2026-02-21 15:14:34',1,NULL),(163,1238,'2026-02-21 16:03:29','2026-02-21 16:03:29',0,NULL),(163,1239,'2026-02-21 16:03:44','2026-02-21 16:03:44',0,NULL),(163,1240,'2026-02-21 16:04:12','2026-02-21 23:15:33',1,NULL);
/*!40000 ALTER TABLE `salon_clients` ENABLE KEYS */;
UNLOCK TABLES;

--
-- Table structure for table `salon_gallery`
--

DROP TABLE IF EXISTS `salon_gallery`;
/*!40101 SET @saved_cs_client     = @@character_set_client */;
/*!50503 SET character_set_client = utf8mb4 */;
CREATE TABLE `salon_gallery` (
  `id` bigint unsigned NOT NULL AUTO_INCREMENT,
  `salon_id` bigint unsigned NOT NULL,
  `image_url` varchar(500) NOT NULL,
  `display_order` int DEFAULT '0',
  PRIMARY KEY (`id`),
  KEY `salon_id` (`salon_id`),
  CONSTRAINT `salon_gallery_ibfk_1` FOREIGN KEY (`salon_id`) REFERENCES `salons` (`id`) ON DELETE CASCADE
) ENGINE=InnoDB AUTO_INCREMENT=20 DEFAULT CHARSET=utf8mb4 COLLATE=utf8mb4_0900_ai_ci;
/*!40101 SET character_set_client = @saved_cs_client */;

--
-- Dumping data for table `salon_gallery`
--

LOCK TABLES `salon_gallery` WRITE;
/*!40000 ALTER TABLE `salon_gallery` DISABLE KEYS */;
INSERT INTO `salon_gallery` VALUES (7,163,'https://images.unsplash.com/photo-1560066984-138dadb4c035?w=800',1),(8,163,'https://images.unsplash.com/photo-1562322140-8baeececf3df?w=800',2),(9,163,'https://images.unsplash.com/photo-1633681926022-84c23e8cb2d6?w=800',3),(10,164,'https://images.unsplash.com/photo-1604654894610-df63bc536371?w=800',1),(11,164,'https://images.unsplash.com/photo-1610992015732-2449b76344bc?w=800',2),(12,165,'https://images.unsplash.com/photo-1503951914875-452162b0f3f1?w=800',1),(13,165,'https://images.unsplash.com/photo-1585747860715-2ba37e788b70?w=800',2),(14,166,'https://images.unsplash.com/photo-1570172619644-dfd03ed5d881?w=800',1),(15,166,'https://images.unsplash.com/photo-1516975080664-ed2fc6a32937?w=800',2),(16,167,'https://images.unsplash.com/photo-1544161515-4ab6ce6db874?w=800',1),(17,167,'https://images.unsplash.com/photo-1540555700478-4be289fbecef?w=800',2),(18,168,'https://images.unsplash.com/photo-1521590832167-7bcbfaa6381f?w=800',1),(19,168,'https://images.unsplash.com/photo-1562322140-8baeececf3df?w=800',2);
/*!40000 ALTER TABLE `salon_gallery` ENABLE KEYS */;
UNLOCK TABLES;

--
-- Table structure for table `salon_photos`
--

DROP TABLE IF EXISTS `salon_photos`;
/*!40101 SET @saved_cs_client     = @@character_set_client */;
/*!50503 SET character_set_client = utf8mb4 */;
CREATE TABLE `salon_photos` (
  `id` bigint unsigned NOT NULL AUTO_INCREMENT,
  `salon_id` bigint unsigned NOT NULL,
  `image_url` varchar(255) NOT NULL,
  `is_cover` tinyint(1) NOT NULL DEFAULT '0',
  PRIMARY KEY (`id`),
  KEY `idx_salon_photos_salon_id` (`salon_id`),
  CONSTRAINT `fk_salon_photos_salon` FOREIGN KEY (`salon_id`) REFERENCES `salons` (`id`) ON DELETE CASCADE ON UPDATE CASCADE
) ENGINE=InnoDB AUTO_INCREMENT=7 DEFAULT CHARSET=utf8mb4 COLLATE=utf8mb4_0900_ai_ci;
/*!40101 SET character_set_client = @saved_cs_client */;

--
-- Dumping data for table `salon_photos`
--

LOCK TABLES `salon_photos` WRITE;
/*!40000 ALTER TABLE `salon_photos` DISABLE KEYS */;
INSERT INTO `salon_photos` VALUES (1,163,'https://images.unsplash.com/photo-1560066984-138dadb4c035?w=1200',1),(2,164,'https://images.unsplash.com/photo-1604654894610-df63bc536371?w=1200',1),(3,165,'https://images.unsplash.com/photo-1503951914875-452162b0f3f1?w=1200',1),(4,166,'https://images.unsplash.com/photo-1570172619644-dfd03ed5d881?w=1200',1),(5,167,'https://images.unsplash.com/photo-1544161515-4ab6ce6db874?w=1200',1),(6,168,'https://images.unsplash.com/photo-1521590832167-7bcbfaa6381f?w=1200',1);
/*!40000 ALTER TABLE `salon_photos` ENABLE KEYS */;
UNLOCK TABLES;

--
-- Table structure for table `salon_settings`
--

DROP TABLE IF EXISTS `salon_settings`;
/*!40101 SET @saved_cs_client     = @@character_set_client */;
/*!50503 SET character_set_client = utf8mb4 */;
CREATE TABLE `salon_settings` (
  `salon_id` bigint unsigned NOT NULL,
  `cancellation_policy_hours` int NOT NULL DEFAULT '0',
  `no_show_fee` decimal(10,2) NOT NULL DEFAULT '0.00',
  `deposit_required` tinyint(1) NOT NULL DEFAULT '0',
  `deposit_percentage` int NOT NULL DEFAULT '0',
  `working_hours_start` time DEFAULT '09:00:00',
  `working_hours_end` time DEFAULT '19:00:00',
  `online_booking_enabled` tinyint(1) DEFAULT '1',
  `booking_advance_min_hours` int DEFAULT '1',
  `booking_advance_max_days` int DEFAULT '90',
  `auto_confirm_bookings` tinyint(1) DEFAULT '0',
  `send_reminders` tinyint(1) DEFAULT '1',
  `reminder_hours_before` int DEFAULT '24',
  PRIMARY KEY (`salon_id`),
  CONSTRAINT `fk_salon_settings_salon` FOREIGN KEY (`salon_id`) REFERENCES `salons` (`id`) ON DELETE CASCADE ON UPDATE CASCADE
) ENGINE=InnoDB DEFAULT CHARSET=utf8mb4 COLLATE=utf8mb4_0900_ai_ci;
/*!40101 SET character_set_client = @saved_cs_client */;

--
-- Dumping data for table `salon_settings`
--

LOCK TABLES `salon_settings` WRITE;
/*!40000 ALTER TABLE `salon_settings` DISABLE KEYS */;
INSERT INTO `salon_settings` VALUES (163,24,0.00,0,0,'09:00:00','19:00:00',1,1,90,0,1,24),(164,24,0.00,0,0,'09:00:00','19:00:00',1,1,90,0,1,24),(165,48,25.00,0,0,'09:00:00','19:00:00',1,1,90,0,1,24),(166,24,0.00,0,0,'09:00:00','19:00:00',1,1,90,0,1,24),(167,48,0.00,1,20,'09:00:00','19:00:00',1,1,90,0,1,24),(168,24,0.00,0,0,'09:00:00','19:00:00',1,1,90,0,1,24),(169,24,0.00,0,0,'09:00:00','19:00:00',1,1,90,0,1,24),(170,24,0.00,0,0,'09:00:00','19:00:00',1,1,90,0,1,24),(171,24,0.00,0,0,'09:00:00','19:00:00',1,1,90,0,1,24),(172,24,0.00,0,0,'09:00:00','19:00:00',1,1,90,0,1,24),(173,24,0.00,0,0,'09:00:00','19:00:00',1,1,90,0,1,24),(174,24,0.00,0,0,'09:00:00','19:00:00',1,1,90,0,1,24),(175,24,0.00,0,0,'09:00:00','19:00:00',1,1,90,0,1,24),(176,24,0.00,0,0,'09:00:00','19:00:00',1,1,90,0,1,24),(177,24,0.00,0,0,'09:00:00','19:00:00',1,1,90,0,1,24),(178,24,0.00,0,0,'09:00:00','19:00:00',1,1,90,0,1,24),(179,24,0.00,0,0,'09:00:00','19:00:00',1,1,90,0,1,24),(180,24,0.00,0,0,'09:00:00','19:00:00',1,1,90,0,1,24),(181,24,0.00,0,0,'09:00:00','19:00:00',1,1,90,0,1,24),(188,24,0.00,0,0,'09:00:00','19:00:00',1,1,90,0,1,24),(189,24,0.00,0,0,'09:00:00','19:00:00',1,1,90,0,1,24),(190,24,0.00,0,0,'09:00:00','19:00:00',1,1,90,0,1,24),(191,24,0.00,0,0,'09:00:00','19:00:00',1,1,90,0,1,24),(192,24,0.00,0,0,'09:00:00','19:00:00',1,1,90,0,1,24),(193,24,0.00,0,0,'09:00:00','19:00:00',1,1,90,0,1,24),(194,24,0.00,0,0,'09:00:00','19:00:00',1,1,90,0,1,24),(195,24,0.00,0,0,'09:00:00','19:00:00',1,1,90,0,1,24),(196,24,0.00,0,0,'09:00:00','19:00:00',1,1,90,0,1,24),(197,24,0.00,0,0,'09:00:00','19:00:00',1,1,90,0,1,24),(198,24,0.00,0,0,'09:00:00','19:00:00',1,1,90,0,1,24),(199,24,0.00,0,0,'09:00:00','19:00:00',1,1,90,0,1,24),(200,24,0.00,0,0,'09:00:00','19:00:00',1,1,90,0,1,24),(201,24,0.00,0,0,'09:00:00','19:00:00',1,1,90,0,1,24),(202,24,0.00,0,0,'09:00:00','19:00:00',1,1,90,0,1,24),(203,24,0.00,0,0,'09:00:00','19:00:00',1,1,90,0,1,24),(204,24,0.00,0,0,'09:00:00','19:00:00',1,1,90,0,1,24),(205,24,0.00,0,0,'09:00:00','19:00:00',1,1,90,0,1,24),(206,24,0.00,0,0,'09:00:00','19:00:00',1,1,90,0,1,24),(207,24,0.00,0,0,'09:00:00','19:00:00',1,1,90,0,1,24),(208,24,0.00,0,0,'09:00:00','19:00:00',1,1,90,0,1,24),(209,24,0.00,0,0,'09:00:00','19:00:00',1,1,90,0,1,24),(210,24,0.00,0,0,'09:00:00','19:00:00',1,1,90,0,1,24),(211,24,0.00,0,0,'09:00:00','19:00:00',1,1,90,0,1,24),(212,24,0.00,0,0,'09:00:00','19:00:00',1,1,90,0,1,24),(213,24,0.00,0,0,'09:00:00','19:00:00',1,1,90,0,1,24),(214,24,0.00,0,0,'09:00:00','19:00:00',1,1,90,0,1,24),(215,24,0.00,0,0,'09:00:00','19:00:00',1,1,90,0,1,24),(216,24,0.00,0,0,'09:00:00','19:00:00',1,1,90,0,1,24),(217,24,0.00,0,0,'09:00:00','19:00:00',1,1,90,0,1,24),(218,24,0.00,0,0,'09:00:00','19:00:00',1,1,90,0,1,24),(219,24,0.00,0,0,'09:00:00','19:00:00',1,1,90,0,1,24),(220,24,0.00,0,0,'09:00:00','19:00:00',1,1,90,0,1,24),(221,24,0.00,0,0,'09:00:00','19:00:00',1,1,90,0,1,24),(222,24,0.00,0,0,'09:00:00','19:00:00',1,1,90,0,1,24);
/*!40000 ALTER TABLE `salon_settings` ENABLE KEYS */;
UNLOCK TABLES;

--
-- Table structure for table `salons`
--

DROP TABLE IF EXISTS `salons`;
/*!40101 SET @saved_cs_client     = @@character_set_client */;
/*!50503 SET character_set_client = utf8mb4 */;
CREATE TABLE `salons` (
  `id` bigint unsigned NOT NULL AUTO_INCREMENT,
  `owner_id` bigint unsigned NOT NULL,
  `name` varchar(255) NOT NULL,
  `description` text,
  `phone` varchar(30) DEFAULT NULL,
  `email` varchar(255) DEFAULT NULL,
  `address` text,
  `city` varchar(100) DEFAULT NULL,
  `country` varchar(100) DEFAULT NULL,
  `latitude` decimal(10,7) DEFAULT NULL,
  `longitude` decimal(10,7) DEFAULT NULL,
  `is_marketplace_enabled` tinyint(1) NOT NULL DEFAULT '0',
  `created_at` datetime NOT NULL DEFAULT CURRENT_TIMESTAMP,
  `is_active` tinyint(1) NOT NULL DEFAULT '1',
  `timezone` varchar(50) DEFAULT 'Europe/Paris',
  `currency` varchar(3) DEFAULT 'EUR',
  `logo_url` varchar(500) DEFAULT NULL,
  `cover_image_url` varchar(500) DEFAULT NULL,
  `website` varchar(255) DEFAULT NULL,
  `price_level` tinyint DEFAULT '2',
  `category` varchar(100) DEFAULT 'Hair Salon',
  `state` varchar(100) DEFAULT NULL,
  `postal_code` varchar(20) DEFAULT NULL,
  `status` varchar(20) DEFAULT 'active',
  `deleted_at` datetime DEFAULT NULL,
  `deleted_by` bigint unsigned DEFAULT NULL,
  PRIMARY KEY (`id`),
  KEY `idx_salons_owner_id` (`owner_id`),
  KEY `idx_salons_marketplace_city` (`is_marketplace_enabled`,`city`),
  KEY `idx_salons_geo` (`latitude`,`longitude`),
  KEY `idx_salons_marketplace` (`status`,`is_marketplace_enabled`),
  KEY `idx_salons_category` (`category`),
  KEY `idx_salons_city` (`city`),
  KEY `idx_salons_deleted` (`deleted_at`),
  KEY `fk_salons_deleted_by` (`deleted_by`),
  CONSTRAINT `fk_salons_deleted_by` FOREIGN KEY (`deleted_by`) REFERENCES `users` (`id`) ON DELETE SET NULL,
  CONSTRAINT `fk_salons_owner` FOREIGN KEY (`owner_id`) REFERENCES `users` (`id`) ON DELETE RESTRICT ON UPDATE CASCADE
) ENGINE=InnoDB AUTO_INCREMENT=223 DEFAULT CHARSET=utf8mb4 COLLATE=utf8mb4_0900_ai_ci;
/*!40101 SET character_set_client = @saved_cs_client */;

--
-- Dumping data for table `salons`
--

LOCK TABLES `salons` WRITE;
/*!40000 ALTER TABLE `salons` DISABLE KEYS */;
INSERT INTO `salons` VALUES (163,179,'Luxe Hair Studio','Premium hair salon specializing in modern cuts, coloring, and styling. Our expert stylists stay current with the latest trends and techniques.','+33 1 42 86 82 00','contact@luxehairstudio.fr','15 Rue de Rivoli','Paris','France',48.8566000,2.3522000,1,'2026-01-12 17:25:53',1,'Europe/Paris','EUR',NULL,NULL,NULL,2,'Hair Salon',NULL,NULL,'active',NULL,NULL),(164,180,'Bella Nails & Spa','Full-service nail salon and spa offering manicures, pedicures, and relaxing treatments in a luxurious environment.','+33 1 45 48 55 26','info@bellanails.fr','28 Avenue des Champs-Ă‰lysĂ©es','Paris','France',48.8698000,2.3078000,1,'2026-01-12 17:25:53',1,'Europe/Paris','EUR',NULL,NULL,NULL,2,'Hair Salon',NULL,NULL,'active',NULL,NULL),(165,181,'The Barber Shop','Traditional barbershop with a modern twist. Expert cuts, hot towel shaves, and grooming services for the modern gentleman.','+33 1 42 77 76 17','hello@thebarbershop.fr','45 Rue du Faubourg Saint-Antoine','Paris','France',48.8534000,2.3735000,1,'2026-01-12 17:25:53',1,'Europe/Paris','EUR',NULL,NULL,NULL,2,'Hair Salon',NULL,NULL,'active',NULL,NULL),(166,182,'Glow Beauty Bar','Your destination for facials, waxing, lash extensions, and makeup services. We help you look and feel your best.','+33 1 43 26 48 23','contact@glowbeauty.fr','12 Boulevard Saint-Germain','Paris','France',48.8529000,2.3499000,1,'2026-01-12 17:25:53',1,'Europe/Paris','EUR',NULL,NULL,NULL,2,'Hair Salon',NULL,NULL,'active',NULL,NULL),(167,183,'Serenity Spa','Escape to tranquility with our massage therapy, body treatments, and wellness services. Your urban oasis awaits.','+33 1 42 60 34 86','info@serenityspa.fr','8 Rue de la Paix','Paris','France',48.8692000,2.3311000,1,'2026-01-12 17:25:53',1,'Europe/Paris','EUR',NULL,NULL,NULL,2,'Hair Salon',NULL,NULL,'active',NULL,NULL),(168,184,'Studio 54 Salon','Trendy salon offering cutting-edge hair services, balayage, and hair treatments. Walk-ins welcome!','+33 1 48 87 63 42','booking@studio54salon.fr','54 Rue de Charonne','Paris','France',48.8533000,2.3816000,1,'2026-01-12 17:25:53',1,'Europe/Paris','EUR',NULL,NULL,NULL,2,'Hair Salon',NULL,NULL,'active',NULL,NULL),(169,188,'E2E Staff Test 1768737301684',NULL,'+1 555 123 4567','contact@example.com','123 Main St','Testville','US',NULL,NULL,1,'2026-01-18 12:55:01',1,'Europe/Paris','EUR',NULL,NULL,NULL,2,'Hair Salon',NULL,NULL,'active',NULL,NULL),(170,189,'E2E Staff Test 1768737342038',NULL,'+1 555 123 4567','contact@example.com','123 Main St','Testville','US',NULL,NULL,1,'2026-01-18 12:55:42',1,'Europe/Paris','EUR',NULL,NULL,NULL,2,'Hair Salon',NULL,NULL,'active',NULL,NULL),(171,191,'E2E Staff Test 1768737370767',NULL,'+1 555 123 4567','contact@example.com','123 Main St','Testville','US',NULL,NULL,1,'2026-01-18 12:56:10',1,'Europe/Paris','EUR',NULL,NULL,NULL,2,'Hair Salon',NULL,NULL,'active',NULL,NULL),(172,192,'E2E Staff Test 1768737440575',NULL,'+1 555 123 4567','contact@example.com','123 Main St','Testville','US',NULL,NULL,1,'2026-01-18 12:57:20',1,'Europe/Paris','EUR',NULL,NULL,NULL,2,'Hair Salon',NULL,NULL,'active',NULL,NULL),(173,193,'E2E Staff Test 1768737800404',NULL,'+1 555 123 4567','contact@example.com','123 Main St','Testville','US',NULL,NULL,1,'2026-01-18 13:03:20',1,'Europe/Paris','EUR',NULL,NULL,NULL,2,'Hair Salon',NULL,NULL,'active',NULL,NULL),(174,196,'Wizard Test 1768739244739',NULL,'+1 555 123 4567','contact@example.com','123 Main St','Testville','US',NULL,NULL,1,'2026-01-18 13:27:24',1,'Europe/Paris','EUR',NULL,NULL,NULL,2,'Hair Salon',NULL,NULL,'active',NULL,NULL),(175,197,'Nav Test 1768739304283',NULL,'+1 555 123 4567','contact@example.com','123 Main St','Testville','US',NULL,NULL,1,'2026-01-18 13:28:24',1,'Europe/Paris','EUR',NULL,NULL,NULL,2,'Hair Salon',NULL,NULL,'active',NULL,NULL),(176,198,'Wizard Test 1768739304278',NULL,'+1 555 123 4567','contact@example.com','123 Main St','Testville','US',NULL,NULL,1,'2026-01-18 13:28:24',1,'Europe/Paris','EUR',NULL,NULL,NULL,2,'Hair Salon',NULL,NULL,'active',NULL,NULL),(177,199,'Wizard Test 1768739364083',NULL,'+1 555 123 4567','contact@example.com','123 Main St','Testville','US',NULL,NULL,1,'2026-01-18 13:29:24',1,'Europe/Paris','EUR',NULL,NULL,NULL,2,'Hair Salon',NULL,NULL,'active',NULL,NULL),(178,201,'Nav Test 1768739373921',NULL,'+1 555 123 4567','contact@example.com','123 Main St','Testville','US',NULL,NULL,1,'2026-01-18 13:29:33',1,'Europe/Paris','EUR',NULL,NULL,NULL,2,'Hair Salon',NULL,NULL,'active',NULL,NULL),(179,202,'Wizard Test 1768739373923',NULL,'+1 555 123 4567','contact@example.com','123 Main St','Testville','US',NULL,NULL,1,'2026-01-18 13:29:33',1,'Europe/Paris','EUR',NULL,NULL,NULL,2,'Hair Salon',NULL,NULL,'active',NULL,NULL),(180,205,'Nav Test 1768739639971',NULL,'+1 555 123 4567','contact@example.com','123 Main St','Testville','US',NULL,NULL,1,'2026-01-18 13:34:00',1,'Europe/Paris','EUR',NULL,NULL,NULL,2,'Hair Salon',NULL,NULL,'active',NULL,NULL),(181,204,'Wizard Test 1768739639971',NULL,'+1 555 123 4567','contact@example.com','123 Main St','Testville','US',NULL,NULL,1,'2026-01-18 13:34:00',1,'Europe/Paris','EUR',NULL,NULL,NULL,2,'Hair Salon',NULL,NULL,'active',NULL,NULL),(182,248,'My Test Salon',NULL,NULL,NULL,'123 Test St','Testville','USA',NULL,NULL,1,'2026-01-19 13:34:14',1,'Europe/Paris','EUR',NULL,NULL,NULL,2,'Hair Salon',NULL,NULL,'active',NULL,NULL),(183,250,'E2E Calendar Test 1768826067753',NULL,'+1 555 123 4567','contact@example.com','123 Main St','Testville','US',NULL,NULL,1,'2026-01-19 13:34:27',1,'Europe/Paris','EUR',NULL,NULL,NULL,2,'Hair Salon',NULL,NULL,'active',NULL,NULL),(184,254,'E2E Staff Test 1768826070246',NULL,'+1 555 123 4567','contact@example.com','123 Main St','Testville','US',NULL,NULL,1,'2026-01-19 13:34:30',1,'Europe/Paris','EUR',NULL,NULL,NULL,2,'Hair Salon',NULL,NULL,'active',NULL,NULL),(185,253,'E2E Services Test 1768826070245',NULL,'+1 555 123 4567','contact@example.com','123 Main St','Testville','US',NULL,NULL,1,'2026-01-19 13:34:30',1,'Europe/Paris','EUR',NULL,NULL,NULL,2,'Hair Salon',NULL,NULL,'active',NULL,NULL),(186,256,'Wizard Test 1768826070263',NULL,'+1 555 123 4567','contact@example.com','123 Main St','Testville','US',NULL,NULL,1,'2026-01-19 13:34:30',1,'Europe/Paris','EUR',NULL,NULL,NULL,2,'Hair Salon',NULL,NULL,'active',NULL,NULL),(187,257,'Nav Test 1768826070798',NULL,'+1 555 123 4567','contact@example.com','123 Main St','Testville','US',NULL,NULL,1,'2026-01-19 13:34:30',1,'Europe/Paris','EUR',NULL,NULL,NULL,2,'Hair Salon',NULL,NULL,'active',NULL,NULL),(188,258,'My Test Salon',NULL,NULL,NULL,'123 Test St','Testville','USA',NULL,NULL,1,'2026-01-19 13:36:05',1,'Europe/Paris','EUR',NULL,NULL,NULL,2,'Hair Salon',NULL,NULL,'active',NULL,NULL),(189,261,'E2E Calendar Test 1768826176531',NULL,'+1 555 123 4567','contact@example.com','123 Main St','Testville','US',NULL,NULL,1,'2026-01-19 13:36:16',1,'Europe/Paris','EUR',NULL,NULL,NULL,2,'Hair Salon',NULL,NULL,'active',NULL,NULL),(190,266,'E2E Services Test 1768826179924',NULL,'+1 555 123 4567','contact@example.com','123 Main St','Testville','US',NULL,NULL,1,'2026-01-19 13:36:19',1,'Europe/Paris','EUR',NULL,NULL,NULL,2,'Hair Salon',NULL,NULL,'active',NULL,NULL),(191,268,'Wizard Test 1768826180085',NULL,'+1 555 123 4567','contact@example.com','123 Main St','Testville','US',NULL,NULL,1,'2026-01-19 13:36:20',1,'Europe/Paris','EUR',NULL,NULL,NULL,2,'Hair Salon',NULL,NULL,'active',NULL,NULL),(192,267,'E2E Staff Test 1768826180096',NULL,'+1 555 123 4567','contact@example.com','123 Main St','Testville','US',NULL,NULL,1,'2026-01-19 13:36:20',1,'Europe/Paris','EUR',NULL,NULL,NULL,2,'Hair Salon',NULL,NULL,'active',NULL,NULL),(193,269,'Nav Test 1768826180153',NULL,'+1 555 123 4567','contact@example.com','123 Main St','Testville','US',NULL,NULL,1,'2026-01-19 13:36:20',1,'Europe/Paris','EUR',NULL,NULL,NULL,2,'Hair Salon',NULL,NULL,'active',NULL,NULL),(194,273,'Wizard Test 1768830182166',NULL,'+1 555 123 4567','contact@example.com','123 Main St','Testville','US',NULL,NULL,1,'2026-01-19 14:43:02',1,'Europe/Paris','EUR',NULL,NULL,NULL,2,'Hair Salon',NULL,NULL,'active',NULL,NULL),(195,272,'Nav Test 1768830182164',NULL,'+1 555 123 4567','contact@example.com','123 Main St','Testville','US',NULL,NULL,1,'2026-01-19 14:43:02',1,'Europe/Paris','EUR',NULL,NULL,NULL,2,'Hair Salon',NULL,NULL,'active',NULL,NULL),(196,271,'E2E Staff Test 1768830182237',NULL,'+1 555 123 4567','contact@example.com','123 Main St','Testville','US',NULL,NULL,1,'2026-01-19 14:43:02',1,'Europe/Paris','EUR',NULL,NULL,NULL,2,'Hair Salon',NULL,NULL,'active',NULL,NULL),(197,277,'Wizard Test 1768830241276',NULL,'+1 555 123 4567','contact@example.com','123 Main St','Testville','US',NULL,NULL,1,'2026-01-19 14:44:01',1,'Europe/Paris','EUR',NULL,NULL,NULL,2,'Hair Salon',NULL,NULL,'active',NULL,NULL),(198,276,'Nav Test 1768830241277',NULL,'+1 555 123 4567','contact@example.com','123 Main St','Testville','US',NULL,NULL,1,'2026-01-19 14:44:01',1,'Europe/Paris','EUR',NULL,NULL,NULL,2,'Hair Salon',NULL,NULL,'active',NULL,NULL),(199,279,'My Test Salon',NULL,NULL,NULL,'123 Test St','Testville','USA',NULL,NULL,1,'2026-01-19 14:44:56',1,'Europe/Paris','EUR',NULL,NULL,NULL,2,'Hair Salon',NULL,NULL,'active',NULL,NULL),(200,282,'E2E Calendar Test 1768830310296',NULL,'+1 555 123 4567','contact@example.com','123 Main St','Testville','US',NULL,NULL,1,'2026-01-19 14:45:10',1,'Europe/Paris','EUR',NULL,NULL,NULL,2,'Hair Salon',NULL,NULL,'active',NULL,NULL),(201,284,'E2E Services Test 1768830313078',NULL,'+1 555 123 4567','contact@example.com','123 Main St','Testville','US',NULL,NULL,1,'2026-01-19 14:45:13',1,'Europe/Paris','EUR',NULL,NULL,NULL,2,'Hair Salon',NULL,NULL,'active',NULL,NULL),(202,287,'Nav Test 1768830313081',NULL,'+1 555 123 4567','contact@example.com','123 Main St','Testville','US',NULL,NULL,1,'2026-01-19 14:45:13',1,'Europe/Paris','EUR',NULL,NULL,NULL,2,'Hair Salon',NULL,NULL,'active',NULL,NULL),(203,285,'E2E Staff Test 1768830313156',NULL,'+1 555 123 4567','contact@example.com','123 Main St','Testville','US',NULL,NULL,1,'2026-01-19 14:45:13',1,'Europe/Paris','EUR',NULL,NULL,NULL,2,'Hair Salon',NULL,NULL,'active',NULL,NULL),(204,288,'My Test Salon',NULL,NULL,NULL,'123 Test St','Testville','USA',NULL,NULL,1,'2026-01-19 14:45:41',1,'Europe/Paris','EUR',NULL,NULL,NULL,2,'Hair Salon',NULL,NULL,'active',NULL,NULL),(205,291,'E2E Calendar Test 1768830354801',NULL,'+1 555 123 4567','contact@example.com','123 Main St','Testville','US',NULL,NULL,1,'2026-01-19 14:45:54',1,'Europe/Paris','EUR',NULL,NULL,NULL,2,'Hair Salon',NULL,NULL,'active',NULL,NULL),(206,293,'E2E Services Test 1768830356716',NULL,'+1 555 123 4567','contact@example.com','123 Main St','Testville','US',NULL,NULL,1,'2026-01-19 14:45:56',1,'Europe/Paris','EUR',NULL,NULL,NULL,2,'Hair Salon',NULL,NULL,'active',NULL,NULL),(207,296,'My Test Salon',NULL,NULL,NULL,'123 Test St','Testville','USA',NULL,NULL,1,'2026-01-19 14:47:27',1,'Europe/Paris','EUR',NULL,NULL,NULL,2,'Hair Salon',NULL,NULL,'active',NULL,NULL),(208,297,'E2E Calendar Test 1768830459989',NULL,'+1 555 123 4567','contact@example.com','123 Main St','Testville','US',NULL,NULL,1,'2026-01-19 14:47:40',1,'Europe/Paris','EUR',NULL,NULL,NULL,2,'Hair Salon',NULL,NULL,'active',NULL,NULL),(209,299,'E2E Services Test 1768830461623',NULL,'+1 555 123 4567','contact@example.com','123 Main St','Testville','US',NULL,NULL,1,'2026-01-19 14:47:41',1,'Europe/Paris','EUR',NULL,NULL,NULL,2,'Hair Salon',NULL,NULL,'active',NULL,NULL),(210,397,'Test Salon 707297',NULL,'555-0100','salon707297@test.com','123 Test St','Test City','US',NULL,NULL,1,'2026-01-21 10:56:21',1,'Europe/Paris','EUR',NULL,NULL,NULL,2,'Hair Salon',NULL,NULL,'active',NULL,NULL),(211,398,'Test Salon 132085',NULL,'555-0100','salon132085@test.com','123 Test St','Test City','US',NULL,NULL,1,'2026-01-21 10:56:21',1,'Europe/Paris','EUR',NULL,NULL,NULL,2,'Hair Salon',NULL,NULL,'active',NULL,NULL),(212,401,'Test Salon 284751',NULL,'555-0100','salon284751@test.com','123 Test St','Test City','US',NULL,NULL,1,'2026-01-21 10:56:22',1,'Europe/Paris','EUR',NULL,NULL,NULL,2,'Hair Salon',NULL,NULL,'active',NULL,NULL),(213,403,'Test Salon 400698',NULL,'555-0100','salon400698@test.com','123 Test St','Test City','US',NULL,NULL,1,'2026-01-21 10:56:23',1,'Europe/Paris','EUR',NULL,NULL,NULL,2,'Hair Salon',NULL,NULL,'active',NULL,NULL),(214,406,'Test Salon 811751',NULL,'555-0100','salon811751@test.com','123 Test St','Test City','US',NULL,NULL,1,'2026-01-21 10:56:23',1,'Europe/Paris','EUR',NULL,NULL,NULL,2,'Hair Salon',NULL,NULL,'active',NULL,NULL),(215,409,'Test Salon 109771',NULL,'555-0100','salon109771@test.com','123 Test St','Test City','US',NULL,NULL,1,'2026-01-21 10:56:24',1,'Europe/Paris','EUR',NULL,NULL,NULL,2,'Hair Salon',NULL,NULL,'active',NULL,NULL),(216,413,'Test Salon 348675',NULL,'555-0100','salon348675@test.com','123 Test St','Test City','US',NULL,NULL,1,'2026-01-21 10:56:25',1,'Europe/Paris','EUR',NULL,NULL,NULL,2,'Hair Salon',NULL,NULL,'active',NULL,NULL),(217,415,'Test Salon 271272',NULL,'555-0100','salon271272@test.com','123 Test St','Test City','US',NULL,NULL,1,'2026-01-21 10:56:25',1,'Europe/Paris','EUR',NULL,NULL,NULL,2,'Hair Salon',NULL,NULL,'active',NULL,NULL),(218,420,'Test Salon 191365',NULL,'555-0100','salon191365@test.com','123 Test St','Test City','US',NULL,NULL,1,'2026-01-21 10:56:26',1,'Europe/Paris','EUR',NULL,NULL,NULL,2,'Hair Salon',NULL,NULL,'active',NULL,NULL),(219,421,'Test Salon 781531',NULL,'555-0100','salon781531@test.com','123 Test St','Test City','US',NULL,NULL,1,'2026-01-21 10:56:26',1,'Europe/Paris','EUR',NULL,NULL,NULL,2,'Hair Salon',NULL,NULL,'active',NULL,NULL),(220,425,'Test Salon 242712',NULL,'555-0100','salon242712@test.com','123 Test St','Test City','US',NULL,NULL,1,'2026-01-21 10:56:27',1,'Europe/Paris','EUR',NULL,NULL,NULL,2,'Hair Salon',NULL,NULL,'active',NULL,NULL),(221,427,'Test Salon 512520',NULL,'555-0100','salon512520@test.com','123 Test St','Test City','US',NULL,NULL,1,'2026-01-21 10:56:28',1,'Europe/Paris','EUR',NULL,NULL,NULL,2,'Hair Salon',NULL,NULL,'active',NULL,NULL),(222,179,'Moulahoum Brahim',NULL,'+213562105687','dofus-bhmx@live.fr','Cooperative Essada villa 71','Algiers','Algeria',NULL,NULL,0,'2026-02-19 13:47:35',0,'Europe/Paris','EUR',NULL,NULL,NULL,2,'Hair Salon',NULL,NULL,'deleted','2026-02-19 16:05:49',179);
/*!40000 ALTER TABLE `salons` ENABLE KEYS */;
UNLOCK TABLES;

--
-- Table structure for table `service_categories`
--

DROP TABLE IF EXISTS `service_categories`;
/*!40101 SET @saved_cs_client     = @@character_set_client */;
/*!50503 SET character_set_client = utf8mb4 */;
CREATE TABLE `service_categories` (
  `id` bigint unsigned NOT NULL AUTO_INCREMENT,
  `salon_id` bigint unsigned NOT NULL,
  `name` varchar(100) NOT NULL,
  `display_order` int DEFAULT '0',
  PRIMARY KEY (`id`),
  UNIQUE KEY `uq_service_categories` (`salon_id`,`name`),
  KEY `idx_service_categories_salon_id` (`salon_id`),
  CONSTRAINT `fk_service_categories_salon` FOREIGN KEY (`salon_id`) REFERENCES `salons` (`id`) ON DELETE CASCADE ON UPDATE CASCADE
) ENGINE=InnoDB AUTO_INCREMENT=45 DEFAULT CHARSET=utf8mb4 COLLATE=utf8mb4_0900_ai_ci;
/*!40101 SET character_set_client = @saved_cs_client */;

--
-- Dumping data for table `service_categories`
--

LOCK TABLES `service_categories` WRITE;
/*!40000 ALTER TABLE `service_categories` DISABLE KEYS */;
INSERT INTO `service_categories` VALUES (21,163,'Hair Cuts',1),(22,163,'Hair Color',2),(23,163,'Hair Treatments',3),(24,164,'Manicures',1),(25,164,'Pedicures',2),(26,164,'Spa Services',3),(27,165,'Haircuts',1),(28,165,'Shaving',2),(29,165,'Grooming',3),(30,166,'Facials',1),(31,166,'Waxing',2),(32,166,'Lashes & Brows',3),(33,167,'Massage',1),(34,167,'Body Treatments',2),(35,167,'Wellness',3),(36,168,'Cuts & Styling',1),(37,168,'Color Services',2),(38,168,'Treatments',3),(39,190,'Haircuts',0),(40,201,'Haircuts',0),(41,206,'Haircuts',0),(42,209,'Haircuts',0),(44,163,'Test category',0);
/*!40000 ALTER TABLE `service_categories` ENABLE KEYS */;
UNLOCK TABLES;

--
-- Table structure for table `service_staff`
--

DROP TABLE IF EXISTS `service_staff`;
/*!40101 SET @saved_cs_client     = @@character_set_client */;
/*!50503 SET character_set_client = utf8mb4 */;
CREATE TABLE `service_staff` (
  `service_id` bigint unsigned NOT NULL,
  `staff_id` bigint unsigned NOT NULL,
  PRIMARY KEY (`service_id`,`staff_id`),
  KEY `idx_service_staff_staff_id` (`staff_id`),
  KEY `idx_service_staff_service` (`service_id`,`staff_id`),
  KEY `idx_service_staff_staff` (`staff_id`),
  CONSTRAINT `fk_service_staff_service` FOREIGN KEY (`service_id`) REFERENCES `services` (`id`) ON DELETE CASCADE ON UPDATE CASCADE,
  CONSTRAINT `fk_service_staff_staff` FOREIGN KEY (`staff_id`) REFERENCES `staff` (`id`) ON DELETE CASCADE ON UPDATE CASCADE
) ENGINE=InnoDB DEFAULT CHARSET=utf8mb4 COLLATE=utf8mb4_0900_ai_ci;
/*!40101 SET character_set_client = @saved_cs_client */;

--
-- Dumping data for table `service_staff`
--

LOCK TABLES `service_staff` WRITE;
/*!40000 ALTER TABLE `service_staff` DISABLE KEYS */;
INSERT INTO `service_staff` VALUES (35,9),(36,9),(61,9),(38,13),(39,13),(61,13),(61,14);
/*!40000 ALTER TABLE `service_staff` ENABLE KEYS */;
UNLOCK TABLES;

--
-- Table structure for table `services`
--

DROP TABLE IF EXISTS `services`;
/*!40101 SET @saved_cs_client     = @@character_set_client */;
/*!50503 SET character_set_client = utf8mb4 */;
CREATE TABLE `services` (
  `id` bigint unsigned NOT NULL AUTO_INCREMENT,
  `salon_id` bigint unsigned NOT NULL,
  `category_id` bigint unsigned DEFAULT NULL,
  `name` varchar(255) NOT NULL,
  `duration_minutes` int NOT NULL,
  `price` decimal(10,2) NOT NULL,
  `is_active` tinyint(1) NOT NULL DEFAULT '1',
  `description` text,
  `buffer_time_minutes` int DEFAULT '0',
  `display_order` int DEFAULT '0',
  `deleted_at` datetime DEFAULT NULL,
  `is_popular` tinyint(1) DEFAULT '0',
  PRIMARY KEY (`id`),
  KEY `idx_services_salon_id` (`salon_id`),
  KEY `idx_services_category_id` (`category_id`),
  KEY `idx_services_salon_active` (`salon_id`,`is_active`),
  KEY `idx_services_salon_active_name` (`salon_id`,`is_active`,`name`),
  CONSTRAINT `fk_services_category` FOREIGN KEY (`category_id`) REFERENCES `service_categories` (`id`) ON DELETE SET NULL ON UPDATE CASCADE,
  CONSTRAINT `fk_services_salon` FOREIGN KEY (`salon_id`) REFERENCES `salons` (`id`) ON DELETE CASCADE ON UPDATE CASCADE
) ENGINE=InnoDB AUTO_INCREMENT=62 DEFAULT CHARSET=utf8mb4 COLLATE=utf8mb4_0900_ai_ci;
/*!40101 SET character_set_client = @saved_cs_client */;

--
-- Dumping data for table `services`
--

LOCK TABLES `services` WRITE;
/*!40000 ALTER TABLE `services` DISABLE KEYS */;
INSERT INTO `services` VALUES (32,163,21,'Women\'s Haircut',60,75.00,1,NULL,0,0,NULL,1),(33,163,21,'Men\'s Haircut',45,55.00,1,NULL,0,0,NULL,1),(34,163,21,'Bang Trim',15,20.00,1,NULL,0,0,NULL,0),(35,163,22,'Full Color',120,150.00,1,NULL,0,0,NULL,1),(36,163,22,'Balayage',180,250.00,1,NULL,0,0,NULL,1),(37,163,22,'Root Touch-Up',90,95.00,1,NULL,0,0,NULL,0),(38,163,23,'Deep Conditioning',30,45.00,1,NULL,0,0,NULL,0),(39,163,23,'Keratin Treatment',150,300.00,1,NULL,0,0,NULL,1),(40,164,24,'Classic Manicure',45,35.00,1,NULL,0,0,NULL,1),(41,164,24,'Gel Manicure',60,55.00,1,NULL,0,0,NULL,1),(42,164,24,'Acrylic Full Set',90,75.00,1,NULL,0,0,NULL,1),(43,164,25,'Classic Pedicure',60,45.00,1,NULL,0,0,NULL,1),(44,164,25,'Spa Pedicure',75,65.00,1,NULL,0,0,NULL,1),(45,164,25,'Deluxe Pedicure',90,85.00,1,NULL,0,0,NULL,0),(46,164,26,'Paraffin Treatment',30,25.00,1,NULL,0,0,NULL,0),(47,164,26,'Hand & Foot Massage',30,40.00,1,NULL,0,0,NULL,0),(48,165,27,'Classic Cut',45,45.00,1,NULL,0,0,NULL,1),(49,165,27,'Fade Haircut',60,55.00,1,NULL,0,0,NULL,1),(50,165,27,'Buzz Cut',30,35.00,1,NULL,0,0,NULL,0),(51,165,28,'Hot Towel Shave',45,50.00,1,NULL,0,0,NULL,1),(52,165,28,'Beard Trim',30,30.00,1,NULL,0,0,NULL,1),(53,165,29,'Beard Shaping',45,40.00,1,NULL,0,0,NULL,0),(54,165,29,'Hair & Beard Combo',75,75.00,1,NULL,0,0,NULL,1),(55,190,39,'Basic Cut',30,25.00,1,NULL,0,0,NULL,0),(56,201,40,'Basic Cut',30,25.00,1,NULL,0,0,NULL,0),(57,206,41,'Basic Cut',30,25.00,1,NULL,0,0,NULL,0),(58,209,42,'Basic Cut',30,25.00,1,NULL,0,0,NULL,0),(61,163,NULL,'test',60,200.00,1,'a',0,0,NULL,0);
/*!40000 ALTER TABLE `services` ENABLE KEYS */;
UNLOCK TABLES;

--
-- Table structure for table `staff`
--

DROP TABLE IF EXISTS `staff`;
/*!40101 SET @saved_cs_client     = @@character_set_client */;
/*!50503 SET character_set_client = utf8mb4 */;
CREATE TABLE `staff` (
  `id` bigint unsigned NOT NULL AUTO_INCREMENT,
  `salon_id` bigint unsigned NOT NULL,
  `user_id` bigint unsigned NOT NULL,
  `first_name` varchar(100) DEFAULT NULL,
  `last_name` varchar(100) DEFAULT NULL,
  `role` enum('staff','manager','owner','receptionist') NOT NULL DEFAULT 'staff',
  `is_active` tinyint(1) NOT NULL DEFAULT '1',
  `bio` text,
  `avatar_url` varchar(500) DEFAULT NULL,
  `color` varchar(7) DEFAULT '#3B82F6',
  `display_order` int DEFAULT '0',
  `title` varchar(100) DEFAULT NULL,
  `phone_secondary` varchar(20) DEFAULT NULL,
  `country` varchar(100) DEFAULT NULL,
  `birthday` date DEFAULT NULL,
  `start_date` date DEFAULT NULL,
  `end_date` date DEFAULT NULL,
  `employment_type` enum('employee','self_employed') DEFAULT 'employee',
  `notes` text,
  `is_visible` tinyint(1) DEFAULT '1',
  `created_at` datetime DEFAULT CURRENT_TIMESTAMP,
  `updated_at` datetime DEFAULT CURRENT_TIMESTAMP ON UPDATE CURRENT_TIMESTAMP,
  PRIMARY KEY (`id`),
  UNIQUE KEY `uq_staff_salon_user` (`salon_id`,`user_id`),
  UNIQUE KEY `uq_staff_user_salon` (`user_id`,`salon_id`),
  KEY `idx_staff_salon_id` (`salon_id`),
  KEY `idx_staff_user_id` (`user_id`),
  KEY `idx_staff_visible` (`salon_id`,`is_active`,`is_visible`),
  KEY `idx_staff_salon_role_active` (`salon_id`,`role`,`is_active`),
  KEY `idx_staff_user_active` (`user_id`,`is_active`),
  CONSTRAINT `fk_staff_salon` FOREIGN KEY (`salon_id`) REFERENCES `salons` (`id`) ON DELETE CASCADE ON UPDATE CASCADE,
  CONSTRAINT `fk_staff_user` FOREIGN KEY (`user_id`) REFERENCES `users` (`id`) ON DELETE RESTRICT ON UPDATE CASCADE
) ENGINE=InnoDB AUTO_INCREMENT=80 DEFAULT CHARSET=utf8mb4 COLLATE=utf8mb4_0900_ai_ci;
/*!40101 SET character_set_client = @saved_cs_client */;

--
-- Dumping data for table `staff`
--

LOCK TABLES `staff` WRITE;
/*!40000 ALTER TABLE `staff` DISABLE KEYS */;
INSERT INTO `staff` VALUES (5,170,190,NULL,NULL,'staff',1,'Experienced hair stylist',NULL,'#3B82F6',0,'Senior Stylist',NULL,NULL,NULL,NULL,NULL,'employee',NULL,1,'2026-01-19 13:35:56','2026-01-19 13:35:56'),(6,171,190,NULL,NULL,'staff',1,'Experienced hair stylist',NULL,'#3B82F6',0,'Senior Stylist',NULL,NULL,NULL,NULL,NULL,'employee',NULL,1,'2026-01-19 13:35:56','2026-01-19 13:35:56'),(7,172,190,NULL,NULL,'staff',1,'Experienced hair stylist',NULL,'#3B82F6',0,'Senior Stylist',NULL,NULL,NULL,NULL,NULL,'employee',NULL,1,'2026-01-19 13:35:56','2026-01-19 13:35:56'),(8,173,190,NULL,NULL,'staff',1,'Experienced hair stylist',NULL,'#3B82F6',0,'Senior Stylist',NULL,NULL,NULL,NULL,NULL,'employee',NULL,1,'2026-01-19 13:35:56','2026-01-19 13:35:56'),(9,163,194,'brahimz','moulahoumz','staff',1,NULL,NULL,'#a855f7',0,'koulch',NULL,NULL,NULL,NULL,NULL,'employee',NULL,1,'2026-01-19 13:35:56','2026-01-21 14:13:53'),(10,177,200,NULL,NULL,'staff',1,'Experienced stylist specializing in color',NULL,'#3B82F6',0,NULL,'+1 555 444 5555','United States',NULL,NULL,NULL,'employee',NULL,1,'2026-01-19 13:35:56','2026-01-19 13:35:56'),(11,179,203,NULL,NULL,'staff',1,'Experienced stylist specializing in color',NULL,'#3B82F6',0,NULL,'+1 555 444 5555','United States',NULL,NULL,NULL,'employee',NULL,1,'2026-01-19 13:35:56','2026-01-19 13:35:56'),(12,181,206,NULL,NULL,'staff',1,'Experienced stylist specializing in color',NULL,'#3B82F6',0,NULL,'+1 555 444 5555','United States',NULL,NULL,NULL,'employee',NULL,1,'2026-01-19 13:35:56','2026-01-19 13:35:56'),(13,163,207,'moukdad','zandav','staff',1,NULL,NULL,'#ec4899',0,'hafaf',NULL,NULL,'2024-06-07',NULL,NULL,'employee',NULL,1,'2026-01-19 13:35:56','2026-01-21 14:14:02'),(14,163,179,'John','Smith','owner',1,NULL,NULL,'#3B82F6',0,'Owner',NULL,NULL,NULL,NULL,NULL,'employee',NULL,1,'2026-01-19 13:35:56','2026-01-21 14:04:54'),(15,164,180,NULL,NULL,'owner',1,NULL,NULL,'#3B82F6',0,'Owner',NULL,NULL,NULL,NULL,NULL,'employee',NULL,1,'2026-01-19 13:35:56','2026-01-19 13:35:56'),(16,165,181,NULL,NULL,'owner',1,NULL,NULL,'#3B82F6',0,'Owner',NULL,NULL,NULL,NULL,NULL,'employee',NULL,1,'2026-01-19 13:35:56','2026-01-19 13:35:56'),(17,166,182,NULL,NULL,'owner',1,NULL,NULL,'#3B82F6',0,'Owner',NULL,NULL,NULL,NULL,NULL,'employee',NULL,1,'2026-01-19 13:35:56','2026-01-19 13:35:56'),(18,167,183,NULL,NULL,'owner',1,NULL,NULL,'#3B82F6',0,'Owner',NULL,NULL,NULL,NULL,NULL,'employee',NULL,1,'2026-01-19 13:35:56','2026-01-19 13:35:56'),(19,168,184,NULL,NULL,'owner',1,NULL,NULL,'#3B82F6',0,'Owner',NULL,NULL,NULL,NULL,NULL,'employee',NULL,1,'2026-01-19 13:35:56','2026-01-19 13:35:56'),(20,169,188,NULL,NULL,'owner',1,NULL,NULL,'#3B82F6',0,'Owner',NULL,NULL,NULL,NULL,NULL,'employee',NULL,1,'2026-01-19 13:35:56','2026-01-19 13:35:56'),(21,170,189,NULL,NULL,'owner',1,NULL,NULL,'#3B82F6',0,'Owner',NULL,NULL,NULL,NULL,NULL,'employee',NULL,1,'2026-01-19 13:35:56','2026-01-19 13:35:56'),(22,171,191,NULL,NULL,'owner',1,NULL,NULL,'#3B82F6',0,'Owner',NULL,NULL,NULL,NULL,NULL,'employee',NULL,1,'2026-01-19 13:35:56','2026-01-19 13:35:56'),(23,172,192,NULL,NULL,'owner',1,NULL,NULL,'#3B82F6',0,'Owner',NULL,NULL,NULL,NULL,NULL,'employee',NULL,1,'2026-01-19 13:35:56','2026-01-19 13:35:56'),(24,173,193,NULL,NULL,'owner',1,NULL,NULL,'#3B82F6',0,'Owner',NULL,NULL,NULL,NULL,NULL,'employee',NULL,1,'2026-01-19 13:35:56','2026-01-19 13:35:56'),(25,174,196,NULL,NULL,'owner',1,NULL,NULL,'#3B82F6',0,'Owner',NULL,NULL,NULL,NULL,NULL,'employee',NULL,1,'2026-01-19 13:35:56','2026-01-19 13:35:56'),(26,175,197,NULL,NULL,'owner',1,NULL,NULL,'#3B82F6',0,'Owner',NULL,NULL,NULL,NULL,NULL,'employee',NULL,1,'2026-01-19 13:35:56','2026-01-19 13:35:56'),(27,176,198,NULL,NULL,'owner',1,NULL,NULL,'#3B82F6',0,'Owner',NULL,NULL,NULL,NULL,NULL,'employee',NULL,1,'2026-01-19 13:35:56','2026-01-19 13:35:56'),(28,177,199,NULL,NULL,'owner',1,NULL,NULL,'#3B82F6',0,'Owner',NULL,NULL,NULL,NULL,NULL,'employee',NULL,1,'2026-01-19 13:35:56','2026-01-19 13:35:56'),(29,178,201,NULL,NULL,'owner',1,NULL,NULL,'#3B82F6',0,'Owner',NULL,NULL,NULL,NULL,NULL,'employee',NULL,1,'2026-01-19 13:35:56','2026-01-19 13:35:56'),(30,179,202,NULL,NULL,'owner',1,NULL,NULL,'#3B82F6',0,'Owner',NULL,NULL,NULL,NULL,NULL,'employee',NULL,1,'2026-01-19 13:35:56','2026-01-19 13:35:56'),(31,180,205,NULL,NULL,'owner',1,NULL,NULL,'#3B82F6',0,'Owner',NULL,NULL,NULL,NULL,NULL,'employee',NULL,1,'2026-01-19 13:35:56','2026-01-19 13:35:56'),(32,181,204,NULL,NULL,'owner',1,NULL,NULL,'#3B82F6',0,'Owner',NULL,NULL,NULL,NULL,NULL,'employee',NULL,1,'2026-01-19 13:35:56','2026-01-19 13:35:56'),(33,188,258,NULL,NULL,'owner',1,NULL,NULL,'#3B82F6',0,'Owner',NULL,NULL,NULL,NULL,NULL,'employee',NULL,1,'2026-01-19 13:36:05','2026-01-19 13:36:05'),(34,189,261,NULL,NULL,'owner',1,NULL,NULL,'#3B82F6',0,'Owner',NULL,NULL,NULL,NULL,NULL,'employee',NULL,1,'2026-01-19 13:36:16','2026-01-19 13:36:16'),(35,190,266,NULL,NULL,'owner',1,NULL,NULL,'#3B82F6',0,'Owner',NULL,NULL,NULL,NULL,NULL,'employee',NULL,1,'2026-01-19 13:36:19','2026-01-19 13:36:19'),(36,191,268,NULL,NULL,'owner',1,NULL,NULL,'#3B82F6',0,'Owner',NULL,NULL,NULL,NULL,NULL,'employee',NULL,1,'2026-01-19 13:36:20','2026-01-19 13:36:20'),(37,192,267,NULL,NULL,'owner',1,NULL,NULL,'#3B82F6',0,'Owner',NULL,NULL,NULL,NULL,NULL,'employee',NULL,1,'2026-01-19 13:36:20','2026-01-19 13:36:20'),(38,193,269,NULL,NULL,'owner',1,NULL,NULL,'#3B82F6',0,'Owner',NULL,NULL,NULL,NULL,NULL,'employee',NULL,1,'2026-01-19 13:36:20','2026-01-19 13:36:20'),(39,192,190,NULL,NULL,'staff',1,'Experienced hair stylist',NULL,'#3B82F6',0,'Senior Stylist',NULL,NULL,NULL,NULL,NULL,'employee',NULL,1,'2026-01-19 13:36:20','2026-01-19 13:36:20'),(40,195,272,NULL,NULL,'owner',1,NULL,NULL,'#3B82F6',0,'Owner',NULL,NULL,NULL,NULL,NULL,'employee',NULL,1,'2026-01-19 14:43:02','2026-01-19 14:43:02'),(41,194,273,NULL,NULL,'owner',1,NULL,NULL,'#3B82F6',0,'Owner',NULL,NULL,NULL,NULL,NULL,'employee',NULL,1,'2026-01-19 14:43:02','2026-01-19 14:43:02'),(42,196,271,NULL,NULL,'owner',1,NULL,NULL,'#3B82F6',0,'Owner',NULL,NULL,NULL,NULL,NULL,'employee',NULL,1,'2026-01-19 14:43:02','2026-01-19 14:43:02'),(43,196,190,NULL,NULL,'staff',1,'Experienced hair stylist',NULL,'#3B82F6',0,'Senior Stylist',NULL,NULL,NULL,NULL,NULL,'employee',NULL,1,'2026-01-19 14:43:02','2026-01-19 14:43:02'),(44,194,274,NULL,NULL,'staff',1,'Experienced stylist specializing in color',NULL,'#3B82F6',0,NULL,'+1 555 444 5555','United States',NULL,NULL,NULL,'employee',NULL,1,'2026-01-19 14:43:03','2026-01-19 14:43:03'),(45,197,277,NULL,NULL,'owner',1,NULL,NULL,'#3B82F6',0,'Owner',NULL,NULL,NULL,NULL,NULL,'employee',NULL,1,'2026-01-19 14:44:01','2026-01-19 14:44:01'),(46,198,276,NULL,NULL,'owner',1,NULL,NULL,'#3B82F6',0,'Owner',NULL,NULL,NULL,NULL,NULL,'employee',NULL,1,'2026-01-19 14:44:01','2026-01-19 14:44:01'),(47,197,278,NULL,NULL,'staff',1,'Experienced stylist specializing in color',NULL,'#3B82F6',0,NULL,'+1 555 444 5555','United States',NULL,NULL,NULL,'employee',NULL,1,'2026-01-19 14:44:02','2026-01-19 14:44:02'),(48,199,279,NULL,NULL,'owner',1,NULL,NULL,'#3B82F6',0,'Owner',NULL,NULL,NULL,NULL,NULL,'employee',NULL,1,'2026-01-19 14:44:56','2026-01-19 14:44:56'),(49,200,282,NULL,NULL,'owner',1,NULL,NULL,'#3B82F6',0,'Owner',NULL,NULL,NULL,NULL,NULL,'employee',NULL,1,'2026-01-19 14:45:10','2026-01-19 14:45:10'),(50,202,287,NULL,NULL,'owner',1,NULL,NULL,'#3B82F6',0,'Owner',NULL,NULL,NULL,NULL,NULL,'employee',NULL,1,'2026-01-19 14:45:13','2026-01-19 14:45:13'),(51,201,284,NULL,NULL,'owner',1,NULL,NULL,'#3B82F6',0,'Owner',NULL,NULL,NULL,NULL,NULL,'employee',NULL,1,'2026-01-19 14:45:13','2026-01-19 14:45:13'),(52,203,285,NULL,NULL,'owner',1,NULL,NULL,'#3B82F6',0,'Owner',NULL,NULL,NULL,NULL,NULL,'employee',NULL,1,'2026-01-19 14:45:13','2026-01-19 14:45:13'),(53,203,190,NULL,NULL,'staff',1,'Experienced hair stylist',NULL,'#3B82F6',0,'Senior Stylist',NULL,NULL,NULL,NULL,NULL,'employee',NULL,1,'2026-01-19 14:45:13','2026-01-19 14:45:13'),(54,204,288,NULL,NULL,'owner',1,NULL,NULL,'#3B82F6',0,'Owner',NULL,NULL,NULL,NULL,NULL,'employee',NULL,1,'2026-01-19 14:45:41','2026-01-19 14:45:41'),(55,205,291,NULL,NULL,'owner',1,NULL,NULL,'#3B82F6',0,'Owner',NULL,NULL,NULL,NULL,NULL,'employee',NULL,1,'2026-01-19 14:45:54','2026-01-19 14:45:54'),(56,206,293,NULL,NULL,'owner',1,NULL,NULL,'#3B82F6',0,'Owner',NULL,NULL,NULL,NULL,NULL,'employee',NULL,1,'2026-01-19 14:45:56','2026-01-19 14:45:56'),(57,207,296,NULL,NULL,'owner',1,NULL,NULL,'#3B82F6',0,'Owner',NULL,NULL,NULL,NULL,NULL,'employee',NULL,1,'2026-01-19 14:47:27','2026-01-19 14:47:27'),(58,208,297,NULL,NULL,'owner',1,NULL,NULL,'#3B82F6',0,'Owner',NULL,NULL,NULL,NULL,NULL,'employee',NULL,1,'2026-01-19 14:47:40','2026-01-19 14:47:40'),(59,209,299,NULL,NULL,'owner',1,NULL,NULL,'#3B82F6',0,'Owner',NULL,NULL,NULL,NULL,NULL,'employee',NULL,1,'2026-01-19 14:47:41','2026-01-19 14:47:41'),(60,182,248,NULL,NULL,'owner',1,NULL,NULL,'#3B82F6',0,'Owner',NULL,NULL,NULL,NULL,NULL,'employee',NULL,1,'2026-01-21 10:08:49','2026-01-21 10:08:49'),(61,183,250,NULL,NULL,'owner',1,NULL,NULL,'#3B82F6',0,'Owner',NULL,NULL,NULL,NULL,NULL,'employee',NULL,1,'2026-01-21 10:08:49','2026-01-21 10:08:49'),(62,184,254,NULL,NULL,'owner',1,NULL,NULL,'#3B82F6',0,'Owner',NULL,NULL,NULL,NULL,NULL,'employee',NULL,1,'2026-01-21 10:08:49','2026-01-21 10:08:49'),(63,185,253,NULL,NULL,'owner',1,NULL,NULL,'#3B82F6',0,'Owner',NULL,NULL,NULL,NULL,NULL,'employee',NULL,1,'2026-01-21 10:08:49','2026-01-21 10:08:49'),(64,186,256,NULL,NULL,'owner',1,NULL,NULL,'#3B82F6',0,'Owner',NULL,NULL,NULL,NULL,NULL,'employee',NULL,1,'2026-01-21 10:08:49','2026-01-21 10:08:49'),(65,187,257,NULL,NULL,'owner',1,NULL,NULL,'#3B82F6',0,'Owner',NULL,NULL,NULL,NULL,NULL,'employee',NULL,1,'2026-01-21 10:08:49','2026-01-21 10:08:49'),(67,211,398,NULL,NULL,'owner',1,NULL,NULL,'#3B82F6',0,'Owner',NULL,NULL,NULL,NULL,NULL,'employee',NULL,1,'2026-01-21 10:56:21','2026-01-21 10:56:21'),(68,210,397,NULL,NULL,'owner',1,NULL,NULL,'#3B82F6',0,'Owner',NULL,NULL,NULL,NULL,NULL,'employee',NULL,1,'2026-01-21 10:56:21','2026-01-21 10:56:21'),(69,212,401,NULL,NULL,'owner',1,NULL,NULL,'#3B82F6',0,'Owner',NULL,NULL,NULL,NULL,NULL,'employee',NULL,1,'2026-01-21 10:56:22','2026-01-21 10:56:22'),(70,213,403,NULL,NULL,'owner',1,NULL,NULL,'#3B82F6',0,'Owner',NULL,NULL,NULL,NULL,NULL,'employee',NULL,1,'2026-01-21 10:56:23','2026-01-21 10:56:23'),(71,214,406,NULL,NULL,'owner',1,NULL,NULL,'#3B82F6',0,'Owner',NULL,NULL,NULL,NULL,NULL,'employee',NULL,1,'2026-01-21 10:56:23','2026-01-21 10:56:23'),(72,215,409,NULL,NULL,'owner',1,NULL,NULL,'#3B82F6',0,'Owner',NULL,NULL,NULL,NULL,NULL,'employee',NULL,1,'2026-01-21 10:56:24','2026-01-21 10:56:24'),(73,216,413,NULL,NULL,'owner',1,NULL,NULL,'#3B82F6',0,'Owner',NULL,NULL,NULL,NULL,NULL,'employee',NULL,1,'2026-01-21 10:56:25','2026-01-21 10:56:25'),(74,217,415,NULL,NULL,'owner',1,NULL,NULL,'#3B82F6',0,'Owner',NULL,NULL,NULL,NULL,NULL,'employee',NULL,1,'2026-01-21 10:56:25','2026-01-21 10:56:25'),(75,218,420,NULL,NULL,'owner',1,NULL,NULL,'#3B82F6',0,'Owner',NULL,NULL,NULL,NULL,NULL,'employee',NULL,1,'2026-01-21 10:56:26','2026-01-21 10:56:26'),(76,219,421,NULL,NULL,'owner',1,NULL,NULL,'#3B82F6',0,'Owner',NULL,NULL,NULL,NULL,NULL,'employee',NULL,1,'2026-01-21 10:56:26','2026-01-21 10:56:26'),(77,220,425,NULL,NULL,'owner',1,NULL,NULL,'#3B82F6',0,'Owner',NULL,NULL,NULL,NULL,NULL,'employee',NULL,1,'2026-01-21 10:56:27','2026-01-21 10:56:27'),(78,221,427,NULL,NULL,'owner',1,NULL,NULL,'#3B82F6',0,'Owner',NULL,NULL,NULL,NULL,NULL,'employee',NULL,1,'2026-01-21 10:56:28','2026-01-21 10:56:28'),(79,222,179,NULL,NULL,'owner',0,NULL,NULL,'#3B82F6',0,'Owner',NULL,NULL,NULL,NULL,NULL,'employee',NULL,1,'2026-02-19 13:47:35','2026-02-19 16:05:49');
/*!40000 ALTER TABLE `staff` ENABLE KEYS */;
UNLOCK TABLES;

--
-- Table structure for table `staff_addresses`
--

DROP TABLE IF EXISTS `staff_addresses`;
/*!40101 SET @saved_cs_client     = @@character_set_client */;
/*!50503 SET character_set_client = utf8mb4 */;
CREATE TABLE `staff_addresses` (
  `id` bigint unsigned NOT NULL AUTO_INCREMENT,
  `staff_id` bigint unsigned NOT NULL,
  `address_type` enum('home','work','other') NOT NULL DEFAULT 'home',
  `street_address` varchar(255) DEFAULT NULL,
  `city` varchar(100) DEFAULT NULL,
  `state` varchar(100) DEFAULT NULL,
  `postal_code` varchar(20) DEFAULT NULL,
  `country` varchar(100) DEFAULT NULL,
  `is_primary` tinyint(1) DEFAULT '0',
  `created_at` datetime DEFAULT CURRENT_TIMESTAMP,
  `updated_at` datetime DEFAULT CURRENT_TIMESTAMP ON UPDATE CURRENT_TIMESTAMP,
  PRIMARY KEY (`id`),
  KEY `idx_staff_addresses_staff_id` (`staff_id`),
  CONSTRAINT `fk_staff_addresses_staff` FOREIGN KEY (`staff_id`) REFERENCES `staff` (`id`) ON DELETE CASCADE ON UPDATE CASCADE
) ENGINE=InnoDB DEFAULT CHARSET=utf8mb4 COLLATE=utf8mb4_0900_ai_ci;
/*!40101 SET character_set_client = @saved_cs_client */;

--
-- Dumping data for table `staff_addresses`
--

LOCK TABLES `staff_addresses` WRITE;
/*!40000 ALTER TABLE `staff_addresses` DISABLE KEYS */;
/*!40000 ALTER TABLE `staff_addresses` ENABLE KEYS */;
UNLOCK TABLES;

--
-- Table structure for table `staff_commissions`
--

DROP TABLE IF EXISTS `staff_commissions`;
/*!40101 SET @saved_cs_client     = @@character_set_client */;
/*!50503 SET character_set_client = utf8mb4 */;
CREATE TABLE `staff_commissions` (
  `id` bigint unsigned NOT NULL AUTO_INCREMENT,
  `staff_id` bigint unsigned NOT NULL,
  `commission_type` enum('percentage','fixed') NOT NULL DEFAULT 'percentage',
  `service_commission` decimal(5,2) DEFAULT '0.00',
  `product_commission` decimal(5,2) DEFAULT '0.00',
  `tip_commission` decimal(5,2) DEFAULT '100.00',
  `effective_from` date NOT NULL,
  `effective_to` date DEFAULT NULL,
  `created_at` datetime DEFAULT CURRENT_TIMESTAMP,
  PRIMARY KEY (`id`),
  KEY `idx_staff_commissions_staff` (`staff_id`),
  CONSTRAINT `staff_commissions_ibfk_1` FOREIGN KEY (`staff_id`) REFERENCES `staff` (`id`) ON DELETE CASCADE
) ENGINE=InnoDB DEFAULT CHARSET=utf8mb4 COLLATE=utf8mb4_0900_ai_ci;
/*!40101 SET character_set_client = @saved_cs_client */;

--
-- Dumping data for table `staff_commissions`
--

LOCK TABLES `staff_commissions` WRITE;
/*!40000 ALTER TABLE `staff_commissions` DISABLE KEYS */;
/*!40000 ALTER TABLE `staff_commissions` ENABLE KEYS */;
UNLOCK TABLES;

--
-- Table structure for table `staff_emergency_contacts`
--

DROP TABLE IF EXISTS `staff_emergency_contacts`;
/*!40101 SET @saved_cs_client     = @@character_set_client */;
/*!50503 SET character_set_client = utf8mb4 */;
CREATE TABLE `staff_emergency_contacts` (
  `id` bigint unsigned NOT NULL AUTO_INCREMENT,
  `staff_id` bigint unsigned NOT NULL,
  `contact_name` varchar(150) NOT NULL,
  `relationship` varchar(100) DEFAULT NULL,
  `phone_primary` varchar(20) NOT NULL,
  `phone_secondary` varchar(20) DEFAULT NULL,
  `email` varchar(255) DEFAULT NULL,
  `is_primary` tinyint(1) DEFAULT '0',
  `notes` text,
  `created_at` datetime DEFAULT CURRENT_TIMESTAMP,
  `updated_at` datetime DEFAULT CURRENT_TIMESTAMP ON UPDATE CURRENT_TIMESTAMP,
  PRIMARY KEY (`id`),
  KEY `idx_staff_emergency_staff_id` (`staff_id`),
  CONSTRAINT `fk_staff_emergency_staff` FOREIGN KEY (`staff_id`) REFERENCES `staff` (`id`) ON DELETE CASCADE ON UPDATE CASCADE
) ENGINE=InnoDB AUTO_INCREMENT=6 DEFAULT CHARSET=utf8mb4 COLLATE=utf8mb4_0900_ai_ci;
/*!40101 SET character_set_client = @saved_cs_client */;

--
-- Dumping data for table `staff_emergency_contacts`
--

LOCK TABLES `staff_emergency_contacts` WRITE;
/*!40000 ALTER TABLE `staff_emergency_contacts` DISABLE KEYS */;
INSERT INTO `staff_emergency_contacts` VALUES (1,10,'Michael Watson','Spouse','+1 555 777 8888',NULL,'michael@example.com',1,NULL,'2026-01-18 13:29:25','2026-01-18 13:29:25'),(2,11,'Michael Watson','Spouse','+1 555 777 8888',NULL,'michael@example.com',1,NULL,'2026-01-18 13:29:35','2026-01-18 13:29:35'),(3,12,'Michael Watson','Spouse','+1 555 777 8888',NULL,'michael@example.com',1,NULL,'2026-01-18 13:34:01','2026-01-18 13:34:01'),(4,44,'Michael Watson','Spouse','+1 555 777 8888',NULL,'michael@example.com',1,NULL,'2026-01-19 14:43:03','2026-01-19 14:43:03'),(5,47,'Michael Watson','Spouse','+1 555 777 8888',NULL,'michael@example.com',1,NULL,'2026-01-19 14:44:02','2026-01-19 14:44:02');
/*!40000 ALTER TABLE `staff_emergency_contacts` ENABLE KEYS */;
UNLOCK TABLES;

--
-- Table structure for table `staff_pay_run_items`
--

DROP TABLE IF EXISTS `staff_pay_run_items`;
/*!40101 SET @saved_cs_client     = @@character_set_client */;
/*!50503 SET character_set_client = utf8mb4 */;
CREATE TABLE `staff_pay_run_items` (
  `id` bigint unsigned NOT NULL AUTO_INCREMENT,
  `pay_run_id` bigint unsigned NOT NULL,
  `staff_id` bigint unsigned NOT NULL,
  `base_pay` decimal(10,2) DEFAULT '0.00',
  `commission_amount` decimal(10,2) DEFAULT '0.00',
  `bonus_amount` decimal(10,2) DEFAULT '0.00',
  `tips_amount` decimal(10,2) DEFAULT '0.00',
  `deductions_amount` decimal(10,2) DEFAULT '0.00',
  `total_pay` decimal(10,2) DEFAULT '0.00',
  `hours_worked` decimal(6,2) DEFAULT NULL,
  `notes` text,
  `created_at` datetime DEFAULT CURRENT_TIMESTAMP,
  `updated_at` datetime DEFAULT CURRENT_TIMESTAMP ON UPDATE CURRENT_TIMESTAMP,
  PRIMARY KEY (`id`),
  KEY `idx_staff_pay_run_items_pay_run` (`pay_run_id`),
  KEY `idx_staff_pay_run_items_staff` (`staff_id`),
  CONSTRAINT `fk_staff_pay_run_items_pay_run` FOREIGN KEY (`pay_run_id`) REFERENCES `staff_pay_runs` (`id`) ON DELETE CASCADE ON UPDATE CASCADE,
  CONSTRAINT `fk_staff_pay_run_items_staff` FOREIGN KEY (`staff_id`) REFERENCES `staff` (`id`) ON DELETE CASCADE ON UPDATE CASCADE
) ENGINE=InnoDB DEFAULT CHARSET=utf8mb4 COLLATE=utf8mb4_0900_ai_ci;
/*!40101 SET character_set_client = @saved_cs_client */;

--
-- Dumping data for table `staff_pay_run_items`
--

LOCK TABLES `staff_pay_run_items` WRITE;
/*!40000 ALTER TABLE `staff_pay_run_items` DISABLE KEYS */;
/*!40000 ALTER TABLE `staff_pay_run_items` ENABLE KEYS */;
UNLOCK TABLES;

--
-- Table structure for table `staff_pay_runs`
--

DROP TABLE IF EXISTS `staff_pay_runs`;
/*!40101 SET @saved_cs_client     = @@character_set_client */;
/*!50503 SET character_set_client = utf8mb4 */;
CREATE TABLE `staff_pay_runs` (
  `id` bigint unsigned NOT NULL AUTO_INCREMENT,
  `salon_id` bigint unsigned NOT NULL,
  `pay_period_start` date NOT NULL,
  `pay_period_end` date NOT NULL,
  `pay_date` date NOT NULL,
  `status` enum('draft','processing','completed','cancelled') DEFAULT 'draft',
  `total_amount` decimal(12,2) DEFAULT '0.00',
  `currency` varchar(3) DEFAULT 'USD',
  `notes` text,
  `created_by` bigint unsigned DEFAULT NULL,
  `created_at` datetime DEFAULT CURRENT_TIMESTAMP,
  `updated_at` datetime DEFAULT CURRENT_TIMESTAMP ON UPDATE CURRENT_TIMESTAMP,
  PRIMARY KEY (`id`),
  KEY `idx_staff_pay_runs_salon_id` (`salon_id`),
  KEY `idx_staff_pay_runs_period` (`pay_period_start`,`pay_period_end`),
  CONSTRAINT `fk_staff_pay_runs_salon` FOREIGN KEY (`salon_id`) REFERENCES `salons` (`id`) ON DELETE CASCADE ON UPDATE CASCADE
) ENGINE=InnoDB DEFAULT CHARSET=utf8mb4 COLLATE=utf8mb4_0900_ai_ci;
/*!40101 SET character_set_client = @saved_cs_client */;

--
-- Dumping data for table `staff_pay_runs`
--

LOCK TABLES `staff_pay_runs` WRITE;
/*!40000 ALTER TABLE `staff_pay_runs` DISABLE KEYS */;
/*!40000 ALTER TABLE `staff_pay_runs` ENABLE KEYS */;
UNLOCK TABLES;

--
-- Table structure for table `staff_time_off`
--

DROP TABLE IF EXISTS `staff_time_off`;
/*!40101 SET @saved_cs_client     = @@character_set_client */;
/*!50503 SET character_set_client = utf8mb4 */;
CREATE TABLE `staff_time_off` (
  `id` bigint unsigned NOT NULL AUTO_INCREMENT,
  `staff_id` bigint unsigned NOT NULL,
  `start_datetime` datetime NOT NULL,
  `end_datetime` datetime NOT NULL,
  `reason` varchar(255) DEFAULT NULL,
  PRIMARY KEY (`id`),
  KEY `idx_staff_time_off_staff_id` (`staff_id`),
  KEY `idx_staff_timeoff_range` (`staff_id`,`start_datetime`,`end_datetime`),
  CONSTRAINT `fk_staff_time_off_staff` FOREIGN KEY (`staff_id`) REFERENCES `staff` (`id`) ON DELETE CASCADE ON UPDATE CASCADE
) ENGINE=InnoDB DEFAULT CHARSET=utf8mb4 COLLATE=utf8mb4_0900_ai_ci;
/*!40101 SET character_set_client = @saved_cs_client */;

--
-- Dumping data for table `staff_time_off`
--

LOCK TABLES `staff_time_off` WRITE;
/*!40000 ALTER TABLE `staff_time_off` DISABLE KEYS */;
/*!40000 ALTER TABLE `staff_time_off` ENABLE KEYS */;
UNLOCK TABLES;

--
-- Table structure for table `staff_timesheets`
--

DROP TABLE IF EXISTS `staff_timesheets`;
/*!40101 SET @saved_cs_client     = @@character_set_client */;
/*!50503 SET character_set_client = utf8mb4 */;
CREATE TABLE `staff_timesheets` (
  `id` bigint unsigned NOT NULL AUTO_INCREMENT,
  `staff_id` bigint unsigned NOT NULL,
  `salon_id` bigint unsigned NOT NULL,
  `clock_in` datetime NOT NULL,
  `clock_out` datetime DEFAULT NULL,
  `break_duration` int DEFAULT '0' COMMENT 'Break duration in minutes',
  `total_hours` decimal(5,2) DEFAULT NULL COMMENT 'Total hours worked',
  `notes` text,
  `status` enum('clocked_in','clocked_out','approved','disputed') DEFAULT 'clocked_in',
  `approved_by` bigint unsigned DEFAULT NULL,
  `approved_at` datetime DEFAULT NULL,
  `created_at` datetime DEFAULT CURRENT_TIMESTAMP,
  `updated_at` datetime DEFAULT CURRENT_TIMESTAMP ON UPDATE CURRENT_TIMESTAMP,
  PRIMARY KEY (`id`),
  KEY `idx_staff_timesheets_staff_id` (`staff_id`),
  KEY `idx_staff_timesheets_salon_id` (`salon_id`),
  KEY `idx_staff_timesheets_date` (`clock_in`),
  CONSTRAINT `fk_staff_timesheets_salon` FOREIGN KEY (`salon_id`) REFERENCES `salons` (`id`) ON DELETE CASCADE ON UPDATE CASCADE,
  CONSTRAINT `fk_staff_timesheets_staff` FOREIGN KEY (`staff_id`) REFERENCES `staff` (`id`) ON DELETE CASCADE ON UPDATE CASCADE
) ENGINE=InnoDB DEFAULT CHARSET=utf8mb4 COLLATE=utf8mb4_0900_ai_ci;
/*!40101 SET character_set_client = @saved_cs_client */;

--
-- Dumping data for table `staff_timesheets`
--

LOCK TABLES `staff_timesheets` WRITE;
/*!40000 ALTER TABLE `staff_timesheets` DISABLE KEYS */;
/*!40000 ALTER TABLE `staff_timesheets` ENABLE KEYS */;
UNLOCK TABLES;

--
-- Table structure for table `staff_wages`
--

DROP TABLE IF EXISTS `staff_wages`;
/*!40101 SET @saved_cs_client     = @@character_set_client */;
/*!50503 SET character_set_client = utf8mb4 */;
CREATE TABLE `staff_wages` (
  `id` bigint unsigned NOT NULL AUTO_INCREMENT,
  `staff_id` bigint unsigned NOT NULL,
  `wage_type` enum('hourly','salary','commission_only') NOT NULL DEFAULT 'hourly',
  `hourly_rate` decimal(10,2) DEFAULT NULL,
  `salary_amount` decimal(10,2) DEFAULT NULL,
  `salary_period` enum('weekly','biweekly','monthly','annual') DEFAULT 'monthly',
  `currency` varchar(3) DEFAULT 'USD',
  `effective_from` date NOT NULL,
  `effective_to` date DEFAULT NULL,
  `notes` text,
  `created_at` datetime DEFAULT CURRENT_TIMESTAMP,
  `updated_at` datetime DEFAULT CURRENT_TIMESTAMP ON UPDATE CURRENT_TIMESTAMP,
  PRIMARY KEY (`id`),
  KEY `idx_staff_wages_staff_id` (`staff_id`),
  KEY `idx_staff_wages_effective` (`staff_id`,`effective_from`,`effective_to`),
  CONSTRAINT `fk_staff_wages_staff` FOREIGN KEY (`staff_id`) REFERENCES `staff` (`id`) ON DELETE CASCADE ON UPDATE CASCADE
) ENGINE=InnoDB DEFAULT CHARSET=utf8mb4 COLLATE=utf8mb4_0900_ai_ci;
/*!40101 SET character_set_client = @saved_cs_client */;

--
-- Dumping data for table `staff_wages`
--

LOCK TABLES `staff_wages` WRITE;
/*!40000 ALTER TABLE `staff_wages` DISABLE KEYS */;
/*!40000 ALTER TABLE `staff_wages` ENABLE KEYS */;
UNLOCK TABLES;

--
-- Table structure for table `staff_working_hours`
--

DROP TABLE IF EXISTS `staff_working_hours`;
/*!40101 SET @saved_cs_client     = @@character_set_client */;
/*!50503 SET character_set_client = utf8mb4 */;
CREATE TABLE `staff_working_hours` (
  `id` bigint unsigned NOT NULL AUTO_INCREMENT,
  `staff_id` bigint unsigned NOT NULL,
  `day_of_week` tinyint NOT NULL,
  `start_time` time NOT NULL,
  `end_time` time NOT NULL,
  PRIMARY KEY (`id`),
  UNIQUE KEY `uq_staff_hours` (`staff_id`,`day_of_week`,`start_time`,`end_time`),
  KEY `idx_staff_working_hours_staff_id` (`staff_id`),
  KEY `idx_staff_hours_lookup` (`staff_id`,`day_of_week`,`start_time`,`end_time`),
  CONSTRAINT `fk_staff_working_hours_staff` FOREIGN KEY (`staff_id`) REFERENCES `staff` (`id`) ON DELETE CASCADE ON UPDATE CASCADE
) ENGINE=InnoDB AUTO_INCREMENT=764 DEFAULT CHARSET=utf8mb4 COLLATE=utf8mb4_0900_ai_ci;
/*!40101 SET character_set_client = @saved_cs_client */;

--
-- Dumping data for table `staff_working_hours`
--

LOCK TABLES `staff_working_hours` WRITE;
/*!40000 ALTER TABLE `staff_working_hours` DISABLE KEYS */;
INSERT INTO `staff_working_hours` VALUES (10,5,1,'09:00:00','18:00:00'),(137,5,2,'09:00:00','18:00:00'),(264,5,3,'09:00:00','18:00:00'),(391,5,4,'09:00:00','18:00:00'),(518,5,5,'09:00:00','18:00:00'),(645,5,6,'10:00:00','16:00:00'),(12,6,1,'09:00:00','18:00:00'),(139,6,2,'09:00:00','18:00:00'),(266,6,3,'09:00:00','18:00:00'),(393,6,4,'09:00:00','18:00:00'),(520,6,5,'09:00:00','18:00:00'),(647,6,6,'10:00:00','16:00:00'),(14,7,1,'09:00:00','18:00:00'),(141,7,2,'09:00:00','18:00:00'),(268,7,3,'09:00:00','18:00:00'),(395,7,4,'09:00:00','18:00:00'),(522,7,5,'09:00:00','18:00:00'),(649,7,6,'10:00:00','16:00:00'),(16,8,1,'09:00:00','18:00:00'),(143,8,2,'09:00:00','18:00:00'),(270,8,3,'09:00:00','18:00:00'),(397,8,4,'09:00:00','18:00:00'),(524,8,5,'09:00:00','18:00:00'),(651,8,6,'10:00:00','16:00:00'),(1,9,1,'09:00:00','18:00:00'),(128,9,2,'09:00:00','18:00:00'),(255,9,3,'09:00:00','18:00:00'),(382,9,4,'09:00:00','18:00:00'),(509,9,5,'09:00:00','18:00:00'),(636,9,6,'10:00:00','16:00:00'),(21,10,1,'09:00:00','18:00:00'),(148,10,2,'09:00:00','18:00:00'),(275,10,3,'09:00:00','18:00:00'),(402,10,4,'09:00:00','18:00:00'),(529,10,5,'09:00:00','18:00:00'),(656,10,6,'10:00:00','16:00:00'),(24,11,1,'09:00:00','18:00:00'),(151,11,2,'09:00:00','18:00:00'),(278,11,3,'09:00:00','18:00:00'),(405,11,4,'09:00:00','18:00:00'),(532,11,5,'09:00:00','18:00:00'),(659,11,6,'10:00:00','16:00:00'),(27,12,1,'09:00:00','18:00:00'),(154,12,2,'09:00:00','18:00:00'),(281,12,3,'09:00:00','18:00:00'),(408,12,4,'09:00:00','18:00:00'),(535,12,5,'09:00:00','18:00:00'),(662,12,6,'10:00:00','16:00:00'),(2,13,1,'09:00:00','18:00:00'),(129,13,2,'09:00:00','18:00:00'),(256,13,3,'09:00:00','18:00:00'),(383,13,4,'09:00:00','18:00:00'),(510,13,5,'09:00:00','18:00:00'),(637,13,6,'10:00:00','16:00:00'),(3,14,1,'09:00:00','18:00:00'),(130,14,2,'09:00:00','18:00:00'),(257,14,3,'09:00:00','18:00:00'),(384,14,4,'09:00:00','18:00:00'),(511,14,5,'09:00:00','18:00:00'),(638,14,6,'10:00:00','16:00:00'),(4,15,1,'09:00:00','18:00:00'),(131,15,2,'09:00:00','18:00:00'),(258,15,3,'09:00:00','18:00:00'),(385,15,4,'09:00:00','18:00:00'),(512,15,5,'09:00:00','18:00:00'),(639,15,6,'10:00:00','16:00:00'),(5,16,1,'09:00:00','18:00:00'),(132,16,2,'09:00:00','18:00:00'),(259,16,3,'09:00:00','18:00:00'),(386,16,4,'09:00:00','18:00:00'),(513,16,5,'09:00:00','18:00:00'),(640,16,6,'10:00:00','16:00:00'),(6,17,1,'09:00:00','18:00:00'),(133,17,2,'09:00:00','18:00:00'),(260,17,3,'09:00:00','18:00:00'),(387,17,4,'09:00:00','18:00:00'),(514,17,5,'09:00:00','18:00:00'),(641,17,6,'10:00:00','16:00:00'),(7,18,1,'09:00:00','18:00:00'),(134,18,2,'09:00:00','18:00:00'),(261,18,3,'09:00:00','18:00:00'),(388,18,4,'09:00:00','18:00:00'),(515,18,5,'09:00:00','18:00:00'),(642,18,6,'10:00:00','16:00:00'),(8,19,1,'09:00:00','18:00:00'),(135,19,2,'09:00:00','18:00:00'),(262,19,3,'09:00:00','18:00:00'),(389,19,4,'09:00:00','18:00:00'),(516,19,5,'09:00:00','18:00:00'),(643,19,6,'10:00:00','16:00:00'),(9,20,1,'09:00:00','18:00:00'),(136,20,2,'09:00:00','18:00:00'),(263,20,3,'09:00:00','18:00:00'),(390,20,4,'09:00:00','18:00:00'),(517,20,5,'09:00:00','18:00:00'),(644,20,6,'10:00:00','16:00:00'),(11,21,1,'09:00:00','18:00:00'),(138,21,2,'09:00:00','18:00:00'),(265,21,3,'09:00:00','18:00:00'),(392,21,4,'09:00:00','18:00:00'),(519,21,5,'09:00:00','18:00:00'),(646,21,6,'10:00:00','16:00:00'),(13,22,1,'09:00:00','18:00:00'),(140,22,2,'09:00:00','18:00:00'),(267,22,3,'09:00:00','18:00:00'),(394,22,4,'09:00:00','18:00:00'),(521,22,5,'09:00:00','18:00:00'),(648,22,6,'10:00:00','16:00:00'),(15,23,1,'09:00:00','18:00:00'),(142,23,2,'09:00:00','18:00:00'),(269,23,3,'09:00:00','18:00:00'),(396,23,4,'09:00:00','18:00:00'),(523,23,5,'09:00:00','18:00:00'),(650,23,6,'10:00:00','16:00:00'),(17,24,1,'09:00:00','18:00:00'),(144,24,2,'09:00:00','18:00:00'),(271,24,3,'09:00:00','18:00:00'),(398,24,4,'09:00:00','18:00:00'),(525,24,5,'09:00:00','18:00:00'),(652,24,6,'10:00:00','16:00:00'),(18,25,1,'09:00:00','18:00:00'),(145,25,2,'09:00:00','18:00:00'),(272,25,3,'09:00:00','18:00:00'),(399,25,4,'09:00:00','18:00:00'),(526,25,5,'09:00:00','18:00:00'),(653,25,6,'10:00:00','16:00:00'),(19,26,1,'09:00:00','18:00:00'),(146,26,2,'09:00:00','18:00:00'),(273,26,3,'09:00:00','18:00:00'),(400,26,4,'09:00:00','18:00:00'),(527,26,5,'09:00:00','18:00:00'),(654,26,6,'10:00:00','16:00:00'),(20,27,1,'09:00:00','18:00:00'),(147,27,2,'09:00:00','18:00:00'),(274,27,3,'09:00:00','18:00:00'),(401,27,4,'09:00:00','18:00:00'),(528,27,5,'09:00:00','18:00:00'),(655,27,6,'10:00:00','16:00:00'),(22,28,1,'09:00:00','18:00:00'),(149,28,2,'09:00:00','18:00:00'),(276,28,3,'09:00:00','18:00:00'),(403,28,4,'09:00:00','18:00:00'),(530,28,5,'09:00:00','18:00:00'),(657,28,6,'10:00:00','16:00:00'),(23,29,1,'09:00:00','18:00:00'),(150,29,2,'09:00:00','18:00:00'),(277,29,3,'09:00:00','18:00:00'),(404,29,4,'09:00:00','18:00:00'),(531,29,5,'09:00:00','18:00:00'),(658,29,6,'10:00:00','16:00:00'),(25,30,1,'09:00:00','18:00:00'),(152,30,2,'09:00:00','18:00:00'),(279,30,3,'09:00:00','18:00:00'),(406,30,4,'09:00:00','18:00:00'),(533,30,5,'09:00:00','18:00:00'),(660,30,6,'10:00:00','16:00:00'),(26,31,1,'09:00:00','18:00:00'),(153,31,2,'09:00:00','18:00:00'),(280,31,3,'09:00:00','18:00:00'),(407,31,4,'09:00:00','18:00:00'),(534,31,5,'09:00:00','18:00:00'),(661,31,6,'10:00:00','16:00:00'),(28,32,1,'09:00:00','18:00:00'),(155,32,2,'09:00:00','18:00:00'),(282,32,3,'09:00:00','18:00:00'),(409,32,4,'09:00:00','18:00:00'),(536,32,5,'09:00:00','18:00:00'),(663,32,6,'10:00:00','16:00:00'),(35,33,1,'09:00:00','18:00:00'),(162,33,2,'09:00:00','18:00:00'),(289,33,3,'09:00:00','18:00:00'),(416,33,4,'09:00:00','18:00:00'),(543,33,5,'09:00:00','18:00:00'),(670,33,6,'10:00:00','16:00:00'),(36,34,1,'09:00:00','18:00:00'),(163,34,2,'09:00:00','18:00:00'),(290,34,3,'09:00:00','18:00:00'),(417,34,4,'09:00:00','18:00:00'),(544,34,5,'09:00:00','18:00:00'),(671,34,6,'10:00:00','16:00:00'),(37,35,1,'09:00:00','18:00:00'),(164,35,2,'09:00:00','18:00:00'),(291,35,3,'09:00:00','18:00:00'),(418,35,4,'09:00:00','18:00:00'),(545,35,5,'09:00:00','18:00:00'),(672,35,6,'10:00:00','16:00:00'),(38,36,1,'09:00:00','18:00:00'),(165,36,2,'09:00:00','18:00:00'),(292,36,3,'09:00:00','18:00:00'),(419,36,4,'09:00:00','18:00:00'),(546,36,5,'09:00:00','18:00:00'),(673,36,6,'10:00:00','16:00:00'),(39,37,1,'09:00:00','18:00:00'),(166,37,2,'09:00:00','18:00:00'),(293,37,3,'09:00:00','18:00:00'),(420,37,4,'09:00:00','18:00:00'),(547,37,5,'09:00:00','18:00:00'),(674,37,6,'10:00:00','16:00:00'),(41,38,1,'09:00:00','18:00:00'),(168,38,2,'09:00:00','18:00:00'),(295,38,3,'09:00:00','18:00:00'),(422,38,4,'09:00:00','18:00:00'),(549,38,5,'09:00:00','18:00:00'),(676,38,6,'10:00:00','16:00:00'),(40,39,1,'09:00:00','18:00:00'),(167,39,2,'09:00:00','18:00:00'),(294,39,3,'09:00:00','18:00:00'),(421,39,4,'09:00:00','18:00:00'),(548,39,5,'09:00:00','18:00:00'),(675,39,6,'10:00:00','16:00:00'),(44,40,1,'09:00:00','18:00:00'),(171,40,2,'09:00:00','18:00:00'),(298,40,3,'09:00:00','18:00:00'),(425,40,4,'09:00:00','18:00:00'),(552,40,5,'09:00:00','18:00:00'),(679,40,6,'10:00:00','16:00:00'),(42,41,1,'09:00:00','18:00:00'),(169,41,2,'09:00:00','18:00:00'),(296,41,3,'09:00:00','18:00:00'),(423,41,4,'09:00:00','18:00:00'),(550,41,5,'09:00:00','18:00:00'),(677,41,6,'10:00:00','16:00:00'),(45,42,1,'09:00:00','18:00:00'),(172,42,2,'09:00:00','18:00:00'),(299,42,3,'09:00:00','18:00:00'),(426,42,4,'09:00:00','18:00:00'),(553,42,5,'09:00:00','18:00:00'),(680,42,6,'10:00:00','16:00:00'),(46,43,1,'09:00:00','18:00:00'),(173,43,2,'09:00:00','18:00:00'),(300,43,3,'09:00:00','18:00:00'),(427,43,4,'09:00:00','18:00:00'),(554,43,5,'09:00:00','18:00:00'),(681,43,6,'10:00:00','16:00:00'),(43,44,1,'09:00:00','18:00:00'),(170,44,2,'09:00:00','18:00:00'),(297,44,3,'09:00:00','18:00:00'),(424,44,4,'09:00:00','18:00:00'),(551,44,5,'09:00:00','18:00:00'),(678,44,6,'10:00:00','16:00:00'),(47,45,1,'09:00:00','18:00:00'),(174,45,2,'09:00:00','18:00:00'),(301,45,3,'09:00:00','18:00:00'),(428,45,4,'09:00:00','18:00:00'),(555,45,5,'09:00:00','18:00:00'),(682,45,6,'10:00:00','16:00:00'),(49,46,1,'09:00:00','18:00:00'),(176,46,2,'09:00:00','18:00:00'),(303,46,3,'09:00:00','18:00:00'),(430,46,4,'09:00:00','18:00:00'),(557,46,5,'09:00:00','18:00:00'),(684,46,6,'10:00:00','16:00:00'),(48,47,1,'09:00:00','18:00:00'),(175,47,2,'09:00:00','18:00:00'),(302,47,3,'09:00:00','18:00:00'),(429,47,4,'09:00:00','18:00:00'),(556,47,5,'09:00:00','18:00:00'),(683,47,6,'10:00:00','16:00:00'),(50,48,1,'09:00:00','18:00:00'),(177,48,2,'09:00:00','18:00:00'),(304,48,3,'09:00:00','18:00:00'),(431,48,4,'09:00:00','18:00:00'),(558,48,5,'09:00:00','18:00:00'),(685,48,6,'10:00:00','16:00:00'),(51,49,1,'09:00:00','18:00:00'),(178,49,2,'09:00:00','18:00:00'),(305,49,3,'09:00:00','18:00:00'),(432,49,4,'09:00:00','18:00:00'),(559,49,5,'09:00:00','18:00:00'),(686,49,6,'10:00:00','16:00:00'),(53,50,1,'09:00:00','18:00:00'),(180,50,2,'09:00:00','18:00:00'),(307,50,3,'09:00:00','18:00:00'),(434,50,4,'09:00:00','18:00:00'),(561,50,5,'09:00:00','18:00:00'),(688,50,6,'10:00:00','16:00:00'),(52,51,1,'09:00:00','18:00:00'),(179,51,2,'09:00:00','18:00:00'),(306,51,3,'09:00:00','18:00:00'),(433,51,4,'09:00:00','18:00:00'),(560,51,5,'09:00:00','18:00:00'),(687,51,6,'10:00:00','16:00:00'),(54,52,1,'09:00:00','18:00:00'),(181,52,2,'09:00:00','18:00:00'),(308,52,3,'09:00:00','18:00:00'),(435,52,4,'09:00:00','18:00:00'),(562,52,5,'09:00:00','18:00:00'),(689,52,6,'10:00:00','16:00:00'),(55,53,1,'09:00:00','18:00:00'),(182,53,2,'09:00:00','18:00:00'),(309,53,3,'09:00:00','18:00:00'),(436,53,4,'09:00:00','18:00:00'),(563,53,5,'09:00:00','18:00:00'),(690,53,6,'10:00:00','16:00:00'),(56,54,1,'09:00:00','18:00:00'),(183,54,2,'09:00:00','18:00:00'),(310,54,3,'09:00:00','18:00:00'),(437,54,4,'09:00:00','18:00:00'),(564,54,5,'09:00:00','18:00:00'),(691,54,6,'10:00:00','16:00:00'),(57,55,1,'09:00:00','18:00:00'),(184,55,2,'09:00:00','18:00:00'),(311,55,3,'09:00:00','18:00:00'),(438,55,4,'09:00:00','18:00:00'),(565,55,5,'09:00:00','18:00:00'),(692,55,6,'10:00:00','16:00:00'),(58,56,1,'09:00:00','18:00:00'),(185,56,2,'09:00:00','18:00:00'),(312,56,3,'09:00:00','18:00:00'),(439,56,4,'09:00:00','18:00:00'),(566,56,5,'09:00:00','18:00:00'),(693,56,6,'10:00:00','16:00:00'),(59,57,1,'09:00:00','18:00:00'),(186,57,2,'09:00:00','18:00:00'),(313,57,3,'09:00:00','18:00:00'),(440,57,4,'09:00:00','18:00:00'),(567,57,5,'09:00:00','18:00:00'),(694,57,6,'10:00:00','16:00:00'),(60,58,1,'09:00:00','18:00:00'),(187,58,2,'09:00:00','18:00:00'),(314,58,3,'09:00:00','18:00:00'),(441,58,4,'09:00:00','18:00:00'),(568,58,5,'09:00:00','18:00:00'),(695,58,6,'10:00:00','16:00:00'),(61,59,1,'09:00:00','18:00:00'),(188,59,2,'09:00:00','18:00:00'),(315,59,3,'09:00:00','18:00:00'),(442,59,4,'09:00:00','18:00:00'),(569,59,5,'09:00:00','18:00:00'),(696,59,6,'10:00:00','16:00:00'),(29,60,1,'09:00:00','18:00:00'),(156,60,2,'09:00:00','18:00:00'),(283,60,3,'09:00:00','18:00:00'),(410,60,4,'09:00:00','18:00:00'),(537,60,5,'09:00:00','18:00:00'),(664,60,6,'10:00:00','16:00:00'),(30,61,1,'09:00:00','18:00:00'),(157,61,2,'09:00:00','18:00:00'),(284,61,3,'09:00:00','18:00:00'),(411,61,4,'09:00:00','18:00:00'),(538,61,5,'09:00:00','18:00:00'),(665,61,6,'10:00:00','16:00:00'),(31,62,1,'09:00:00','18:00:00'),(158,62,2,'09:00:00','18:00:00'),(285,62,3,'09:00:00','18:00:00'),(412,62,4,'09:00:00','18:00:00'),(539,62,5,'09:00:00','18:00:00'),(666,62,6,'10:00:00','16:00:00'),(32,63,1,'09:00:00','18:00:00'),(159,63,2,'09:00:00','18:00:00'),(286,63,3,'09:00:00','18:00:00'),(413,63,4,'09:00:00','18:00:00'),(540,63,5,'09:00:00','18:00:00'),(667,63,6,'10:00:00','16:00:00'),(33,64,1,'09:00:00','18:00:00'),(160,64,2,'09:00:00','18:00:00'),(287,64,3,'09:00:00','18:00:00'),(414,64,4,'09:00:00','18:00:00'),(541,64,5,'09:00:00','18:00:00'),(668,64,6,'10:00:00','16:00:00'),(34,65,1,'09:00:00','18:00:00'),(161,65,2,'09:00:00','18:00:00'),(288,65,3,'09:00:00','18:00:00'),(415,65,4,'09:00:00','18:00:00'),(542,65,5,'09:00:00','18:00:00'),(669,65,6,'10:00:00','16:00:00'),(63,67,1,'09:00:00','18:00:00'),(190,67,2,'09:00:00','18:00:00'),(317,67,3,'09:00:00','18:00:00'),(444,67,4,'09:00:00','18:00:00'),(571,67,5,'09:00:00','18:00:00'),(698,67,6,'10:00:00','16:00:00'),(62,68,1,'09:00:00','18:00:00'),(189,68,2,'09:00:00','18:00:00'),(316,68,3,'09:00:00','18:00:00'),(443,68,4,'09:00:00','18:00:00'),(570,68,5,'09:00:00','18:00:00'),(697,68,6,'10:00:00','16:00:00'),(64,69,1,'09:00:00','18:00:00'),(191,69,2,'09:00:00','18:00:00'),(318,69,3,'09:00:00','18:00:00'),(445,69,4,'09:00:00','18:00:00'),(572,69,5,'09:00:00','18:00:00'),(699,69,6,'10:00:00','16:00:00'),(65,70,1,'09:00:00','18:00:00'),(192,70,2,'09:00:00','18:00:00'),(319,70,3,'09:00:00','18:00:00'),(446,70,4,'09:00:00','18:00:00'),(573,70,5,'09:00:00','18:00:00'),(700,70,6,'10:00:00','16:00:00'),(66,71,1,'09:00:00','18:00:00'),(193,71,2,'09:00:00','18:00:00'),(320,71,3,'09:00:00','18:00:00'),(447,71,4,'09:00:00','18:00:00'),(574,71,5,'09:00:00','18:00:00'),(701,71,6,'10:00:00','16:00:00'),(67,72,1,'09:00:00','18:00:00'),(194,72,2,'09:00:00','18:00:00'),(321,72,3,'09:00:00','18:00:00'),(448,72,4,'09:00:00','18:00:00'),(575,72,5,'09:00:00','18:00:00'),(702,72,6,'10:00:00','16:00:00'),(68,73,1,'09:00:00','18:00:00'),(195,73,2,'09:00:00','18:00:00'),(322,73,3,'09:00:00','18:00:00'),(449,73,4,'09:00:00','18:00:00'),(576,73,5,'09:00:00','18:00:00'),(703,73,6,'10:00:00','16:00:00'),(69,74,1,'09:00:00','18:00:00'),(196,74,2,'09:00:00','18:00:00'),(323,74,3,'09:00:00','18:00:00'),(450,74,4,'09:00:00','18:00:00'),(577,74,5,'09:00:00','18:00:00'),(704,74,6,'10:00:00','16:00:00'),(70,75,1,'09:00:00','18:00:00'),(197,75,2,'09:00:00','18:00:00'),(324,75,3,'09:00:00','18:00:00'),(451,75,4,'09:00:00','18:00:00'),(578,75,5,'09:00:00','18:00:00'),(705,75,6,'10:00:00','16:00:00'),(71,76,1,'09:00:00','18:00:00'),(198,76,2,'09:00:00','18:00:00'),(325,76,3,'09:00:00','18:00:00'),(452,76,4,'09:00:00','18:00:00'),(579,76,5,'09:00:00','18:00:00'),(706,76,6,'10:00:00','16:00:00'),(72,77,1,'09:00:00','18:00:00'),(199,77,2,'09:00:00','18:00:00'),(326,77,3,'09:00:00','18:00:00'),(453,77,4,'09:00:00','18:00:00'),(580,77,5,'09:00:00','18:00:00'),(707,77,6,'10:00:00','16:00:00'),(73,78,1,'09:00:00','18:00:00'),(200,78,2,'09:00:00','18:00:00'),(327,78,3,'09:00:00','18:00:00'),(454,78,4,'09:00:00','18:00:00'),(581,78,5,'09:00:00','18:00:00'),(708,78,6,'10:00:00','16:00:00');
/*!40000 ALTER TABLE `staff_working_hours` ENABLE KEYS */;
UNLOCK TABLES;

--
-- Table structure for table `users`
--

DROP TABLE IF EXISTS `users`;
/*!40101 SET @saved_cs_client     = @@character_set_client */;
/*!50503 SET character_set_client = utf8mb4 */;
CREATE TABLE `users` (
  `id` bigint unsigned NOT NULL AUTO_INCREMENT,
  `email` varchar(255) NOT NULL,
  `phone` varchar(30) DEFAULT NULL,
  `gender` varchar(20) DEFAULT NULL,
  `date_of_birth` date DEFAULT NULL,
  `address` varchar(255) DEFAULT NULL,
  `city` varchar(100) DEFAULT NULL,
  `postal_code` varchar(20) DEFAULT NULL,
  `notes` text,
  `password_hash` varchar(255) NOT NULL,
  `first_name` varchar(100) DEFAULT NULL,
  `last_name` varchar(100) DEFAULT NULL,
  `country` varchar(100) DEFAULT NULL,
  `role` enum('client','owner','staff','admin') NOT NULL DEFAULT 'client',
  `created_at` datetime NOT NULL DEFAULT CURRENT_TIMESTAMP,
  `updated_at` datetime NOT NULL DEFAULT CURRENT_TIMESTAMP ON UPDATE CURRENT_TIMESTAMP,
  `email_verified` tinyint(1) NOT NULL DEFAULT '0',
  `reset_token` varchar(255) DEFAULT NULL,
  `reset_token_expires` datetime DEFAULT NULL,
  `avatar_url` varchar(500) DEFAULT NULL,
  `last_login_at` datetime DEFAULT NULL,
  PRIMARY KEY (`id`),
  UNIQUE KEY `uq_users_email` (`email`),
  KEY `idx_users_role` (`role`),
  KEY `idx_users_country` (`country`),
  KEY `idx_users_last_login_role` (`last_login_at`,`role`)
) ENGINE=InnoDB AUTO_INCREMENT=1242 DEFAULT CHARSET=utf8mb4 COLLATE=utf8mb4_0900_ai_ci;
/*!40101 SET character_set_client = @saved_cs_client */;

--
-- Dumping data for table `users`
--

LOCK TABLES `users` WRITE;
/*!40000 ALTER TABLE `users` DISABLE KEYS */;
INSERT INTO `users` VALUES (179,'owner@fresh.com','+1234567890',NULL,NULL,NULL,NULL,NULL,NULL,'$2b$10$69IPnzwcjesjbu/fsiPHy.uAcixbosVMUwYDucDGAKLDjQ717PCgu','John','Smith',NULL,'owner','2026-01-12 17:25:53','2026-01-12 17:25:53',0,NULL,NULL,NULL,NULL),(180,'owner2@fresh.com','+1234567891',NULL,NULL,NULL,NULL,NULL,NULL,'$2b$10$69IPnzwcjesjbu/fsiPHy.uAcixbosVMUwYDucDGAKLDjQ717PCgu','Sarah','Connor',NULL,'owner','2026-01-12 17:25:53','2026-01-12 17:25:53',0,NULL,NULL,NULL,NULL),(181,'owner3@fresh.com','+1234567892',NULL,NULL,NULL,NULL,NULL,NULL,'$2b$10$69IPnzwcjesjbu/fsiPHy.uAcixbosVMUwYDucDGAKLDjQ717PCgu','James','Bond',NULL,'owner','2026-01-12 17:25:53','2026-01-12 17:25:53',0,NULL,NULL,NULL,NULL),(182,'owner4@fresh.com','+1234567893',NULL,NULL,NULL,NULL,NULL,NULL,'$2b$10$69IPnzwcjesjbu/fsiPHy.uAcixbosVMUwYDucDGAKLDjQ717PCgu','Ellen','Ripley',NULL,'owner','2026-01-12 17:25:53','2026-01-12 17:25:53',0,NULL,NULL,NULL,NULL),(183,'owner5@fresh.com','+1234567894',NULL,NULL,NULL,NULL,NULL,NULL,'$2b$10$69IPnzwcjesjbu/fsiPHy.uAcixbosVMUwYDucDGAKLDjQ717PCgu','Tony','Stark',NULL,'owner','2026-01-12 17:25:53','2026-01-12 17:25:53',0,NULL,NULL,NULL,NULL),(184,'owner6@fresh.com','+1234567895',NULL,NULL,NULL,NULL,NULL,NULL,'$2b$10$69IPnzwcjesjbu/fsiPHy.uAcixbosVMUwYDucDGAKLDjQ717PCgu','Bruce','Wayne',NULL,'owner','2026-01-12 17:25:53','2026-01-12 17:25:53',0,NULL,NULL,NULL,NULL),(185,'client@fresh.com','+1234567896',NULL,NULL,NULL,NULL,NULL,NULL,'$2b$10$69IPnzwcjesjbu/fsiPHy.uAcixbosVMUwYDucDGAKLDjQ717PCgu','Waynee','Waynee',NULL,'client','2026-01-12 17:25:53','2026-01-12 23:35:52',0,NULL,NULL,NULL,NULL),(186,'testpro_country@example.com',NULL,NULL,NULL,NULL,NULL,NULL,NULL,'$2b$12$KPN1h3cBzDAXG2OoHC.0/.8rtTpTVFGWCqlXV5LBmaxz69JwRwBra','Test','Pro','DZ','owner','2026-01-13 00:07:24','2026-01-13 00:07:24',0,NULL,NULL,NULL,NULL),(187,'testclient_no_country@example.com',NULL,NULL,NULL,NULL,NULL,NULL,NULL,'$2b$10$69IPnzwcjesjbu/fsiPHy.uAcixbosVMUwYDucDGAKLDjQ717PCgu','Test','Client','','client','2026-01-13 00:09:11','2026-02-17 11:42:24',0,NULL,NULL,NULL,NULL),(188,'owner_1768737301173@example.com',NULL,NULL,NULL,NULL,NULL,NULL,NULL,'$2b$12$ww8U.RD7KrkB3yjc3mbhQ.ptRTsgg.2ZFGloQs4KkfavvKlSohk8q','Test','Owner',NULL,'owner','2026-01-18 12:55:01','2026-01-18 12:55:01',0,NULL,NULL,NULL,NULL),(189,'owner_1768737341665@example.com',NULL,NULL,NULL,NULL,NULL,NULL,NULL,'$2b$12$eHafAK03Ts89dA/l7MHz2.DskLlFYdXMSOxIENX7.dohH5ge6h982','Test','Owner',NULL,'owner','2026-01-18 12:55:41','2026-01-18 12:55:41',0,NULL,NULL,NULL,NULL),(190,'jane.smith@test.com','+1 555 987 6543',NULL,NULL,NULL,NULL,NULL,NULL,'$2b$10$hIKBmTOOBRa7oLyhJ5Q/Wu2mOd6AeDpukeBctfBDx1pHKZj.EdYM.','Jane','Smith',NULL,'staff','2026-01-18 12:55:42','2026-01-18 12:55:42',0,NULL,NULL,NULL,NULL),(191,'owner_1768737370346@example.com',NULL,NULL,NULL,NULL,NULL,NULL,NULL,'$2b$12$p5Gm4ZWqdEWOo4wRiRohBuh.sY4jinAawANpuYXaoaR7Y02o5lcce','Test','Owner',NULL,'owner','2026-01-18 12:56:10','2026-01-18 12:56:10',0,NULL,NULL,NULL,NULL),(192,'owner_1768737440160@example.com',NULL,NULL,NULL,NULL,NULL,NULL,NULL,'$2b$12$GDihTcjkUI8ErWLSK60RluEr6WoqRk/1ZwsSHK.OY5h5oXbCHOIG2','Test','Owner',NULL,'owner','2026-01-18 12:57:20','2026-01-18 12:57:20',0,NULL,NULL,NULL,NULL),(193,'owner_1768737799969@example.com',NULL,NULL,NULL,NULL,NULL,NULL,NULL,'$2b$12$eBYE6iiisftL81Zw.OL66.2oj88uznIhjgo4XskXdeefvgoPuuNsG','Test','Owner',NULL,'owner','2026-01-18 13:03:20','2026-01-18 13:03:20',0,NULL,NULL,NULL,NULL),(194,'dofus-bhmxx@live.fr','+213562105689',NULL,NULL,NULL,NULL,NULL,NULL,'$2b$10$SDiXdUOyNVKqxsRB3THa6e83o0D5hGALB4jZFAaqxMn4NUNDhEh52','brahimz','moulahoumz',NULL,'staff','2026-01-18 13:12:10','2026-01-18 13:12:10',0,NULL,NULL,NULL,NULL),(196,'owner_1768739243991@example.com',NULL,NULL,NULL,NULL,NULL,NULL,NULL,'$2b$12$MyeF0U3seTxyZCcdZ.nk7.mCI8JRSOeej1eIGw78KCH1BTL2wEFxm','Test','Owner',NULL,'owner','2026-01-18 13:27:24','2026-01-18 13:27:24',0,NULL,NULL,NULL,NULL),(197,'owner_1768739303582_xs3im@example.com',NULL,NULL,NULL,NULL,NULL,NULL,NULL,'$2b$12$pqzEkk0CsjNkcOWBkAoq3O2J1jSPMdM/ewkA.RwGg7RE9ZBq9NmJ2','Test','Owner',NULL,'owner','2026-01-18 13:28:23','2026-01-18 13:28:23',0,NULL,NULL,NULL,NULL),(198,'owner_1768739303593_eb25o@example.com',NULL,NULL,NULL,NULL,NULL,NULL,NULL,'$2b$12$O1Mrc2kd3RbpDBrOvKf4KOmdHFZQz9V7Ycz3suxE6ei3meMgOeonu','Test','Owner',NULL,'owner','2026-01-18 13:28:24','2026-01-18 13:28:24',0,NULL,NULL,NULL,NULL),(199,'owner_1768739363639_lmdtr@example.com',NULL,NULL,NULL,NULL,NULL,NULL,NULL,'$2b$12$T2yTYS0zH46GpBFclez.1.gkk7bP/7OKE4Nhdu1r5oVVP9IC1Lefi','Test','Owner',NULL,'owner','2026-01-18 13:29:23','2026-01-18 13:29:23',0,NULL,NULL,NULL,NULL),(200,'emily.wizard.1768739364543@test.com','+1 555 222 3333',NULL,NULL,NULL,NULL,NULL,NULL,'$2b$10$fdfg6piHNfpnDq.ZypYPreLZpKIbdafhjaH5lk.aKXntN3PGownAa','Emily','Watson',NULL,'staff','2026-01-18 13:29:25','2026-01-18 13:29:25',0,NULL,NULL,NULL,NULL),(201,'owner_1768739373219_5qjyf@example.com',NULL,NULL,NULL,NULL,NULL,NULL,NULL,'$2b$12$1PHjtzLgwXeBmsCIYNlTuujzVim0A1LKiR6mLZZwyhAsPYOTvRj6S','Test','Owner',NULL,'owner','2026-01-18 13:29:33','2026-01-18 13:29:33',0,NULL,NULL,NULL,NULL),(202,'owner_1768739373230_opugh@example.com',NULL,NULL,NULL,NULL,NULL,NULL,NULL,'$2b$12$Ala13IVqKybt/kkVzGqjdu..haLOFcwNXypGIPF6VJXVH5NsOkgo2','Test','Owner',NULL,'owner','2026-01-18 13:29:33','2026-01-18 13:29:33',0,NULL,NULL,NULL,NULL),(203,'emily.wizard.1768739374541@test.com','+1 555 222 3333',NULL,NULL,NULL,NULL,NULL,NULL,'$2b$10$vDppKgclkmPW1wSRhFErk.mkRNs8dJnrHbVHpcyG0POnc0igIQ5aS','Emily','Watson',NULL,'staff','2026-01-18 13:29:35','2026-01-18 13:29:35',0,NULL,NULL,NULL,NULL),(204,'owner_1768739639231_1z9ge@example.com',NULL,NULL,NULL,NULL,NULL,NULL,NULL,'$2b$12$GGHzRKKq2iJoDYJLh4Qeq.tUC0IOztmrEkmsZS6kSMnnEVFj.Vm4O','Test','Owner',NULL,'owner','2026-01-18 13:33:59','2026-01-18 13:33:59',0,NULL,NULL,NULL,NULL),(205,'owner_1768739639231_t3gj7@example.com',NULL,NULL,NULL,NULL,NULL,NULL,NULL,'$2b$12$.WwB4RoB8vdgDWqL/2FVIeIKSEs7Uum14biHosot9cBRxcmeD54L.','Test','Owner',NULL,'owner','2026-01-18 13:33:59','2026-01-18 13:33:59',0,NULL,NULL,NULL,NULL),(206,'emily.wizard.1768739640584@test.com','+1 555 222 3333',NULL,NULL,NULL,NULL,NULL,NULL,'$2b$10$sJwl2XSXZC8MynECR/VPIuAW/P5BGCKmW5yhEqqiXL1ilHYFoQSvO','Emily','Watson',NULL,'staff','2026-01-18 13:34:01','2026-01-18 13:34:01',0,NULL,NULL,NULL,NULL),(207,'staff_1768745297707_m5xh@placeholder.local','+213562105687',NULL,NULL,NULL,NULL,NULL,NULL,'$2b$10$OHxmJwmkAhTvBpefY4/6lOvshtrPbk129ImzUrqGiXtgn1HxyBkI.','moukdad','zandav',NULL,'staff','2026-01-18 15:08:17','2026-01-18 15:08:17',0,NULL,NULL,NULL,NULL),(208,'concurrent_tester_637175@example.com',NULL,NULL,NULL,NULL,NULL,NULL,NULL,'$2b$12$oqiTTfNQd56ifp4zr6Rg8Oyav7t1LmSMh5x4kELt3tvH.lZH.iQn6','Concurrency','Tester',NULL,'client','2026-01-19 12:31:24','2026-01-19 12:31:24',0,NULL,NULL,NULL,NULL),(209,'concurrent_tester_328756@example.com',NULL,NULL,NULL,NULL,NULL,NULL,NULL,'$2b$12$psn2g9h0fou1RwKLWqoIaO.VZ6Z6UhCdfZuGZy7M16mPM4fFbMQqW','Concurrency','Tester',NULL,'client','2026-01-19 12:34:54','2026-01-19 12:34:54',0,NULL,NULL,NULL,NULL),(210,'concurrent_tester_501449@example.com',NULL,NULL,NULL,NULL,NULL,NULL,NULL,'$2b$12$vyM7rIcq5K5vwh3rCosY2.e3I9lqixBNbOd222FUXHOY0C1WkRmHe','Concurrency','Tester',NULL,'client','2026-01-19 12:39:49','2026-01-19 12:39:49',0,NULL,NULL,NULL,NULL),(211,'concurrent_tester_412317@example.com',NULL,NULL,NULL,NULL,NULL,NULL,NULL,'$2b$12$GHcA75nBy1n9dcvfBha6uesxGpZ0eZc9azLPJ/.uV/Hqmm3hUPCE6','Concurrency','Tester',NULL,'client','2026-01-19 12:55:15','2026-01-19 12:55:15',0,NULL,NULL,NULL,NULL),(212,'concurrent_tester_877657@example.com',NULL,NULL,NULL,NULL,NULL,NULL,NULL,'$2b$12$4hKkQxLyhpmQHfl9X01kced4UBp/o6mtHdbkEcl4jN1x6QGAnZUhq','Concurrency','Tester',NULL,'client','2026-01-19 12:55:15','2026-01-19 12:55:15',0,NULL,NULL,NULL,NULL),(213,'concurrent_tester_131093@example.com',NULL,NULL,NULL,NULL,NULL,NULL,NULL,'$2b$12$xIGkNzJ9Zgf3PQW9C3X8Hu0rkSswdUfJCcFy4z/9cH5YSozlm37sa','Concurrency','Tester',NULL,'client','2026-01-19 12:56:44','2026-01-19 12:56:44',0,NULL,NULL,NULL,NULL),(214,'concurrent_tester_885105@example.com',NULL,NULL,NULL,NULL,NULL,NULL,NULL,'$2b$12$axZlDJnPxYzCpz5rH5Z2CONpu3k7bMAy.aqADNboiIz2JqSnzR/zC','Concurrency','Tester',NULL,'client','2026-01-19 12:56:44','2026-01-19 12:56:44',0,NULL,NULL,NULL,NULL),(215,'concurrent_tester_590166@example.com',NULL,NULL,NULL,NULL,NULL,NULL,NULL,'$2b$12$gM43CB1sFXx113fN9jKd1ue8stdxUh.RWLHpaUHK5UEl/ieWktH2a','Concurrency','Tester',NULL,'client','2026-01-19 12:58:21','2026-01-19 12:58:21',0,NULL,NULL,NULL,NULL),(216,'concurrent_tester_587373@example.com',NULL,NULL,NULL,NULL,NULL,NULL,NULL,'$2b$12$TObzt2Jmos4P07sz0mQM7.5x7NUuVdN6/DEV2Wf0aHXErbtCQe612','Concurrency','Tester',NULL,'client','2026-01-19 12:58:21','2026-01-19 12:58:21',0,NULL,NULL,NULL,NULL),(217,'concurrent_tester_704255@example.com',NULL,NULL,NULL,NULL,NULL,NULL,NULL,'$2b$12$lLqgOMX8b0mmrHdksg2SrOqSN/FbyUgSSrVZazlRb8OQSCj7qh5PC','Concurrency','Tester',NULL,'client','2026-01-19 12:58:52','2026-01-19 12:58:52',0,NULL,NULL,NULL,NULL),(218,'concurrent_tester_486015@example.com',NULL,NULL,NULL,NULL,NULL,NULL,NULL,'$2b$12$CJH6c4mcW0i8HNPpEghzgOgz86Uyqf.UJEx2kSXGNEPlNNYjcKzi.','Concurrency','Tester',NULL,'client','2026-01-19 12:58:52','2026-01-19 12:58:52',0,NULL,NULL,NULL,NULL),(219,'concurrent_tester_672693@example.com',NULL,NULL,NULL,NULL,NULL,NULL,NULL,'$2b$12$YLaS71z2OCwCfMQBDB3NVOaH3RYrlmMoSZDFwHO0YoCHyiDEKAeRu','Concurrency','Tester',NULL,'client','2026-01-19 12:58:52','2026-01-19 12:58:52',0,NULL,NULL,NULL,NULL),(220,'concurrent_tester_545076@example.com',NULL,NULL,NULL,NULL,NULL,NULL,NULL,'$2b$12$DflS8OA2r1IG7C5pchNK9e.Hw/FZ3MKVgehh9WF1yXFdd8701Xdoq','Concurrency','Tester',NULL,'client','2026-01-19 12:58:52','2026-01-19 12:58:52',0,NULL,NULL,NULL,NULL),(221,'concurrent_tester_819461@example.com',NULL,NULL,NULL,NULL,NULL,NULL,NULL,'$2b$12$qLbvP0rKgN/G1oK59VpmbewoWfj1YpK5nnC3G//xQKFWQkNbAX8u2','Concurrency','Tester',NULL,'client','2026-01-19 12:58:52','2026-01-19 12:58:52',0,NULL,NULL,NULL,NULL),(222,'concurrent_tester_406313@example.com',NULL,NULL,NULL,NULL,NULL,NULL,NULL,'$2b$12$S4m9d2gAPzpfhN5qFTK2ZeP//MuxxLd.DwTBK/pIwnzfJTzx9R0u6','Concurrency','Tester',NULL,'client','2026-01-19 12:58:54','2026-01-19 12:58:54',0,NULL,NULL,NULL,NULL),(223,'concurrent_tester_814212@example.com',NULL,NULL,NULL,NULL,NULL,NULL,NULL,'$2b$12$lfaZfx3q33RRgmO0fTvsYOxCO2BNd2qXFz10UYXbLVFLfSLrhUlc6','Concurrency','Tester',NULL,'client','2026-01-19 12:58:55','2026-01-19 12:58:55',0,NULL,NULL,NULL,NULL),(224,'concurrent_tester_316600@example.com',NULL,NULL,NULL,NULL,NULL,NULL,NULL,'$2b$12$cFvsj2GRUJurP/yMayJ9ruyxAb5FcXRtvRGQ6pkOsD69u6tRt01vS','Concurrency','Tester',NULL,'client','2026-01-19 12:58:55','2026-01-19 12:58:55',0,NULL,NULL,NULL,NULL),(225,'concurrent_tester_420000@example.com',NULL,NULL,NULL,NULL,NULL,NULL,NULL,'$2b$12$dH4vZeoATERcK1/FBPyqK.atumKsa1nNHc24uPh9vXNrSn3HdJQk6','Concurrency','Tester',NULL,'client','2026-01-19 12:58:55','2026-01-19 12:58:55',0,NULL,NULL,NULL,NULL),(226,'concurrent_tester_210969@example.com',NULL,NULL,NULL,NULL,NULL,NULL,NULL,'$2b$12$XYNMRc14f41V/At3YS2fpOCKuZneegxep0WU6XCYKah8stXcUnZfy','Concurrency','Tester',NULL,'client','2026-01-19 12:58:55','2026-01-19 12:58:55',0,NULL,NULL,NULL,NULL),(227,'concurrent_tester_25033@example.com',NULL,NULL,NULL,NULL,NULL,NULL,NULL,'$2b$12$UzZuZ1aXg1wDElVIKBr80ONes3DTpRcUlXcm12KogSwN1PE5e3o0i','Concurrency','Tester',NULL,'client','2026-01-19 12:58:55','2026-01-19 12:58:55',0,NULL,NULL,NULL,NULL),(228,'concurrent_tester_134331@example.com',NULL,NULL,NULL,NULL,NULL,NULL,NULL,'$2b$12$Gt36/Yes6odNHK3zCD2FJej.tjwHE3EIecBpWrwHyu8ZpjKsmqVnS','Concurrency','Tester',NULL,'client','2026-01-19 12:58:56','2026-01-19 12:58:56',0,NULL,NULL,NULL,NULL),(229,'concurrent_tester_478229@example.com',NULL,NULL,NULL,NULL,NULL,NULL,NULL,'$2b$12$.aOEh9TPAsdGdu9t2Hq/eetzyUf5SSonnpVqNJH1u/Mzmjqo4K/W6','Concurrency','Tester',NULL,'client','2026-01-19 12:59:34','2026-01-19 12:59:34',0,NULL,NULL,NULL,NULL),(230,'concurrent_tester_968884@example.com',NULL,NULL,NULL,NULL,NULL,NULL,NULL,'$2b$12$TLwkaq0TUR.5hR3EDoCRnuuQpeIgqDkxo8hGv2pQw42OSvUIThF6u','Concurrency','Tester',NULL,'client','2026-01-19 12:59:34','2026-01-19 12:59:34',0,NULL,NULL,NULL,NULL),(231,'concurrent_tester_222@example.com',NULL,NULL,NULL,NULL,NULL,NULL,NULL,'$2b$12$31bcl8/.7eWsWolAMiIgG.dKISQkBICncbiZBgPhjszepIWnLuvfm','Concurrency','Tester',NULL,'client','2026-01-19 12:59:34','2026-01-19 12:59:34',0,NULL,NULL,NULL,NULL),(232,'concurrent_tester_598320@example.com',NULL,NULL,NULL,NULL,NULL,NULL,NULL,'$2b$12$hfvuZS2G8IYEWapP2o3AZOvCSvkEnE.fjot/opGZ.U8YN.IORjRse','Concurrency','Tester',NULL,'client','2026-01-19 12:59:34','2026-01-19 12:59:34',0,NULL,NULL,NULL,NULL),(233,'concurrent_tester_512258@example.com',NULL,NULL,NULL,NULL,NULL,NULL,NULL,'$2b$12$EKjhynefCEbMh/2xdUKSGukiWmZTsWxg66mlIAVfs0GaVmlDIweZ2','Concurrency','Tester',NULL,'client','2026-01-19 12:59:34','2026-01-19 12:59:34',0,NULL,NULL,NULL,NULL),(234,'concurrent_tester_223593@example.com',NULL,NULL,NULL,NULL,NULL,NULL,NULL,'$2b$12$aSYxtfqVFZm/5RYqF/Sd0.4Iiz71LhZjrz9Hy/eSTzxruZFycBsqy','Concurrency','Tester',NULL,'client','2026-01-19 12:59:36','2026-01-19 12:59:36',0,NULL,NULL,NULL,NULL),(235,'concurrent_tester_672142@example.com',NULL,NULL,NULL,NULL,NULL,NULL,NULL,'$2b$12$Ja8onxE9YkWTw0lD8KJtQetdyRivxOSTlbxeIwaSKXsVpPHwi41ce','Concurrency','Tester',NULL,'client','2026-01-19 12:59:37','2026-01-19 12:59:37',0,NULL,NULL,NULL,NULL),(236,'concurrent_tester_294520@example.com',NULL,NULL,NULL,NULL,NULL,NULL,NULL,'$2b$12$bvmOK8VCPgx31iEzDur8f./Kr8fIGNpgqICKCwbVINL0K4UXA6fcC','Concurrency','Tester',NULL,'client','2026-01-19 12:59:37','2026-01-19 12:59:37',0,NULL,NULL,NULL,NULL),(237,'concurrent_tester_442167@example.com',NULL,NULL,NULL,NULL,NULL,NULL,NULL,'$2b$12$nqZ1AAfEhmPV0EON0Dun3ukNk1Nvm7ijUmj5A1Ptsy/z83wAmqKmq','Concurrency','Tester',NULL,'client','2026-01-19 12:59:37','2026-01-19 12:59:37',0,NULL,NULL,NULL,NULL),(238,'concurrent_tester_788963@example.com',NULL,NULL,NULL,NULL,NULL,NULL,NULL,'$2b$12$hIXLb3LfR2CaiSr7gczCjeAkzqveNFoAnB2INfxZ9POfRUAR3lyHG','Concurrency','Tester',NULL,'client','2026-01-19 12:59:37','2026-01-19 12:59:37',0,NULL,NULL,NULL,NULL),(239,'concurrent_tester_254740@example.com',NULL,NULL,NULL,NULL,NULL,NULL,NULL,'$2b$12$lkKZEsqhNV8zPfzWVdRpIeiESCP8XMFtBoDnE3AFFoErFGVQskrD6','Concurrency','Tester',NULL,'client','2026-01-19 12:59:37','2026-01-19 12:59:37',0,NULL,NULL,NULL,NULL),(240,'concurrent_tester_558707@example.com',NULL,NULL,NULL,NULL,NULL,NULL,NULL,'$2b$12$mFoQgROSxwJGfAH53Z6IZ.sX0cTf886h9nTlJLqP7wI2tPx3BeRLe','Concurrency','Tester',NULL,'client','2026-01-19 12:59:37','2026-01-19 12:59:37',0,NULL,NULL,NULL,NULL),(241,'payment_test_829980@example.com',NULL,NULL,NULL,NULL,NULL,NULL,NULL,'$2b$12$pcKSrrCg8flmvtH2vybPVeUt02aBjs/ZaRnDFPx2VTCEMnYa7IBh2','Payment','Tester',NULL,'client','2026-01-19 13:04:01','2026-01-19 13:04:01',0,NULL,NULL,NULL,NULL),(242,'payment_test_707655@example.com',NULL,NULL,NULL,NULL,NULL,NULL,NULL,'$2b$12$nujrdUoeSFgYsh.2mPrB..lD00WDY9hf82GoRrqjecZds9GdIXMYy','Payment','Tester',NULL,'client','2026-01-19 13:04:01','2026-01-19 13:04:01',0,NULL,NULL,NULL,NULL),(243,'payment_test_551062@example.com',NULL,NULL,NULL,NULL,NULL,NULL,NULL,'$2b$12$tovMHOC9aCNc/ezEkjg1huKK4BvsBhzNfWI0wtwfW721fXA7BZV1.','Payment','Tester',NULL,'client','2026-01-19 13:04:02','2026-01-19 13:04:02',0,NULL,NULL,NULL,NULL),(244,'payment_test_50844@example.com',NULL,NULL,NULL,NULL,NULL,NULL,NULL,'$2b$12$nm8VWS/x8jwAo6lB3kCozePJHtfx3Qte.wMZJWZv3xRAIV5f5PouW','Payment','Tester',NULL,'client','2026-01-19 13:08:39','2026-01-19 13:08:39',0,NULL,NULL,NULL,NULL),(245,'payment_test_619404@example.com',NULL,NULL,NULL,NULL,NULL,NULL,NULL,'$2b$12$737g6BmMxo11PMlTs5fGLeX98FdqM2cb3zZ2xsz4l9js6Tfyc96W6','Payment','Tester',NULL,'client','2026-01-19 13:08:39','2026-01-19 13:08:39',0,NULL,NULL,NULL,NULL),(246,'payment_test_779317@example.com',NULL,NULL,NULL,NULL,NULL,NULL,NULL,'$2b$12$Y05PwO0YHF5XuYyjTByMpuAeDkpXg6LnSTSdwbcdOtAlYv.pgkDI2','Payment','Tester',NULL,'client','2026-01-19 13:08:39','2026-01-19 13:08:39',0,NULL,NULL,NULL,NULL),(247,'concurrent_tester_270453@example.com',NULL,NULL,NULL,NULL,NULL,NULL,NULL,'$2b$12$wbmW8/RKhPuf3Ko4KijTd.tgKnXNdBugPhDOhjxRc9hpredqujEXO','Concurrency','Tester',NULL,'client','2026-01-19 13:34:14','2026-01-19 13:34:14',0,NULL,NULL,NULL,NULL),(248,'api.tester+n3ciaf7y@example.com',NULL,NULL,NULL,NULL,NULL,NULL,NULL,'$2b$12$aeCmaua57hWnhnOr3GNW0.rN5rxcobjLfeayv54hgRtwfqBKM4Sk2','API','Tester',NULL,'owner','2026-01-19 13:34:14','2026-01-19 13:34:14',0,NULL,NULL,NULL,NULL),(249,'concurrent_tester_865953@example.com',NULL,NULL,NULL,NULL,NULL,NULL,NULL,'$2b$12$/RiNPLTKyhd6elZK/7OKkuYbVO7Vn7QGTYOn8EcQ55LNcQfGp1tJO','Concurrency','Tester',NULL,'client','2026-01-19 13:34:14','2026-01-19 13:34:14',0,NULL,NULL,NULL,NULL),(250,'owner_1768826066705@example.com',NULL,NULL,NULL,NULL,NULL,NULL,NULL,'$2b$12$gLIC15XYTskcp.dASRpE9uWVunpV/2om.9rvhn7qlJwqMwWqztHki','Test','Owner',NULL,'owner','2026-01-19 13:34:27','2026-01-19 13:34:27',0,NULL,NULL,NULL,NULL),(251,'owner_1768826068210@example.com',NULL,NULL,NULL,NULL,NULL,NULL,NULL,'$2b$12$vj2mmqz0qdlT5O1lGnw4XuZsXc2TFuZq3jHKDZgkRj0MpjMsOtZQS','Test','Owner',NULL,'owner','2026-01-19 13:34:28','2026-01-19 13:34:28',0,NULL,NULL,NULL,NULL),(252,'payment_test_246425@example.com',NULL,NULL,NULL,NULL,NULL,NULL,NULL,'$2b$12$j4DOoV0e6jP/SSj.v150F.zI9FrunVzCnsstKCvCt7C.Zl4ZK1Rja','Payment','Tester',NULL,'client','2026-01-19 13:34:28','2026-01-19 13:34:28',0,NULL,NULL,NULL,NULL),(253,'owner_1768826068971@example.com',NULL,NULL,NULL,NULL,NULL,NULL,NULL,'$2b$12$rgedqWAGUunBub6BZqmliufvEiUZjQbOUtC8exnOJNqTDsW5pzBQ.','Test','Owner',NULL,'owner','2026-01-19 13:34:29','2026-01-19 13:34:29',0,NULL,NULL,NULL,NULL),(254,'owner_1768826069067@example.com',NULL,NULL,NULL,NULL,NULL,NULL,NULL,'$2b$12$tWe9s5Zgg8zaxjlKyEJT.uTpcLe.taw0Wk.bjUfMGsA7yD3H1JZxG','Test','Owner',NULL,'owner','2026-01-19 13:34:29','2026-01-19 13:34:29',0,NULL,NULL,NULL,NULL),(255,'payment_test_455121@example.com',NULL,NULL,NULL,NULL,NULL,NULL,NULL,'$2b$12$bQok7vFkHf/A4V5hGrGw7O4K6IaAxALVUDuu.saTTdV.MuDZ2X2vK','Payment','Tester',NULL,'client','2026-01-19 13:34:29','2026-01-19 13:34:29',0,NULL,NULL,NULL,NULL),(256,'owner_1768826069340_kfb4p@example.com',NULL,NULL,NULL,NULL,NULL,NULL,NULL,'$2b$12$RdqzSxE3kB2eWVirf9P7P.jCdnQqWYMZ6uaDagFchjX5gabexAMQG','Test','Owner',NULL,'owner','2026-01-19 13:34:29','2026-01-19 13:34:29',0,NULL,NULL,NULL,NULL),(257,'owner_1768826070268_vtew6@example.com',NULL,NULL,NULL,NULL,NULL,NULL,NULL,'$2b$12$BGR5Eg01q/1QZ/9/c0Wmb.AHcuFEM7huTWOyfZavYJq4jNrm6wqVy','Test','Owner',NULL,'owner','2026-01-19 13:34:30','2026-01-19 13:34:30',0,NULL,NULL,NULL,NULL),(258,'api.tester+qqyto0ty@example.com',NULL,NULL,NULL,NULL,NULL,NULL,NULL,'$2b$12$UgCs.ZsA41Y3SKscnDhru.PX7g8kwzImq0ecE6Bq80sTp52kfdZCq','API','Tester',NULL,'owner','2026-01-19 13:36:05','2026-01-19 13:36:05',0,NULL,NULL,NULL,NULL),(259,'concurrent_tester_923273@example.com',NULL,NULL,NULL,NULL,NULL,NULL,NULL,'$2b$12$ml/iMHaOn2.7u9FCOdb2GOYd2HA0qGthccIblyOq9503TLVHqsNPO','Concurrency','Tester',NULL,'client','2026-01-19 13:36:05','2026-01-19 13:36:05',0,NULL,NULL,NULL,NULL),(260,'concurrent_tester_369137@example.com',NULL,NULL,NULL,NULL,NULL,NULL,NULL,'$2b$12$fXx5gMcwlgDQU9eHoMSzPulOGEH5ljN6Jj.zniELNt1zTSjerqUg6','Concurrency','Tester',NULL,'client','2026-01-19 13:36:05','2026-01-19 13:36:05',0,NULL,NULL,NULL,NULL),(261,'owner_1768826175809@example.com',NULL,NULL,NULL,NULL,NULL,NULL,NULL,'$2b$12$v0RoZo9GPo06TQzPgPc7ReFlmHIcnQvS7hVRoKICNieccCWwq5AJe','Test','Owner',NULL,'owner','2026-01-19 13:36:16','2026-01-19 13:36:16',0,NULL,NULL,NULL,NULL),(262,'owner_1768826177555@example.com',NULL,NULL,NULL,NULL,NULL,NULL,NULL,'$2b$12$KJovZHtxprkFhlZ5zYmi2eOHjNRfwHGZjGvbrZA/Wn7rs2qdTjEma','Test','Owner',NULL,'owner','2026-01-19 13:36:17','2026-01-19 13:36:17',0,NULL,NULL,NULL,NULL),(263,'payment_test_271812@example.com',NULL,NULL,NULL,NULL,NULL,NULL,NULL,'$2b$12$s8X.Vb9R81ZU0h63o5mCpOxOUCuaygQrqwZPMsssP.ZQFYOQdl7wG','Payment','Tester',NULL,'client','2026-01-19 13:36:18','2026-01-19 13:36:18',0,NULL,NULL,NULL,NULL),(264,'payment_test_550979@example.com',NULL,NULL,NULL,NULL,NULL,NULL,NULL,'$2b$12$Ou.aGM1OzcMgeQENqIC9qeO5IPIcMkvucyAKqwRvbuw9isY11eKWa','Payment','Tester',NULL,'client','2026-01-19 13:36:18','2026-01-19 13:36:18',0,NULL,NULL,NULL,NULL),(265,'payment_test_10849@example.com',NULL,NULL,NULL,NULL,NULL,NULL,NULL,'$2b$12$y2cx9XdxIxNMW.kC22aMMOtNG0Z539kPKhZwxg43WzluKBjRVb1ba','Payment','Tester',NULL,'client','2026-01-19 13:36:18','2026-01-19 13:36:18',0,NULL,NULL,NULL,NULL),(266,'owner_1768826178509@example.com',NULL,NULL,NULL,NULL,NULL,NULL,NULL,'$2b$12$zv4PjKl0nbaDJ3jrY.4iRuVgUrOC2IKmCE.6CC6GDNJu2YgrHunzW','Test','Owner',NULL,'owner','2026-01-19 13:36:18','2026-01-19 13:36:18',0,NULL,NULL,NULL,NULL),(267,'owner_1768826178849@example.com',NULL,NULL,NULL,NULL,NULL,NULL,NULL,'$2b$12$9W5PAdKwtzweFQQJbBIeoOb1ZxbYKAtiK6C91tyttBRRvU5pwt1Fa','Test','Owner',NULL,'owner','2026-01-19 13:36:19','2026-01-19 13:36:19',0,NULL,NULL,NULL,NULL),(268,'owner_1768826178923_rk66l@example.com',NULL,NULL,NULL,NULL,NULL,NULL,NULL,'$2b$12$6yJKW7LGi3iu37R5IIfztOP6miQHE7TmYCUKeB8XNZ7WylA2nBwTi','Test','Owner',NULL,'owner','2026-01-19 13:36:19','2026-01-19 13:36:19',0,NULL,NULL,NULL,NULL),(269,'owner_1768826179540_c54aw@example.com',NULL,NULL,NULL,NULL,NULL,NULL,NULL,'$2b$12$UrxV.KPNZ.Hzo6AVVcIt7uf2m/yZCCkzEc5o3AYeUGTCQ/1y/oDKy','Test','Owner',NULL,'owner','2026-01-19 13:36:19','2026-01-19 13:36:19',0,NULL,NULL,NULL,NULL),(270,'owner_1768830180920@example.com',NULL,NULL,NULL,NULL,NULL,NULL,NULL,'$2b$12$jJvlM2XVmLXEb9/W5a07VOaeV9zDlS6NrljD.QLW1nFDkBELeo73C','Test','Owner',NULL,'owner','2026-01-19 14:43:01','2026-01-19 14:43:01',0,NULL,NULL,NULL,NULL),(271,'owner_1768830180921@example.com',NULL,NULL,NULL,NULL,NULL,NULL,NULL,'$2b$12$94/8Rv9yqQJOAVmrfMGbNOUzInPc.B51z3Ml2bnVHVqXTkOdmz2JO','Test','Owner',NULL,'owner','2026-01-19 14:43:01','2026-01-19 14:43:01',0,NULL,NULL,NULL,NULL),(272,'owner_1768830180920_vlhrr@example.com',NULL,NULL,NULL,NULL,NULL,NULL,NULL,'$2b$12$Ah.2iFryUEctgaDU1e1mZ.vCObmIP.aAxIbqGpuxfjv8Tq9QcaEjO','Test','Owner',NULL,'owner','2026-01-19 14:43:01','2026-01-19 14:43:01',0,NULL,NULL,NULL,NULL),(273,'owner_1768830180921_jkpkc@example.com',NULL,NULL,NULL,NULL,NULL,NULL,NULL,'$2b$12$7awuQIKK.etbXQ9Vu0/JLeT5HVSP1bxavY9bhIhJRs9WBOT89nHFi','Test','Owner',NULL,'owner','2026-01-19 14:43:01','2026-01-19 14:43:01',0,NULL,NULL,NULL,NULL),(274,'emily.wizard.1768830182974@test.com','+1 555 222 3333',NULL,NULL,NULL,NULL,NULL,NULL,'$2b$10$1UWMgPIWDReTPR2OTD8kBubl6fY9IYyMzRKpYu9N4PI6t..4t3b8e','Emily','Watson',NULL,'staff','2026-01-19 14:43:03','2026-01-19 14:43:03',0,NULL,NULL,NULL,NULL),(275,'owner_1768830240185@example.com',NULL,NULL,NULL,NULL,NULL,NULL,NULL,'$2b$12$0fhJgXwA7nN/W68XQcJlaO1/YV/WrvARATmwcSXPpoxkxoqmJ70qS','Test','Owner',NULL,'owner','2026-01-19 14:44:00','2026-01-19 14:44:00',0,NULL,NULL,NULL,NULL),(276,'owner_1768830240184_lpe4v@example.com',NULL,NULL,NULL,NULL,NULL,NULL,NULL,'$2b$12$JgjXkVrhcHbkvqkClMJ5aeEL3g2YCZQIbIYbm81/MQySX2nIxfxMK','Test','Owner',NULL,'owner','2026-01-19 14:44:00','2026-01-19 14:44:00',0,NULL,NULL,NULL,NULL),(277,'owner_1768830240186_11u16@example.com',NULL,NULL,NULL,NULL,NULL,NULL,NULL,'$2b$12$zsXIT2F/U.et600tA4ODSuSlmKMDpWivqmCdmRdfyVTyOrFwJDrEO','Test','Owner',NULL,'owner','2026-01-19 14:44:00','2026-01-19 14:44:00',0,NULL,NULL,NULL,NULL),(278,'emily.wizard.1768830242298@test.com','+1 555 222 3333',NULL,NULL,NULL,NULL,NULL,NULL,'$2b$10$7LU5VPirqn0T6J3D026WjOMq4Ot9BdevQlfc9tnBJzO/8aSzQOLF2','Emily','Watson',NULL,'staff','2026-01-19 14:44:02','2026-01-19 14:44:02',0,NULL,NULL,NULL,NULL),(279,'api.tester+rctste0i@example.com',NULL,NULL,NULL,NULL,NULL,NULL,NULL,'$2b$12$Gsk7yhRBfqe9hveBFQ9Ce.0x5utsAau.nqsObtcpjVoYhGbm.fujy','API','Tester',NULL,'owner','2026-01-19 14:44:56','2026-01-19 14:44:56',0,NULL,NULL,NULL,NULL),(280,'concurrent_tester_621756@example.com',NULL,NULL,NULL,NULL,NULL,NULL,NULL,'$2b$12$2geihSrtwg2xO2fy61dk.etrkwlKQHeH5HhVHtpMH3Yq/BGFzyQRu','Concurrency','Tester',NULL,'client','2026-01-19 14:44:56','2026-01-19 14:44:56',0,NULL,NULL,NULL,NULL),(281,'concurrent_tester_555748@example.com',NULL,NULL,NULL,NULL,NULL,NULL,NULL,'$2b$12$/Yg4DH0CllSQXV5tr4JviOUQBjz2QQ0/yZpkttoJQq1o5iBQmRgMK','Concurrency','Tester',NULL,'client','2026-01-19 14:44:56','2026-01-19 14:44:56',0,NULL,NULL,NULL,NULL),(282,'owner_1768830309666@example.com',NULL,NULL,NULL,NULL,NULL,NULL,NULL,'$2b$12$VQy2Hu1/EQz5UOpq1iUp3uqBEOVWuH.5lJCyZy/eVxgoKGTy7HuTq','Test','Owner',NULL,'owner','2026-01-19 14:45:09','2026-01-19 14:45:09',0,NULL,NULL,NULL,NULL),(283,'payment_test_395707@example.com',NULL,NULL,NULL,NULL,NULL,NULL,NULL,'$2b$12$VB3cN2tRAHFEvXyRtCBWYuui32GUJrQcRH8WdlAa.9lQqRDpWtJ5.','Payment','Tester',NULL,'client','2026-01-19 14:45:11','2026-01-19 14:45:11',0,NULL,NULL,NULL,NULL),(284,'owner_1768830311866@example.com',NULL,NULL,NULL,NULL,NULL,NULL,NULL,'$2b$12$5AqUAiREUzEa/ukkcKk1Ee8N5Ak3yrDGAwRW5cZrqoMvXViM4vQxG','Test','Owner',NULL,'owner','2026-01-19 14:45:12','2026-01-19 14:45:12',0,NULL,NULL,NULL,NULL),(285,'owner_1768830311878@example.com',NULL,NULL,NULL,NULL,NULL,NULL,NULL,'$2b$12$focNFjdVmVJh.jxgIai7b.DzVi7riMMALr06lx8K5k/48lQ6sPR2m','Test','Owner',NULL,'owner','2026-01-19 14:45:12','2026-01-19 14:45:12',0,NULL,NULL,NULL,NULL),(286,'payment_test_591882@example.com',NULL,NULL,NULL,NULL,NULL,NULL,NULL,'$2b$12$rW5eCDkvJ438dbZN6qmbfeZeQlmXuushQ8Nbu8YxtcVIKdZpyGauC','Payment','Tester',NULL,'client','2026-01-19 14:45:12','2026-01-19 14:45:12',0,NULL,NULL,NULL,NULL),(287,'owner_1768830312286_s90q5@example.com',NULL,NULL,NULL,NULL,NULL,NULL,NULL,'$2b$12$dXJCsrUTW168xLX6wAPHn.pQ0zsG4kphKp9izjWy6zIGiPC5Wat/u','Test','Owner',NULL,'owner','2026-01-19 14:45:12','2026-01-19 14:45:12',0,NULL,NULL,NULL,NULL),(288,'api.tester+j015ljt7@example.com',NULL,NULL,NULL,NULL,NULL,NULL,NULL,'$2b$12$k4i4SIkYe0LDO1KWvzPbh.Ur3LZ.ONkqQ7FLOUl4uPKcFaypkTEL.','API','Tester',NULL,'owner','2026-01-19 14:45:41','2026-01-19 14:45:41',0,NULL,NULL,NULL,NULL),(289,'concurrent_tester_932962@example.com',NULL,NULL,NULL,NULL,NULL,NULL,NULL,'$2b$12$yDuMRjfLIGc3nRQtsQkFMesR4fi2oF1gYEGpyf2Rc6LzdXaJzSgfG','Concurrency','Tester',NULL,'client','2026-01-19 14:45:41','2026-01-19 14:45:41',0,NULL,NULL,NULL,NULL),(290,'concurrent_tester_731480@example.com',NULL,NULL,NULL,NULL,NULL,NULL,NULL,'$2b$12$SIEP6vOPpXMOeo4HJlF4geSYTvsMxZfaSGPnxlaJcTzx4eVASo2km','Concurrency','Tester',NULL,'client','2026-01-19 14:45:41','2026-01-19 14:45:41',0,NULL,NULL,NULL,NULL),(291,'owner_1768830353956@example.com',NULL,NULL,NULL,NULL,NULL,NULL,NULL,'$2b$12$cTd4YVQhlkfZNyqxoGkA6eyuPUbWY5IGPV.nixQY1wPQO3DGbrzme','Test','Owner',NULL,'owner','2026-01-19 14:45:54','2026-01-19 14:45:54',0,NULL,NULL,NULL,NULL),(292,'payment_test_486872@example.com',NULL,NULL,NULL,NULL,NULL,NULL,NULL,'$2b$12$yF3fuD5g3CFTWiHDubYlxe4RP0Q2IDQ20d1G9D3xyefuOpDWnBM.6','Payment','Tester',NULL,'client','2026-01-19 14:45:55','2026-01-19 14:45:55',0,NULL,NULL,NULL,NULL),(293,'owner_1768830356232@example.com',NULL,NULL,NULL,NULL,NULL,NULL,NULL,'$2b$12$2F3v7nA/1JvENEhF1SADA.N0E9/3lEGQn7Nw3MB0a7XwipiZiqMH6','Test','Owner',NULL,'owner','2026-01-19 14:45:56','2026-01-19 14:45:56',0,NULL,NULL,NULL,NULL),(294,'concurrent_tester_751542@example.com',NULL,NULL,NULL,NULL,NULL,NULL,NULL,'$2b$12$B3FWxX2cxcwnABka/ywyGOOhPzexLEo9U.K9KjQAAq0KBbJEY4p/.','Concurrency','Tester',NULL,'client','2026-01-19 14:47:26','2026-01-19 14:47:26',0,NULL,NULL,NULL,NULL),(295,'concurrent_tester_711058@example.com',NULL,NULL,NULL,NULL,NULL,NULL,NULL,'$2b$12$RnI0hyrvSAoCeo/7EF/bP.SJAh3ZJGow1CvcBeLzkYCEWUJIxwACe','Concurrency','Tester',NULL,'client','2026-01-19 14:47:27','2026-01-19 14:47:27',0,NULL,NULL,NULL,NULL),(296,'api.tester+5d3g30j0@example.com',NULL,NULL,NULL,NULL,NULL,NULL,NULL,'$2b$12$DpgYl9eSFBshva6TSbGYaOlh13sQNDa/sgByjeAf/lcj9zoRo86ju','API','Tester',NULL,'owner','2026-01-19 14:47:27','2026-01-19 14:47:27',0,NULL,NULL,NULL,NULL),(297,'owner_1768830459276@example.com',NULL,NULL,NULL,NULL,NULL,NULL,NULL,'$2b$12$CYxIAdFxBDed7nAHgC5JqO0x5NjVm48W2883MAapOTflZbNgfaglu','Test','Owner',NULL,'owner','2026-01-19 14:47:39','2026-01-19 14:47:39',0,NULL,NULL,NULL,NULL),(298,'payment_test_531430@example.com',NULL,NULL,NULL,NULL,NULL,NULL,NULL,'$2b$12$iZbD204yEH6qnpWwRO32FesPJHk8WFe2zJOEPdNNgkQJu5W2PvvAa','Payment','Tester',NULL,'client','2026-01-19 14:47:40','2026-01-19 14:47:40',0,NULL,NULL,NULL,NULL),(299,'owner_1768830461164@example.com',NULL,NULL,NULL,NULL,NULL,NULL,NULL,'$2b$12$30BOkJUMee.3GpoWOsRxDOYeGpD7d7Y9V.BqCCd3Kqwx1ozb9GNgi','Test','Owner',NULL,'owner','2026-01-19 14:47:41','2026-01-19 14:47:41',0,NULL,NULL,NULL,NULL),(300,'lifecycle_33333@example.com',NULL,NULL,NULL,NULL,NULL,NULL,NULL,'$2b$12$7N3c3kWbj.V5BSd5ClqglOrhWkQYrAlXnEOgn8N5EK.tzQQ/cud/y','Lifecycle','Test',NULL,'client','2026-01-21 10:50:38','2026-01-21 10:50:38',0,NULL,NULL,NULL,NULL),(301,'lifecycle_859928@example.com',NULL,NULL,NULL,NULL,NULL,NULL,NULL,'$2b$12$eg4QVIBG0ORQjWhUTDz85etvVV0pbvhw3r06ht//kNYSSRLtKOzOC','Lifecycle','Test',NULL,'client','2026-01-21 10:50:38','2026-01-21 10:50:38',0,NULL,NULL,NULL,NULL),(302,'multi_service_343789@example.com',NULL,NULL,NULL,NULL,NULL,NULL,NULL,'$2b$12$dAm8yR0sKmCE66vz6.Tlaur7pdNCoBFSIH3Q7sqBlGYDdFuHUVzXm','Multi','Service',NULL,'client','2026-01-21 10:50:38','2026-01-21 10:50:38',0,NULL,NULL,NULL,NULL),(303,'lifecycle_874941@example.com',NULL,NULL,NULL,NULL,NULL,NULL,NULL,'$2b$12$mc18g2FT.nj.1HYCL32wouvpjFVi9X5F0LY85zTyZRhHiQjqBJ.86','Lifecycle','Test',NULL,'client','2026-01-21 10:50:38','2026-01-21 10:50:38',0,NULL,NULL,NULL,NULL),(304,'lifecycle_871808@example.com',NULL,NULL,NULL,NULL,NULL,NULL,NULL,'$2b$12$WBz5lW4KfT.wwOjm8NAH8e.3jBI8HfyiGOmvd/A0F6EJU.Yo4C0qe','Lifecycle','Test',NULL,'client','2026-01-21 10:50:38','2026-01-21 10:50:38',0,NULL,NULL,NULL,NULL),(305,'lifecycle_970833@example.com',NULL,NULL,NULL,NULL,NULL,NULL,NULL,'$2b$12$MMmAGiZE99s9yDFAyB6gZ.PIM9A9h4pQLgiHwc/imkUNx09x06UHW','Lifecycle','Test',NULL,'client','2026-01-21 10:50:40','2026-01-21 10:50:40',0,NULL,NULL,NULL,NULL),(306,'lifecycle_560392@example.com',NULL,NULL,NULL,NULL,NULL,NULL,NULL,'$2b$12$m4DvoRpnuLFYpYyZKiEji.QP9kyPGr/5WoDhLSxhDRn.YONGxwJ4K','Lifecycle','Test',NULL,'client','2026-01-21 10:50:40','2026-01-21 10:50:40',0,NULL,NULL,NULL,NULL),(307,'lifecycle_446759@example.com',NULL,NULL,NULL,NULL,NULL,NULL,NULL,'$2b$12$g1em4bRHcxrfDLYkXvgZsOA/s8Zap4aps0T9piwwiKMruCAR8sJAi','Lifecycle','Test',NULL,'client','2026-01-21 10:50:41','2026-01-21 10:50:41',0,NULL,NULL,NULL,NULL),(308,'lifecycle_249355@example.com',NULL,NULL,NULL,NULL,NULL,NULL,NULL,'$2b$12$pOqfCKuFdPnke/.aX4/T6uvuWwcoYzOmfXl5SRge9loMnVZASRZWS','Lifecycle','Test',NULL,'client','2026-01-21 10:50:41','2026-01-21 10:50:41',0,NULL,NULL,NULL,NULL),(309,'lifecycle_28781@example.com',NULL,NULL,NULL,NULL,NULL,NULL,NULL,'$2b$12$JHgDDK54L1CHj/9NmPAuLeZwmhzFx5VW2PUGwgwxe3O6gy/HySuja','Lifecycle','Test',NULL,'client','2026-01-21 10:50:41','2026-01-21 10:50:41',0,NULL,NULL,NULL,NULL),(310,'lifecycle_113742@example.com',NULL,NULL,NULL,NULL,NULL,NULL,NULL,'$2b$12$9M3oK7WumQd4fFk8TKfGHu824T0qN8B9RVRHQHWDbvKrKZ7K/G/zK','Lifecycle','Test',NULL,'client','2026-01-21 10:50:41','2026-01-21 10:50:41',0,NULL,NULL,NULL,NULL),(311,'lifecycle_125155@example.com',NULL,NULL,NULL,NULL,NULL,NULL,NULL,'$2b$12$wznNgSaww6jzs.UlHnD4YuBlrA3IjfOllDQf6a0ToE0yBiX8bXDxC','Lifecycle','Test',NULL,'client','2026-01-21 10:50:42','2026-01-21 10:50:42',0,NULL,NULL,NULL,NULL),(312,'lifecycle_218465@example.com',NULL,NULL,NULL,NULL,NULL,NULL,NULL,'$2b$12$khBQmdcyAYhUoxytsj4BiOb9en7T06mJXkfEdTFPxsPhHRy3pN7jS','Lifecycle','Test',NULL,'client','2026-01-21 10:50:42','2026-01-21 10:50:42',0,NULL,NULL,NULL,NULL),(313,'multi_service_540879@example.com',NULL,NULL,NULL,NULL,NULL,NULL,NULL,'$2b$12$oUXsYCJNzzXBxpp6BSmcteRlQOu9vBycU0G2LGyjRT1cg84ngtY3a','Multi','Service',NULL,'client','2026-01-21 10:50:42','2026-01-21 10:50:42',0,NULL,NULL,NULL,NULL),(314,'lifecycle_533167@example.com',NULL,NULL,NULL,NULL,NULL,NULL,NULL,'$2b$12$u8RI/Q95vgKve6jqedAZOeeXA8AVOQYjRw23v6qMtt2zR.gBR8SO.','Lifecycle','Test',NULL,'client','2026-01-21 10:50:43','2026-01-21 10:50:43',0,NULL,NULL,NULL,NULL),(315,'lifecycle_766020@example.com',NULL,NULL,NULL,NULL,NULL,NULL,NULL,'$2b$12$qgalDRZcLQp26KThjOk8ceUSoU8YTnfuij7vjQ1SP1UY.Dlm1P/H6','Lifecycle','Test',NULL,'client','2026-01-21 10:50:43','2026-01-21 10:50:43',0,NULL,NULL,NULL,NULL),(316,'lifecycle_146228@example.com',NULL,NULL,NULL,NULL,NULL,NULL,NULL,'$2b$12$4oyiGC..Mod/d4XKrCt1FumalhA5ee2IHFalrXENt0umbAbSTsXaC','Lifecycle','Test',NULL,'client','2026-01-21 10:50:43','2026-01-21 10:50:43',0,NULL,NULL,NULL,NULL),(317,'lifecycle_283009@example.com',NULL,NULL,NULL,NULL,NULL,NULL,NULL,'$2b$12$tv7AO1t8XS0t.KJHi6awJ.Q4dKNK8ZhE/qH8StfSvjpNKYW8FPGAu','Lifecycle','Test',NULL,'client','2026-01-21 10:50:44','2026-01-21 10:50:44',0,NULL,NULL,NULL,NULL),(318,'lifecycle_804219@example.com',NULL,NULL,NULL,NULL,NULL,NULL,NULL,'$2b$12$IPBYRz287RW3ODJT4feb9O9abnAbFTcBMkRtJeIuXu/WKH.tBQCUK','Lifecycle','Test',NULL,'client','2026-01-21 10:50:44','2026-01-21 10:50:44',0,NULL,NULL,NULL,NULL),(319,'multi_service_740115@example.com',NULL,NULL,NULL,NULL,NULL,NULL,NULL,'$2b$12$WctUczsZmum/lrm6ms5xj.kaJr.5nNBVuMg5EWe8mfpmtdgG.Rtaq','Multi','Service',NULL,'client','2026-01-21 10:50:44','2026-01-21 10:50:44',0,NULL,NULL,NULL,NULL),(320,'lifecycle_544975@example.com',NULL,NULL,NULL,NULL,NULL,NULL,NULL,'$2b$12$CpA44gd/./R1KZA.dt5IsO6pKYiY7/lzWoksstl9x6PCg/r6aPvrO','Lifecycle','Test',NULL,'client','2026-01-21 10:50:44','2026-01-21 10:50:44',0,NULL,NULL,NULL,NULL),(321,'lifecycle_679710@example.com',NULL,NULL,NULL,NULL,NULL,NULL,NULL,'$2b$12$tfPZIc6oarISzkCcNJ5gQ.LRMZvtwi0yTKg/DW1BoUWwjmsPLZYvC','Lifecycle','Test',NULL,'client','2026-01-21 10:50:45','2026-01-21 10:50:45',0,NULL,NULL,NULL,NULL),(322,'lifecycle_84705@example.com',NULL,NULL,NULL,NULL,NULL,NULL,NULL,'$2b$12$fS3SB7jh6B/OrHQo0GdUAusbw1UMgRbqV4LgLeKadUl2OQyO1NUWu','Lifecycle','Test',NULL,'client','2026-01-21 10:50:45','2026-01-21 10:50:45',0,NULL,NULL,NULL,NULL),(323,'lifecycle_798284@example.com',NULL,NULL,NULL,NULL,NULL,NULL,NULL,'$2b$12$GDhiu7O2CUBajM73ssyxL.5UbBcLcOgFCj20nkaJeg0VvwBuSXrT.','Lifecycle','Test',NULL,'client','2026-01-21 10:50:46','2026-01-21 10:50:46',0,NULL,NULL,NULL,NULL),(324,'lifecycle_703966@example.com',NULL,NULL,NULL,NULL,NULL,NULL,NULL,'$2b$12$sr5h5D9wJ1KSXPsyRfOsa.CpnCeqbHXXeoYdv13lZKzdKWTSnXDBO','Lifecycle','Test',NULL,'client','2026-01-21 10:50:46','2026-01-21 10:50:46',0,NULL,NULL,NULL,NULL),(325,'lifecycle_516445@example.com',NULL,NULL,NULL,NULL,NULL,NULL,NULL,'$2b$12$Ygj3w.p8S1BOZhZi2LIWJu8GfASI4gaUdPznyx7cGT6wAiIXhAe7u','Lifecycle','Test',NULL,'client','2026-01-21 10:50:46','2026-01-21 10:50:46',0,NULL,NULL,NULL,NULL),(326,'multi_service_213110@example.com',NULL,NULL,NULL,NULL,NULL,NULL,NULL,'$2b$12$EzYVmVdsDkAPeFFNF8pNNu8mrpss33cpMIef63Knilh2DM.Asnsq6','Multi','Service',NULL,'client','2026-01-21 10:50:46','2026-01-21 10:50:46',0,NULL,NULL,NULL,NULL),(327,'lifecycle_262125@example.com',NULL,NULL,NULL,NULL,NULL,NULL,NULL,'$2b$12$tg8eSRrArp7x/kmcDLnZVu4p9X8RsnVpSA0jRYECBKddPTX97r3Si','Lifecycle','Test',NULL,'client','2026-01-21 10:50:47','2026-01-21 10:50:47',0,NULL,NULL,NULL,NULL),(328,'lifecycle_358473@example.com',NULL,NULL,NULL,NULL,NULL,NULL,NULL,'$2b$12$IqBkVfUZMgltwVBFkyYdrubvg.nriVNekdyrHMbOZwj3ZYfgyDc.i','Lifecycle','Test',NULL,'client','2026-01-21 10:50:47','2026-01-21 10:50:47',0,NULL,NULL,NULL,NULL),(329,'lifecycle_753251@example.com',NULL,NULL,NULL,NULL,NULL,NULL,NULL,'$2b$12$P8hR6cuCRnUMLiFZ0wrxou8A9PpfwHf4rl9Y.ZQolVWEH9FOtn8JW','Lifecycle','Test',NULL,'client','2026-01-21 10:50:47','2026-01-21 10:50:47',0,NULL,NULL,NULL,NULL),(330,'lifecycle_409580@example.com',NULL,NULL,NULL,NULL,NULL,NULL,NULL,'$2b$12$iuS4yEXZnq./E4oUgJwhwetPHpEtAlOFLhGv5vH5HZDuSKbYY0ZbW','Lifecycle','Test',NULL,'client','2026-01-21 10:50:47','2026-01-21 10:50:47',0,NULL,NULL,NULL,NULL),(331,'lifecycle_553641@example.com',NULL,NULL,NULL,NULL,NULL,NULL,NULL,'$2b$12$LgEmyNnA5hVVcwW2fpFSpO5P1PioLMCKoin.Z/QDJO.ONch1xGsXi','Lifecycle','Test',NULL,'client','2026-01-21 10:50:48','2026-01-21 10:50:48',0,NULL,NULL,NULL,NULL),(332,'multi_service_607026@example.com',NULL,NULL,NULL,NULL,NULL,NULL,NULL,'$2b$12$r27.2IvRv0GDOyOOXdbd5.Lh9/VVDVsCUolBccopwwaY/eWPjRrzm','Multi','Service',NULL,'client','2026-01-21 10:50:49','2026-01-21 10:50:49',0,NULL,NULL,NULL,NULL),(333,'lifecycle_865379@example.com',NULL,NULL,NULL,NULL,NULL,NULL,NULL,'$2b$12$.ofq3wqMfJHcpI6ohvNOAecN502R24ch.JliODx.nfKK2W8uSyuPy','Lifecycle','Test',NULL,'client','2026-01-21 10:50:49','2026-01-21 10:50:49',0,NULL,NULL,NULL,NULL),(334,'lifecycle_537444@example.com',NULL,NULL,NULL,NULL,NULL,NULL,NULL,'$2b$12$USt2XyWNaKDgn/JrMpoeN.HQAptQeSU.WZu6CA06lQAypDF1IYEiq','Lifecycle','Test',NULL,'client','2026-01-21 10:50:49','2026-01-21 10:50:49',0,NULL,NULL,NULL,NULL),(335,'lifecycle_363016@example.com',NULL,NULL,NULL,NULL,NULL,NULL,NULL,'$2b$12$4sd6FqDs7dkmlPi4ssUYAe.gRYJF4NNhvXMxADXPLm48sPC3ZkoJy','Lifecycle','Test',NULL,'client','2026-01-21 10:50:49','2026-01-21 10:50:49',0,NULL,NULL,NULL,NULL),(336,'multi_service_902496@example.com',NULL,NULL,NULL,NULL,NULL,NULL,NULL,'$2b$12$jGJYyi0ALXqNydtd26mLYOeKH0J3el7NojFS/kL4WWTQny6ATBrPW','Multi','Service',NULL,'client','2026-01-21 10:50:49','2026-01-21 10:50:49',0,NULL,NULL,NULL,NULL),(337,'lifecycle_795199@example.com',NULL,NULL,NULL,NULL,NULL,NULL,NULL,'$2b$12$ylowvOfhEJuh/o440/aUe.ay8H.tfcaBUxgAhfzfDNNztg6FYHhjO','Lifecycle','Test',NULL,'client','2026-01-21 10:50:50','2026-01-21 10:50:50',0,NULL,NULL,NULL,NULL),(338,'lifecycle_9151@example.com',NULL,NULL,NULL,NULL,NULL,NULL,NULL,'$2b$12$psM3YEIePIYTgYD1dINU0.wgnStqB..BPvIVw1Unk3j5.UOQNneOy','Lifecycle','Test',NULL,'client','2026-01-21 10:50:50','2026-01-21 10:50:50',0,NULL,NULL,NULL,NULL),(339,'lifecycle_575263@example.com',NULL,NULL,NULL,NULL,NULL,NULL,NULL,'$2b$12$unrKdIS7tfTB8YpO9ZSCROtTrgrKCTX.VTq85N7hppi5MFiKbm1I2','Lifecycle','Test',NULL,'client','2026-01-21 10:50:50','2026-01-21 10:50:50',0,NULL,NULL,NULL,NULL),(340,'lifecycle_573475@example.com',NULL,NULL,NULL,NULL,NULL,NULL,NULL,'$2b$12$cfdZlnnJS931FfnI3YPpu.fsUxPbOfizHlqAZSJQlB3OHk0ZSUUeW','Lifecycle','Test',NULL,'client','2026-01-21 10:50:50','2026-01-21 10:50:50',0,NULL,NULL,NULL,NULL),(341,'lifecycle_606805@example.com',NULL,NULL,NULL,NULL,NULL,NULL,NULL,'$2b$12$yw3UUzWQorqWZU5qQ646NuSklUNK0TnUC0GvUx/rMiKxSgwy6uP8q','Lifecycle','Test',NULL,'client','2026-01-21 10:50:51','2026-01-21 10:50:51',0,NULL,NULL,NULL,NULL),(342,'payment_fail_392129@example.com',NULL,NULL,NULL,NULL,NULL,NULL,NULL,'$2b$12$cps2XNAXbtH7E5RCp2YhQel8FJXjZRvvwlxRdIoIsucmudMHprgVa','Payment','Failure',NULL,'client','2026-01-21 10:55:40','2026-01-21 10:55:40',0,NULL,NULL,NULL,NULL),(343,'payment_flow_864186@example.com',NULL,NULL,NULL,NULL,NULL,NULL,NULL,'$2b$12$xFSj/ppTDlAeo1fSRK5I1OBnTJs/OYRviAitgJV1PCueYEgvtpMQ2','Payment','Success',NULL,'client','2026-01-21 10:55:40','2026-01-21 10:55:40',0,NULL,NULL,NULL,NULL),(344,'payment_flow_120673@example.com',NULL,NULL,NULL,NULL,NULL,NULL,NULL,'$2b$12$qi6f5197XSeYrk9ZfTJrc.vHjDbP4buo3rXAAzLcUu8S47Kkrz06a','Payment','Success',NULL,'client','2026-01-21 10:55:40','2026-01-21 10:55:40',0,NULL,NULL,NULL,NULL),(345,'payment_concurrent_39237@example.com',NULL,NULL,NULL,NULL,NULL,NULL,NULL,'$2b$12$hVu4DdvRUiM.lYbZ5G/fDuKlqfKSKgiG1nC4MlA3h1vwvKqLUu8uO','Concurrent','Payment',NULL,'client','2026-01-21 10:55:40','2026-01-21 10:55:40',0,NULL,NULL,NULL,NULL),(346,'payment_double_192960@example.com',NULL,NULL,NULL,NULL,NULL,NULL,NULL,'$2b$12$FEcPDLjyAcOJX25.eEq8u.v6TMqtfgTDVG.gk1.6g2.gCII6ckD5e','Double','Payment',NULL,'client','2026-01-21 10:55:40','2026-01-21 10:55:40',0,NULL,NULL,NULL,NULL),(347,'payment_refund_446043@example.com',NULL,NULL,NULL,NULL,NULL,NULL,NULL,'$2b$12$Hwuii/Xu.RGUV8ZBUHvqVOAZVCVQmsQS5m103tphB8ByZr8GFY0Gq','Payment','Refund',NULL,'client','2026-01-21 10:55:42','2026-01-21 10:55:42',0,NULL,NULL,NULL,NULL),(348,'payment_fail_896885@example.com',NULL,NULL,NULL,NULL,NULL,NULL,NULL,'$2b$12$nJi.HGSsiBZPs0Sr/gHacuYraYOTZsvX44esuCgbQf6XyYvHPUuuC','Payment','Failure',NULL,'client','2026-01-21 10:55:43','2026-01-21 10:55:43',0,NULL,NULL,NULL,NULL),(349,'payment_flow_941162@example.com',NULL,NULL,NULL,NULL,NULL,NULL,NULL,'$2b$12$wX3AeopyO6I/X.bQwF2aU.MnjvPlUuElturq0c2ruCA5cVmb9m5/O','Payment','Success',NULL,'client','2026-01-21 10:55:43','2026-01-21 10:55:43',0,NULL,NULL,NULL,NULL),(350,'payment_double_862272@example.com',NULL,NULL,NULL,NULL,NULL,NULL,NULL,'$2b$12$.aD6XroeavH.gCU2lpK/sehnz6t392Af7E4LMtvJrHeO8MAFpoNtK','Double','Payment',NULL,'client','2026-01-21 10:55:43','2026-01-21 10:55:43',0,NULL,NULL,NULL,NULL),(351,'payment_concurrent_535162@example.com',NULL,NULL,NULL,NULL,NULL,NULL,NULL,'$2b$12$vrUSXg3Idr9KbNcykrtGGu/fll6edgzadUS31NrxJthJHecQPEpLK','Concurrent','Payment',NULL,'client','2026-01-21 10:55:44','2026-01-21 10:55:44',0,NULL,NULL,NULL,NULL),(352,'payment_flow_567687@example.com',NULL,NULL,NULL,NULL,NULL,NULL,NULL,'$2b$12$zq0D.wvs7PhiDBPbCGhrv.V./oD.piC1imE9P5VwxNcBxQR02NQ9S','Payment','Success',NULL,'client','2026-01-21 10:55:44','2026-01-21 10:55:44',0,NULL,NULL,NULL,NULL),(353,'payment_flow_947410@example.com',NULL,NULL,NULL,NULL,NULL,NULL,NULL,'$2b$12$xrPwuQe/ZMB.mMv8oIgeGutv03KbnwR7L21RH6w05SzSUAUUiLUt2','Payment','Success',NULL,'client','2026-01-21 10:55:44','2026-01-21 10:55:44',0,NULL,NULL,NULL,NULL),(354,'payment_fail_425488@example.com',NULL,NULL,NULL,NULL,NULL,NULL,NULL,'$2b$12$dnMgKCdJwRpcgVC906wizOxbNKreSsC0bvwakUzA.F/XuPLoXQgdq','Payment','Failure',NULL,'client','2026-01-21 10:55:44','2026-01-21 10:55:44',0,NULL,NULL,NULL,NULL),(355,'payment_flow_347179@example.com',NULL,NULL,NULL,NULL,NULL,NULL,NULL,'$2b$12$OxTYqtruL2qEuBMm5vNjIes1qZRWWVHymrGGdJ1srBEYyH9.m68gy','Payment','Success',NULL,'client','2026-01-21 10:55:45','2026-01-21 10:55:45',0,NULL,NULL,NULL,NULL),(356,'payment_flow_110057@example.com',NULL,NULL,NULL,NULL,NULL,NULL,NULL,'$2b$12$1/..ELb0165TCi6nRRWSSercNa6k8B5hXA9PObXwlWwkIC71aChFq','Payment','Success',NULL,'client','2026-01-21 10:55:46','2026-01-21 10:55:46',0,NULL,NULL,NULL,NULL),(357,'payment_fail_381229@example.com',NULL,NULL,NULL,NULL,NULL,NULL,NULL,'$2b$12$do5YRPwFVvJvrEkTJ983Mu4ZZRS9TGvdGoMqwl0mT3gCYb7h2R76.','Payment','Failure',NULL,'client','2026-01-21 10:55:46','2026-01-21 10:55:46',0,NULL,NULL,NULL,NULL),(358,'payment_refund_752952@example.com',NULL,NULL,NULL,NULL,NULL,NULL,NULL,'$2b$12$2fGNyxpyfMc8IIC40lACMuPVTC6L4KwcYIITAYXxNeiI6RJT5YJCm','Payment','Refund',NULL,'client','2026-01-21 10:55:46','2026-01-21 10:55:46',0,NULL,NULL,NULL,NULL),(359,'payment_double_252373@example.com',NULL,NULL,NULL,NULL,NULL,NULL,NULL,'$2b$12$rG36T0IOohaTHlPAubeu.OJXUL8QA9ZvoJ0yXBrqJTMAXO2cT5pIG','Double','Payment',NULL,'client','2026-01-21 10:55:46','2026-01-21 10:55:46',0,NULL,NULL,NULL,NULL),(360,'payment_concurrent_560213@example.com',NULL,NULL,NULL,NULL,NULL,NULL,NULL,'$2b$12$7x60KGHzv55FTJCQFItC6.xlZkvxwNO9ItDTTdqxpsoPKYOg3y6.i','Concurrent','Payment',NULL,'client','2026-01-21 10:55:46','2026-01-21 10:55:46',0,NULL,NULL,NULL,NULL),(361,'payment_refund_222832@example.com',NULL,NULL,NULL,NULL,NULL,NULL,NULL,'$2b$12$3mHsObR6g7SEH5HHkFOJtuX.MgEXzJO8kd.8nn10af0GuD9Eo6Hoa','Payment','Refund',NULL,'client','2026-01-21 10:55:46','2026-01-21 10:55:46',0,NULL,NULL,NULL,NULL),(362,'payment_flow_479520@example.com',NULL,NULL,NULL,NULL,NULL,NULL,NULL,'$2b$12$Tc.aD9XqAPxGwNIq8cG3JuXFLjzhSQemYZC6LVMiwmARTCXDOu1Oq','Payment','Success',NULL,'client','2026-01-21 10:55:47','2026-01-21 10:55:47',0,NULL,NULL,NULL,NULL),(363,'payment_flow_133525@example.com',NULL,NULL,NULL,NULL,NULL,NULL,NULL,'$2b$12$Fndnd7C2h36l9v3WYGMfYufg9M1H5k3qceZhLAVgjOT8RRcrBIPeO','Payment','Success',NULL,'client','2026-01-21 10:55:47','2026-01-21 10:55:47',0,NULL,NULL,NULL,NULL),(364,'payment_flow_617596@example.com',NULL,NULL,NULL,NULL,NULL,NULL,NULL,'$2b$12$o1tfPJj5k40C/RmjpOjGXO2qgA.vDl4S04/cUw8Ch3bIhtmFMYhJO','Payment','Success',NULL,'client','2026-01-21 10:55:47','2026-01-21 10:55:47',0,NULL,NULL,NULL,NULL),(365,'payment_fail_162099@example.com',NULL,NULL,NULL,NULL,NULL,NULL,NULL,'$2b$12$scsQJE/7hrMSmvnE/7J2eum5jd.hoM13jxRDM69.DSLyXeOnpPTz6','Payment','Failure',NULL,'client','2026-01-21 10:55:47','2026-01-21 10:55:47',0,NULL,NULL,NULL,NULL),(366,'payment_flow_312637@example.com',NULL,NULL,NULL,NULL,NULL,NULL,NULL,'$2b$12$e8Yhmboh021rvMqT6tp.2OxWfWhbRvyMAea7Q5rqSTNqyfI/kwb1e','Payment','Success',NULL,'client','2026-01-21 10:55:48','2026-01-21 10:55:48',0,NULL,NULL,NULL,NULL),(367,'payment_fail_703537@example.com',NULL,NULL,NULL,NULL,NULL,NULL,NULL,'$2b$12$itlVgL4W23EXdetv8Iul9ubUwO0u5cYdlxElyIqqxkxenMIhuykcu','Payment','Failure',NULL,'client','2026-01-21 10:55:49','2026-01-21 10:55:49',0,NULL,NULL,NULL,NULL),(368,'payment_concurrent_874866@example.com',NULL,NULL,NULL,NULL,NULL,NULL,NULL,'$2b$12$bSlonye80HMFElcA0OyxG.WIDExrinZPcnlwAABLcob1cEdBwQPSm','Concurrent','Payment',NULL,'client','2026-01-21 10:55:49','2026-01-21 10:55:49',0,NULL,NULL,NULL,NULL),(369,'payment_double_767941@example.com',NULL,NULL,NULL,NULL,NULL,NULL,NULL,'$2b$12$Y7OemO68bdir4CF1KBhxge0ixNxFD0dEQSTZhYMYVGcFlLnDQJC8O','Double','Payment',NULL,'client','2026-01-21 10:55:49','2026-01-21 10:55:49',0,NULL,NULL,NULL,NULL),(370,'payment_flow_604099@example.com',NULL,NULL,NULL,NULL,NULL,NULL,NULL,'$2b$12$QqEE5f5xt1IadYzA7jeGMOKk36SXAl49LyFWpDektanvKQknGnzfC','Payment','Success',NULL,'client','2026-01-21 10:55:49','2026-01-21 10:55:49',0,NULL,NULL,NULL,NULL),(371,'payment_flow_22081@example.com',NULL,NULL,NULL,NULL,NULL,NULL,NULL,'$2b$12$7WGl8ZELYI8jrGT.eWN9EeX1xK8N0XBSwG6DZSXHLR5XzD.s394qe','Payment','Success',NULL,'client','2026-01-21 10:55:50','2026-01-21 10:55:50',0,NULL,NULL,NULL,NULL),(372,'payment_fail_246990@example.com',NULL,NULL,NULL,NULL,NULL,NULL,NULL,'$2b$12$owRKlmM8UwMHaWTjb9Y4UeP7TbsiF70nLq9BsZ9qd91E7IAQsO2.e','Payment','Failure',NULL,'client','2026-01-21 10:55:50','2026-01-21 10:55:50',0,NULL,NULL,NULL,NULL),(373,'payment_flow_484537@example.com',NULL,NULL,NULL,NULL,NULL,NULL,NULL,'$2b$12$OPhU7M/bd0lvIdD8IS7bLeNmDPLWFjJD2WbGagB3hr5dlARNQMJEe','Payment','Success',NULL,'client','2026-01-21 10:55:50','2026-01-21 10:55:50',0,NULL,NULL,NULL,NULL),(374,'payment_flow_149596@example.com',NULL,NULL,NULL,NULL,NULL,NULL,NULL,'$2b$12$xa4qlG2B46f5wJF/g1Ta/.J7QZDE7OF/vJf6M6y0IRROLQiPv7bHW','Payment','Success',NULL,'client','2026-01-21 10:55:51','2026-01-21 10:55:51',0,NULL,NULL,NULL,NULL),(375,'payment_refund_687333@example.com',NULL,NULL,NULL,NULL,NULL,NULL,NULL,'$2b$12$33lj283uS034GDaCTCh3z.WtxTRKqJve8udzBM8PnQ6jidbv/30LO','Payment','Refund',NULL,'client','2026-01-21 10:55:51','2026-01-21 10:55:51',0,NULL,NULL,NULL,NULL),(376,'payment_fail_95331@example.com',NULL,NULL,NULL,NULL,NULL,NULL,NULL,'$2b$12$tiEpiUg8/KXy65s9kQd7HeGTdJPcCgvOvyQcESz1r3dJDSC5GJ4NO','Payment','Failure',NULL,'client','2026-01-21 10:55:51','2026-01-21 10:55:51',0,NULL,NULL,NULL,NULL),(377,'payment_double_647986@example.com',NULL,NULL,NULL,NULL,NULL,NULL,NULL,'$2b$12$Z1rY95C3QGEi.rBVa3rf4ubD4qPRbbLzba8NeYTjfA1uUBebrmmpu','Double','Payment',NULL,'client','2026-01-21 10:55:51','2026-01-21 10:55:51',0,NULL,NULL,NULL,NULL),(378,'payment_flow_709344@example.com',NULL,NULL,NULL,NULL,NULL,NULL,NULL,'$2b$12$gPrgko3Aq5QhB2co8VRrVeCnnfdVzHYRB3OtuAQIuPICdQQMWsMSK','Payment','Success',NULL,'client','2026-01-21 10:55:51','2026-01-21 10:55:51',0,NULL,NULL,NULL,NULL),(379,'payment_concurrent_127419@example.com',NULL,NULL,NULL,NULL,NULL,NULL,NULL,'$2b$12$iXmux4dBTS4x7bMhN9z8fe5If.VLiOT1o6TQ.W1oGsojhn77nMp5q','Concurrent','Payment',NULL,'client','2026-01-21 10:55:52','2026-01-21 10:55:52',0,NULL,NULL,NULL,NULL),(380,'payment_flow_234897@example.com',NULL,NULL,NULL,NULL,NULL,NULL,NULL,'$2b$12$JEi6ku/9kboL/ykSd1e9H..zetBBpEjYNRn9L/HsfhpRzP2RLcxYa','Payment','Success',NULL,'client','2026-01-21 10:55:52','2026-01-21 10:55:52',0,NULL,NULL,NULL,NULL),(381,'payment_flow_356572@example.com',NULL,NULL,NULL,NULL,NULL,NULL,NULL,'$2b$12$.R/B0vhyWHvND1//F7NP0OLdOdgvrXP97D5CYlh7UJM/eU2L1VKpK','Payment','Success',NULL,'client','2026-01-21 10:55:52','2026-01-21 10:55:52',0,NULL,NULL,NULL,NULL),(382,'payment_fail_250063@example.com',NULL,NULL,NULL,NULL,NULL,NULL,NULL,'$2b$12$nT4sW/0hLe3FoKq4GfN.OeGs2VEQRnOTcVePBtlwx6gZMWmVkxHOq','Payment','Failure',NULL,'client','2026-01-21 10:55:52','2026-01-21 10:55:52',0,NULL,NULL,NULL,NULL),(383,'payment_refund_94411@example.com',NULL,NULL,NULL,NULL,NULL,NULL,NULL,'$2b$12$8ru6lLDgSStzwOdDnnblAeqouTzz.wnEVGiIG1zzL9isrOT8GJ9/i','Payment','Refund',NULL,'client','2026-01-21 10:55:53','2026-01-21 10:55:53',0,NULL,NULL,NULL,NULL),(384,'payment_flow_852312@example.com',NULL,NULL,NULL,NULL,NULL,NULL,NULL,'$2b$12$ZTxrUMjESv9z0vrsBx9QQeRbmcLjPdKN262JxlXtoupglpj1LICXS','Payment','Success',NULL,'client','2026-01-21 10:55:53','2026-01-21 10:55:53',0,NULL,NULL,NULL,NULL),(385,'payment_double_40885@example.com',NULL,NULL,NULL,NULL,NULL,NULL,NULL,'$2b$12$Dv4JvNqLo5vIFxADl53xFuFanXm7/WonP1x3QFCF6WDJmpSANZjfO','Double','Payment',NULL,'client','2026-01-21 10:55:53','2026-01-21 10:55:53',0,NULL,NULL,NULL,NULL),(386,'payment_fail_212593@example.com',NULL,NULL,NULL,NULL,NULL,NULL,NULL,'$2b$12$cS9Lv.6bTkr9Rpx9Wkfmh.gcknbXtNHZE0xShKV57P6PHQNSg6sny','Payment','Failure',NULL,'client','2026-01-21 10:55:54','2026-01-21 10:55:54',0,NULL,NULL,NULL,NULL),(387,'payment_concurrent_230663@example.com',NULL,NULL,NULL,NULL,NULL,NULL,NULL,'$2b$12$DAsMccJa1pUrWRZ.lnpnKuXQVNK0Zx3QR9VhrowoVTl2pX3Yq5yK6','Concurrent','Payment',NULL,'client','2026-01-21 10:55:54','2026-01-21 10:55:54',0,NULL,NULL,NULL,NULL),(388,'payment_flow_116762@example.com',NULL,NULL,NULL,NULL,NULL,NULL,NULL,'$2b$12$RfB9uql9sTQeA3vuhM7Ct.xna4LqRkraB7cvFPzFPg1UlfgKAQkzi','Payment','Success',NULL,'client','2026-01-21 10:55:54','2026-01-21 10:55:54',0,NULL,NULL,NULL,NULL),(389,'payment_fail_24460@example.com',NULL,NULL,NULL,NULL,NULL,NULL,NULL,'$2b$12$hNGXz4GyrdoL2WoNx8LLh./hhhJl92rJMByfMsyqbXva8dKe8vFbm','Payment','Failure',NULL,'client','2026-01-21 10:55:55','2026-01-21 10:55:55',0,NULL,NULL,NULL,NULL),(390,'payment_flow_431578@example.com',NULL,NULL,NULL,NULL,NULL,NULL,NULL,'$2b$12$3h7iObWyEoxquNO4Dc3Kr.m5rsE8k1Bys.CH63WXHpPstBSOczTb6','Payment','Success',NULL,'client','2026-01-21 10:55:55','2026-01-21 10:55:55',0,NULL,NULL,NULL,NULL),(391,'payment_flow_378943@example.com',NULL,NULL,NULL,NULL,NULL,NULL,NULL,'$2b$12$KTxU0c6uNuKABjbpK9qCKORtdy8AdbJ03Li0XIVREFpX43mb..NWe','Payment','Success',NULL,'client','2026-01-21 10:55:55','2026-01-21 10:55:55',0,NULL,NULL,NULL,NULL),(392,'payment_refund_770721@example.com',NULL,NULL,NULL,NULL,NULL,NULL,NULL,'$2b$12$le5k0/MEDUvwdo/dOej36Oy.rRxR51SU/7s9pwhSn1zVxFd17tt/6','Payment','Refund',NULL,'client','2026-01-21 10:55:55','2026-01-21 10:55:55',0,NULL,NULL,NULL,NULL),(393,'payment_fail_226407@example.com',NULL,NULL,NULL,NULL,NULL,NULL,NULL,'$2b$12$BO15qdNaeH9Z2lMWooGxS.tshf1Vm1ZotOnXiSSrpmHMq86pq5ZAK','Payment','Failure',NULL,'client','2026-01-21 10:55:56','2026-01-21 10:55:56',0,NULL,NULL,NULL,NULL),(394,'payment_flow_481442@example.com',NULL,NULL,NULL,NULL,NULL,NULL,NULL,'$2b$12$ss1Yml1AlaNcrVOXFCHqG.zVnE8Ve83LqVWaz.We8/54C/4rVnD6.','Payment','Success',NULL,'client','2026-01-21 10:55:56','2026-01-21 10:55:56',0,NULL,NULL,NULL,NULL),(395,'payment_flow_493241@example.com',NULL,NULL,NULL,NULL,NULL,NULL,NULL,'$2b$12$u/uEPayWpLMgTugk4DEfqu3o85bdCSz2Fk2K4N3QeNm3l34MWHLxu','Payment','Success',NULL,'client','2026-01-21 10:55:56','2026-01-21 10:55:56',0,NULL,NULL,NULL,NULL),(396,'hours_owner_948796@example.com',NULL,NULL,NULL,NULL,NULL,NULL,NULL,'$2b$12$MH5a2V77uL8O2gNgbclJdeY0g6iSFGBdX1OwbCMvi5tS4HwtSPEKi','Hours','Owner',NULL,'owner','2026-01-21 10:56:21','2026-01-21 10:56:21',0,NULL,NULL,NULL,NULL),(397,'staff_owner_707297@example.com',NULL,NULL,NULL,NULL,NULL,NULL,NULL,'$2b$12$rXlDVJL1MxRBch/DOgBYqOrfOXfhAF3/W1Arp6j0R18pdCLDGUIeW','Staff','Owner',NULL,'owner','2026-01-21 10:56:21','2026-01-21 10:56:21',0,NULL,NULL,NULL,NULL),(398,'staff_owner_132085@example.com',NULL,NULL,NULL,NULL,NULL,NULL,NULL,'$2b$12$fLbbS6gEhxP1FJWS5qPFBuqm9LEbsL0gPoGsVbnqPuqPz7Hfqlrky','Staff','Owner',NULL,'owner','2026-01-21 10:56:21','2026-01-21 10:56:21',0,NULL,NULL,NULL,NULL),(399,'timeoff_owner_680128@example.com',NULL,NULL,NULL,NULL,NULL,NULL,NULL,'$2b$12$xBF9c2Z.0x.z/oSDt4FOMeuNu6aWdzXCmSFivDtzrePLHYhTIlwca','TimeOff','Owner',NULL,'owner','2026-01-21 10:56:21','2026-01-21 10:56:21',0,NULL,NULL,NULL,NULL),(400,'timeoff_owner_680018@example.com',NULL,NULL,NULL,NULL,NULL,NULL,NULL,'$2b$12$DM/eu/cu2kexnmwAVEyw4ej7Kyy4411V1qOWFHRARtS0V0vL7IKiy','TimeOff','Owner',NULL,'owner','2026-01-21 10:56:21','2026-01-21 10:56:21',0,NULL,NULL,NULL,NULL),(401,'staff_owner_284751@example.com',NULL,NULL,NULL,NULL,NULL,NULL,NULL,'$2b$12$aGLgvF/mt0QrwjON.mHgmeK3zyextBREPJVmB2P6Xb/Fs3kkUQfHa','Staff','Owner',NULL,'owner','2026-01-21 10:56:21','2026-01-21 10:56:21',0,NULL,NULL,NULL,NULL),(402,'hours_owner_679020@example.com',NULL,NULL,NULL,NULL,NULL,NULL,NULL,'$2b$12$AknoDcYFcCCDf3bEgTNAduk.pf7LvXXH/Wk9pAa.JhZF7282yy4fO','Hours','Owner',NULL,'owner','2026-01-21 10:56:22','2026-01-21 10:56:22',0,NULL,NULL,NULL,NULL),(403,'staff_owner_400698@example.com',NULL,NULL,NULL,NULL,NULL,NULL,NULL,'$2b$12$g.hroYSHJwLbkMcTvXnnSuJgr53ozPi9TJ0/tE3McvKLFgEOT98hC','Staff','Owner',NULL,'owner','2026-01-21 10:56:22','2026-01-21 10:56:22',0,NULL,NULL,NULL,NULL),(404,'timeoff_owner_894910@example.com',NULL,NULL,NULL,NULL,NULL,NULL,NULL,'$2b$12$lbedsr2WmXLfIWfmvpKWIugJ5f4zYeQczcvukqEtl1PC6rqIKnkt.','TimeOff','Owner',NULL,'owner','2026-01-21 10:56:22','2026-01-21 10:56:22',0,NULL,NULL,NULL,NULL),(405,'hours_owner_482639@example.com',NULL,NULL,NULL,NULL,NULL,NULL,NULL,'$2b$12$myBbeagg3JnGI0Y1VtDt7.E6sIOw6Y4e211KbLFoHhKjwk8UyoGSG','Hours','Owner',NULL,'owner','2026-01-21 10:56:22','2026-01-21 10:56:22',0,NULL,NULL,NULL,NULL),(406,'staff_owner_811751@example.com',NULL,NULL,NULL,NULL,NULL,NULL,NULL,'$2b$12$It5YNxPz6gZKxA9vGnnpd.qrR8EWivkoOw1.IXlYQO5nWGJuDEeRe','Staff','Owner',NULL,'owner','2026-01-21 10:56:23','2026-01-21 10:56:23',0,NULL,NULL,NULL,NULL),(407,'timeoff_owner_42248@example.com',NULL,NULL,NULL,NULL,NULL,NULL,NULL,'$2b$12$6bDG6XB/FQ3G0axQD5TE3.V46FsPFHvwanQlqa3REplX0fo.AEQjm','TimeOff','Owner',NULL,'owner','2026-01-21 10:56:23','2026-01-21 10:56:23',0,NULL,NULL,NULL,NULL),(408,'hours_owner_622272@example.com',NULL,NULL,NULL,NULL,NULL,NULL,NULL,'$2b$12$Xrvu3ZMlEjMvDWNjzG0ttedYfLyau721ngL9nobZcDgwJvZ7P0gpG','Hours','Owner',NULL,'owner','2026-01-21 10:56:23','2026-01-21 10:56:23',0,NULL,NULL,NULL,NULL),(409,'staff_owner_109771@example.com',NULL,NULL,NULL,NULL,NULL,NULL,NULL,'$2b$12$qEhKsl.F9elnc3MDHXvpKuVyJTxPbPbfQ34FlN/q5of5WXDZNDhQi','Staff','Owner',NULL,'owner','2026-01-21 10:56:23','2026-01-21 10:56:23',0,NULL,NULL,NULL,NULL),(410,'hours_owner_704411@example.com',NULL,NULL,NULL,NULL,NULL,NULL,NULL,'$2b$12$sUsYm8pHJcrJo6y3RQwlnuZgmd9G9bcENGuho9ngt0IESHuBJOEyS','Hours','Owner',NULL,'owner','2026-01-21 10:56:24','2026-01-21 10:56:24',0,NULL,NULL,NULL,NULL),(411,'timeoff_owner_126422@example.com',NULL,NULL,NULL,NULL,NULL,NULL,NULL,'$2b$12$5ieM/BlXQ0Xk2uHv87Nue.EGmCGnpsJEWoCmG1c/bwyK2o1YWDTdm','TimeOff','Owner',NULL,'owner','2026-01-21 10:56:24','2026-01-21 10:56:24',0,NULL,NULL,NULL,NULL),(412,'timeoff_owner_886840@example.com',NULL,NULL,NULL,NULL,NULL,NULL,NULL,'$2b$12$l7I6PxqDaOxd44hOyR5W3OW1WzGymb9EPzKttBGccYLVvBgl11DTi','TimeOff','Owner',NULL,'owner','2026-01-21 10:56:24','2026-01-21 10:56:24',0,NULL,NULL,NULL,NULL),(413,'staff_owner_348675@example.com',NULL,NULL,NULL,NULL,NULL,NULL,NULL,'$2b$12$y9HOPpZ55BYnXYwFtJ6szeSnY339Jo.UXFnhV8ZY7liDI/mwslbqG','Staff','Owner',NULL,'owner','2026-01-21 10:56:24','2026-01-21 10:56:24',0,NULL,NULL,NULL,NULL),(414,'hours_owner_810171@example.com',NULL,NULL,NULL,NULL,NULL,NULL,NULL,'$2b$12$WOYhb4DjxMHfukbqVG0k/.erS0hCeeslS/3AyUjC/tdidkan7cXqa','Hours','Owner',NULL,'owner','2026-01-21 10:56:25','2026-01-21 10:56:25',0,NULL,NULL,NULL,NULL),(415,'staff_owner_271272@example.com',NULL,NULL,NULL,NULL,NULL,NULL,NULL,'$2b$12$obsc28.B/CEXOGR5z96cL.sWrDwfVi.oht0J/tUhSc6OkPzlPc7nK','Staff','Owner',NULL,'owner','2026-01-21 10:56:25','2026-01-21 10:56:25',0,NULL,NULL,NULL,NULL),(416,'hours_owner_124759@example.com',NULL,NULL,NULL,NULL,NULL,NULL,NULL,'$2b$12$0O9KjtWC6bZSPj.0XVtZxu1SRVDn9ywqNHtb3Z31tGqCB0B2WGKZi','Hours','Owner',NULL,'owner','2026-01-21 10:56:25','2026-01-21 10:56:25',0,NULL,NULL,NULL,NULL),(417,'timeoff_owner_786311@example.com',NULL,NULL,NULL,NULL,NULL,NULL,NULL,'$2b$12$I69nOilJMTlz1ChKRQioTeTHnLLQAT15ocCbHQc0.hGRD4cjV1dGS','TimeOff','Owner',NULL,'owner','2026-01-21 10:56:25','2026-01-21 10:56:25',0,NULL,NULL,NULL,NULL),(418,'timeoff_owner_859279@example.com',NULL,NULL,NULL,NULL,NULL,NULL,NULL,'$2b$12$2avfmBFDj6T1nfkVaLtVOehTuBpCf5pKz6nJJ4RnndOVyVVpxF0S.','TimeOff','Owner',NULL,'owner','2026-01-21 10:56:26','2026-01-21 10:56:26',0,NULL,NULL,NULL,NULL),(419,'hours_owner_789757@example.com',NULL,NULL,NULL,NULL,NULL,NULL,NULL,'$2b$12$gB9VF3Ewzn07dUHBEdX8FunnwLjt3rAHItXACP3ezdWr0/cJuuA0u','Hours','Owner',NULL,'owner','2026-01-21 10:56:26','2026-01-21 10:56:26',0,NULL,NULL,NULL,NULL),(420,'staff_owner_191365@example.com',NULL,NULL,NULL,NULL,NULL,NULL,NULL,'$2b$12$G7rw1L7gTFyYeBCVC2fhfODMNX..nZfWnQeMy/j97J5Z4qufPFJ9S','Staff','Owner',NULL,'owner','2026-01-21 10:56:26','2026-01-21 10:56:26',0,NULL,NULL,NULL,NULL),(421,'staff_owner_781531@example.com',NULL,NULL,NULL,NULL,NULL,NULL,NULL,'$2b$12$0k/CTFViMbtW4NgU.rshWO74bGI5nOTLwGhMoJvA1Fa9kC8hljHNa','Staff','Owner',NULL,'owner','2026-01-21 10:56:26','2026-01-21 10:56:26',0,NULL,NULL,NULL,NULL),(422,'hours_owner_309846@example.com',NULL,NULL,NULL,NULL,NULL,NULL,NULL,'$2b$12$XvghbXWXlII2JITMvAD9feedV3rMXXIay/6oqSGb/cH/Tk/HFT0ue','Hours','Owner',NULL,'owner','2026-01-21 10:56:27','2026-01-21 10:56:27',0,NULL,NULL,NULL,NULL),(423,'hours_owner_592317@example.com',NULL,NULL,NULL,NULL,NULL,NULL,NULL,'$2b$12$9kMWVObq10hyfERxpF.UB.PYwC8/v0nZkXy5M13dkiaW72YDMl.Cu','Hours','Owner',NULL,'owner','2026-01-21 10:56:27','2026-01-21 10:56:27',0,NULL,NULL,NULL,NULL),(424,'timeoff_owner_789715@example.com',NULL,NULL,NULL,NULL,NULL,NULL,NULL,'$2b$12$s/PqiQhKCuHxjesShoeGyu.7FkDxfFsmKIZz0Og/uXAYdncnxsTxa','TimeOff','Owner',NULL,'owner','2026-01-21 10:56:27','2026-01-21 10:56:27',0,NULL,NULL,NULL,NULL),(425,'staff_owner_242712@example.com',NULL,NULL,NULL,NULL,NULL,NULL,NULL,'$2b$12$R6Ld.nzjuRXBWUYa7.oxpeYPqq1tKm2TcbDid8ly7PUqeztBrluo6','Staff','Owner',NULL,'owner','2026-01-21 10:56:27','2026-01-21 10:56:27',0,NULL,NULL,NULL,NULL),(426,'timeoff_owner_434839@example.com',NULL,NULL,NULL,NULL,NULL,NULL,NULL,'$2b$12$DmJNI6xtjMlHue4plOsR1.K0nPLBqOG3OGpxOCDPaVKRYKWh9rPSO','TimeOff','Owner',NULL,'owner','2026-01-21 10:56:28','2026-01-21 10:56:28',0,NULL,NULL,NULL,NULL),(427,'staff_owner_512520@example.com',NULL,NULL,NULL,NULL,NULL,NULL,NULL,'$2b$12$PiNnt.e3CUNbI5o8prhd5eHTUA8KT6Z/RVZmNSmZRUjaczu4vcS6W','Staff','Owner',NULL,'owner','2026-01-21 10:56:28','2026-01-21 10:56:28',0,NULL,NULL,NULL,NULL),(428,'hours_owner_881335@example.com',NULL,NULL,NULL,NULL,NULL,NULL,NULL,'$2b$12$bmcEtk68GOcs44OE3PXjOuBbWinDaPmStBCbuNc/FgHzJPZzbhcSG','Hours','Owner',NULL,'owner','2026-01-21 10:56:28','2026-01-21 10:56:28',0,NULL,NULL,NULL,NULL),(429,'timeoff_owner_752659@example.com',NULL,NULL,NULL,NULL,NULL,NULL,NULL,'$2b$12$rFc/ifM7pUU2pJ6L8poRguU7s2qTBieNU4e1YSZHDBFMngGN7/f0C','TimeOff','Owner',NULL,'owner','2026-01-21 10:56:28','2026-01-21 10:56:28',0,NULL,NULL,NULL,NULL),(430,'timeoff_owner_938329@example.com',NULL,NULL,NULL,NULL,NULL,NULL,NULL,'$2b$12$isZF5NsqbwmVlba4bmkzAefxHfjJkZQYqzJx5pA8pwIWqJuKsK1Hq','TimeOff','Owner',NULL,'owner','2026-01-21 10:56:29','2026-01-21 10:56:29',0,NULL,NULL,NULL,NULL),(431,'hours_owner_950163@example.com',NULL,NULL,NULL,NULL,NULL,NULL,NULL,'$2b$12$hUJdl4tCc5IQ0TeVW1YJeuNmk8X9Xyv1kd2nrWmpY7no9lBlcoE7G','Hours','Owner',NULL,'owner','2026-01-21 10:56:29','2026-01-21 10:56:29',0,NULL,NULL,NULL,NULL),(432,'client_delete_owner_701337@example.com',NULL,NULL,NULL,NULL,NULL,NULL,NULL,'$2b$12$VZu2/N4KSFsQLL3tl4yQi.zl.9dqsG/j2XhB3NzH0zFiwHLki6rsO','Delete','Owner',NULL,'owner','2026-01-21 10:58:17','2026-01-21 10:58:17',0,NULL,NULL,NULL,NULL),(433,'client_delete_owner_808311@example.com',NULL,NULL,NULL,NULL,NULL,NULL,NULL,'$2b$12$/qCqCI7qc.qOOf2ILRtMcuCRYjMaFHSWtVskm1KcObKMoZLkYScf6','Delete','Owner',NULL,'owner','2026-01-21 10:58:17','2026-01-21 10:58:17',0,NULL,NULL,NULL,NULL),(434,'client_delete_owner_146713@example.com',NULL,NULL,NULL,NULL,NULL,NULL,NULL,'$2b$12$6H.czfhlZJaIYr9b3.w8rOqHffuiMXIzmXwe4nJfPFGCDFfjeJSIy','Delete','Owner',NULL,'owner','2026-01-21 10:58:17','2026-01-21 10:58:17',0,NULL,NULL,NULL,NULL),(435,'notes_owner_156141@example.com',NULL,NULL,NULL,NULL,NULL,NULL,NULL,'$2b$12$vis23P0PrWJYjzgLRr4UkuhZHF40v9iYK35jbBpea0jaIPl/0cR1y','Notes','Owner',NULL,'owner','2026-01-21 10:58:17','2026-01-21 10:58:17',0,NULL,NULL,NULL,NULL),(436,'multi_salon_client_909282@example.com',NULL,NULL,NULL,NULL,NULL,NULL,NULL,'$2b$12$F8iUSAWLWLHOPAi3L6o/sOOkwxA7Az79qJkMxQzUlxbnXJpNGOlfK','Multi','Salon',NULL,'client','2026-01-21 10:58:17','2026-01-21 10:58:17',0,NULL,NULL,NULL,NULL),(437,'client_delete_808311@example.com',NULL,NULL,NULL,NULL,NULL,NULL,NULL,'$2b$12$BBABWAmyN1QHzhde9RvejuGe9Sp3P1mWLJzzuH3uPRKM.5zdfhGBK','Test','Client',NULL,'client','2026-01-21 10:58:18','2026-01-21 10:58:18',0,NULL,NULL,NULL,NULL),(438,'client_delete_701337@example.com',NULL,NULL,NULL,NULL,NULL,NULL,NULL,'$2b$12$yLfIXFJTo9nL4sEkz24hyeciEDzf0Sf52XDWnZ3zAuoQw7bX6ddJ2','Test','Client',NULL,'client','2026-01-21 10:58:18','2026-01-21 10:58:18',0,NULL,NULL,NULL,NULL),(439,'client_delete_146713@example.com',NULL,NULL,NULL,NULL,NULL,NULL,NULL,'$2b$12$0vZqTg3eLTJN8n8eT8syS.eHl.hob9y6u95BNhNBR7hYDJ5DSJNUS','Test','Client',NULL,'client','2026-01-21 10:58:18','2026-01-21 10:58:18',0,NULL,NULL,NULL,NULL),(440,'notes_client_156141@example.com',NULL,NULL,NULL,NULL,NULL,NULL,NULL,'$2b$12$fKCiFmO1ig.TpmWa9ovlhu6.6ix..cxlCXCmr1EfF3Afx8KVkBXAi','Notes','Client',NULL,'client','2026-01-21 10:58:18','2026-01-21 10:58:18',0,NULL,NULL,NULL,NULL),(441,'client_delete_owner_231426@example.com',NULL,NULL,NULL,NULL,NULL,NULL,NULL,'$2b$12$ciTyzYJH3xTgAO3cGfYSc.G.ZLgXIBa.gR1PvbYGrOyo8w0puM02.','Delete','Owner',NULL,'owner','2026-01-21 10:58:19','2026-01-21 10:58:19',0,NULL,NULL,NULL,NULL),(442,'client_delete_231426@example.com',NULL,NULL,NULL,NULL,NULL,NULL,NULL,'$2b$12$Bts7Fu72GSzIS5C1bNLL3OOJB0I1O6ojfWLRMmcv6s3pGG61QaRRi','Test','Client',NULL,'client','2026-01-21 10:58:19','2026-01-21 10:58:19',0,NULL,NULL,NULL,NULL),(443,'integrity_owner_689334@example.com',NULL,NULL,NULL,NULL,NULL,NULL,NULL,'$2b$12$kyMLTaH/cS.Xk6bV.xkYA.z481C3SwDG.mayYbnKdyZ9/5d2kyYFG','Integrity','Owner',NULL,'owner','2026-01-21 10:58:20','2026-01-21 10:58:20',0,NULL,NULL,NULL,NULL),(444,'integrity_client_689334@example.com',NULL,NULL,NULL,NULL,NULL,NULL,NULL,'$2b$12$WQKI.RRE2q/ZaJlpgQ.7rOta/OgDkxmqFI1g0U5bYEDwfcWwEV7ve','Integrity','Client',NULL,'client','2026-01-21 10:58:20','2026-01-21 10:58:20',0,NULL,NULL,NULL,NULL),(445,'client_delete_owner_707856@example.com',NULL,NULL,NULL,NULL,NULL,NULL,NULL,'$2b$12$w59FUztS9NQvulOLjfkp3.Bf0ABUnUEPNcpoIGS6Eemh8ZdNKKU52','Delete','Owner',NULL,'owner','2026-01-21 10:58:20','2026-01-21 10:58:20',0,NULL,NULL,NULL,NULL),(446,'client_delete_707856@example.com',NULL,NULL,NULL,NULL,NULL,NULL,NULL,'$2b$12$dvRV2LKaG/.2yU1Trb8j5uE7pCoU65AZwSLbxfI9DB/X9lcDorl2W','Test','Client',NULL,'client','2026-01-21 10:58:20','2026-01-21 10:58:20',0,NULL,NULL,NULL,NULL),(447,'multi_salon_client_964620@example.com',NULL,NULL,NULL,NULL,NULL,NULL,NULL,'$2b$12$LZo0uqRsYnnuLlipv29Mxeiyl2QbjJA1NVBxuYHc/H7Pvun8UtEO2','Multi','Salon',NULL,'client','2026-01-21 10:58:21','2026-01-21 10:58:21',0,NULL,NULL,NULL,NULL),(448,'multi_salon_client_453405@example.com',NULL,NULL,NULL,NULL,NULL,NULL,NULL,'$2b$12$n9sE2zwli16oufN07DUDDezI87u2ou2ZCjEAgetZ/U4rrteEcCQim','Multi','Salon',NULL,'client','2026-01-21 10:58:21','2026-01-21 10:58:21',0,NULL,NULL,NULL,NULL),(449,'client_delete_owner_839920@example.com',NULL,NULL,NULL,NULL,NULL,NULL,NULL,'$2b$12$S/M4Gx8xBhwvgesXNbTHSOk52kBEefdahZtjKikWawgTylwhphktK','Delete','Owner',NULL,'owner','2026-01-21 10:58:21','2026-01-21 10:58:21',0,NULL,NULL,NULL,NULL),(450,'client_delete_owner_367699@example.com',NULL,NULL,NULL,NULL,NULL,NULL,NULL,'$2b$12$F01ZUxsmUBeqr.6AUx7uEuLM86756wmJb/QYrrs/VFdXjTbVZWCQ2','Delete','Owner',NULL,'owner','2026-01-21 10:58:22','2026-01-21 10:58:22',0,NULL,NULL,NULL,NULL),(451,'notes_owner_987098@example.com',NULL,NULL,NULL,NULL,NULL,NULL,NULL,'$2b$12$psjK7GgHYhmDbziITadwjuICiORXEO./rqBzr09rgobOeTaDRBM0W','Notes','Owner',NULL,'owner','2026-01-21 10:58:22','2026-01-21 10:58:22',0,NULL,NULL,NULL,NULL),(452,'client_delete_839920@example.com',NULL,NULL,NULL,NULL,NULL,NULL,NULL,'$2b$12$uoE1W5R/jnnpAx2qORDv8euZt7.70iunB5t/7CdZIjUxRkQFpvSLS','Test','Client',NULL,'client','2026-01-21 10:58:22','2026-01-21 10:58:22',0,NULL,NULL,NULL,NULL),(453,'client_delete_367699@example.com',NULL,NULL,NULL,NULL,NULL,NULL,NULL,'$2b$12$V/J50ywE6v1MExeThoVVDe9o0uuVMrFqr7j.1.u2rNs9nBUPqOsyO','Test','Client',NULL,'client','2026-01-21 10:58:22','2026-01-21 10:58:22',0,NULL,NULL,NULL,NULL),(454,'notes_client_987098@example.com',NULL,NULL,NULL,NULL,NULL,NULL,NULL,'$2b$12$1pgACxSsafKH4yp9lP5NMuP6mJBqj4jqVk0l.44/dYWJt/dqjhOgW','Notes','Client',NULL,'client','2026-01-21 10:58:22','2026-01-21 10:58:22',0,NULL,NULL,NULL,NULL),(455,'client_delete_owner_389792@example.com',NULL,NULL,NULL,NULL,NULL,NULL,NULL,'$2b$12$PJ4er9uy.7TQz97rImc2/.LoIK8oaLch.2rsJWG1hrvtfSElYXlFa','Delete','Owner',NULL,'owner','2026-01-21 10:58:23','2026-01-21 10:58:23',0,NULL,NULL,NULL,NULL),(456,'integrity_owner_718109@example.com',NULL,NULL,NULL,NULL,NULL,NULL,NULL,'$2b$12$phjgMGcRukSu2M356P1dTOUkBX/EEGegQ83322ui3zIwNNAtaUpeu','Integrity','Owner',NULL,'owner','2026-01-21 10:58:23','2026-01-21 10:58:23',0,NULL,NULL,NULL,NULL),(457,'client_delete_owner_445849@example.com',NULL,NULL,NULL,NULL,NULL,NULL,NULL,'$2b$12$BjV8VJaAa5lSljU3ZytDGeRRydkJtIAbxLhKKuw6iZJwjde5NxADS','Delete','Owner',NULL,'owner','2026-01-21 10:58:23','2026-01-21 10:58:23',0,NULL,NULL,NULL,NULL),(458,'client_delete_389792@example.com',NULL,NULL,NULL,NULL,NULL,NULL,NULL,'$2b$12$o/ZL6/3/3ACnnAf59Dxe4eekOxIjKNkB6kmleUTYTMA9yuEuhcPzm','Test','Client',NULL,'client','2026-01-21 10:58:24','2026-01-21 10:58:24',0,NULL,NULL,NULL,NULL),(459,'client_delete_445849@example.com',NULL,NULL,NULL,NULL,NULL,NULL,NULL,'$2b$12$VQMKhpALsX6b6FI7REXCA.CJYB3oHltkJrzQ7Ivok3cmYEdu0dZwi','Test','Client',NULL,'client','2026-01-21 10:58:24','2026-01-21 10:58:24',0,NULL,NULL,NULL,NULL),(460,'integrity_client_718109@example.com',NULL,NULL,NULL,NULL,NULL,NULL,NULL,'$2b$12$85qzgryszcNFVvdWEqw4teJwMPIsWybHlcLbm0avOvTwvJ72YMg6S','Integrity','Client',NULL,'client','2026-01-21 10:58:24','2026-01-21 10:58:24',0,NULL,NULL,NULL,NULL),(461,'notes_owner_440414@example.com',NULL,NULL,NULL,NULL,NULL,NULL,NULL,'$2b$12$bvS1MEOJQUT/h6dns6ea2emeU46vd3Yde92jkFfr8Jx7pj8HT9s52','Notes','Owner',NULL,'owner','2026-01-21 10:58:24','2026-01-21 10:58:24',0,NULL,NULL,NULL,NULL),(462,'multi_salon_client_40621@example.com',NULL,NULL,NULL,NULL,NULL,NULL,NULL,'$2b$12$HJDWMV.z2tVyoYGg2ZleCunZ9apQLWV7Xx/CfkXGzK6UYsmUQAAYm','Multi','Salon',NULL,'client','2026-01-21 10:58:25','2026-01-21 10:58:25',0,NULL,NULL,NULL,NULL),(463,'client_delete_owner_953255@example.com',NULL,NULL,NULL,NULL,NULL,NULL,NULL,'$2b$12$x5Lx8.Wmv3tHWZyY.2H8E.soccPdUwbafKgZg7Te5pYIl3fp.bEQe','Delete','Owner',NULL,'owner','2026-01-21 10:58:25','2026-01-21 10:58:25',0,NULL,NULL,NULL,NULL),(464,'client_delete_owner_618218@example.com',NULL,NULL,NULL,NULL,NULL,NULL,NULL,'$2b$12$oUES1mtYQXgcCD2VGKyUFuLjAnSPL/F6M3WVhGUP8dwABHrAX3TiK','Delete','Owner',NULL,'owner','2026-01-21 10:58:26','2026-01-21 10:58:26',0,NULL,NULL,NULL,NULL),(465,'notes_client_440414@example.com',NULL,NULL,NULL,NULL,NULL,NULL,NULL,'$2b$12$HccH8V/aGjB93u1YW0w34Opxj0uAlwYmgrQJ6o/60.wdZFyjhcDFu','Notes','Client',NULL,'client','2026-01-21 10:58:26','2026-01-21 10:58:26',0,NULL,NULL,NULL,NULL),(466,'multi_salon_client_538977@example.com',NULL,NULL,NULL,NULL,NULL,NULL,NULL,'$2b$12$c3iM1MvhwEYmuivlpvzJFu3C25fUqh6GwhzTiZfLCtEa74iJTHYpO','Multi','Salon',NULL,'client','2026-01-21 10:58:26','2026-01-21 10:58:26',0,NULL,NULL,NULL,NULL),(467,'client_delete_953255@example.com',NULL,NULL,NULL,NULL,NULL,NULL,NULL,'$2b$12$0wY6LNkZ0oioDWA3wqIyJueWi/F18eQ/boE1G53er8BxWnooc.b2.','Test','Client',NULL,'client','2026-01-21 10:58:26','2026-01-21 10:58:26',0,NULL,NULL,NULL,NULL),(468,'client_delete_618218@example.com',NULL,NULL,NULL,NULL,NULL,NULL,NULL,'$2b$12$jd2idMyCVLH8jU9VmaCYDuFfhl.pViZBuR.TrYK1xxL0lNbuLowhi','Test','Client',NULL,'client','2026-01-21 10:58:26','2026-01-21 10:58:26',0,NULL,NULL,NULL,NULL),(469,'client_delete_owner_916591@example.com',NULL,NULL,NULL,NULL,NULL,NULL,NULL,'$2b$12$OGKZEL2AndZ.RpsMbCDnbO5VZfH0LCPmGypSYvWbZ9g.xi.cL2eSO','Delete','Owner',NULL,'owner','2026-01-21 10:58:27','2026-01-21 10:58:27',0,NULL,NULL,NULL,NULL),(470,'integrity_owner_110281@example.com',NULL,NULL,NULL,NULL,NULL,NULL,NULL,'$2b$12$LOw0h3B87lOOC3XeNZjfoekH9jg.lxz0pougt7GfMmrX5iVL.dd8m','Integrity','Owner',NULL,'owner','2026-01-21 10:58:27','2026-01-21 10:58:27',0,NULL,NULL,NULL,NULL),(471,'client_delete_916591@example.com',NULL,NULL,NULL,NULL,NULL,NULL,NULL,'$2b$12$ZX7cUiOI3cG1oXYIkhmxCOsH0g1nrdz24FC7HUld8r8i7IeZaSf3O','Test','Client',NULL,'client','2026-01-21 10:58:27','2026-01-21 10:58:27',0,NULL,NULL,NULL,NULL),(472,'client_delete_owner_745312@example.com',NULL,NULL,NULL,NULL,NULL,NULL,NULL,'$2b$12$UrVjJJq22UX2dfJ9/O5St.zWAjaaAq5xX2lV8o4zJsgsuP0lUrAny','Delete','Owner',NULL,'owner','2026-01-21 10:58:27','2026-01-21 10:58:27',0,NULL,NULL,NULL,NULL),(473,'integrity_client_110281@example.com',NULL,NULL,NULL,NULL,NULL,NULL,NULL,'$2b$12$zhvf/v4DIzrrlT5lNFrMGOYFKfP9IAQMKhew4x/FqLKiEtkwkSHwu','Integrity','Client',NULL,'client','2026-01-21 10:58:28','2026-01-21 10:58:28',0,NULL,NULL,NULL,NULL),(474,'client_delete_owner_677192@example.com',NULL,NULL,NULL,NULL,NULL,NULL,NULL,'$2b$12$QZBLJPJATL3zNwUdhoSkReAs54W8nogQiPx74NpNCEalFqzQfpYNG','Delete','Owner',NULL,'owner','2026-01-21 10:58:28','2026-01-21 10:58:28',0,NULL,NULL,NULL,NULL),(475,'client_delete_745312@example.com',NULL,NULL,NULL,NULL,NULL,NULL,NULL,'$2b$12$sAF8OMB59C5YAZUpneoDC.KsBDmVtXAcuFLfYZ0qqWB9LmrtepqZC','Test','Client',NULL,'client','2026-01-21 10:58:28','2026-01-21 10:58:28',0,NULL,NULL,NULL,NULL),(476,'client_delete_677192@example.com',NULL,NULL,NULL,NULL,NULL,NULL,NULL,'$2b$12$eFnAfZ3yYyzDKPOAItHoTOvj9HFW/5h9qLkDK5N996DTV1KoaarDG','Test','Client',NULL,'client','2026-01-21 10:58:28','2026-01-21 10:58:28',0,NULL,NULL,NULL,NULL),(477,'multi_salon_client_968648@example.com',NULL,NULL,NULL,NULL,NULL,NULL,NULL,'$2b$12$tjvXwvzY0CmUPVCj5FpU4.GBlVdOL9IPydsmovkoOfup8bxZR/kEq','Multi','Salon',NULL,'client','2026-01-21 10:58:29','2026-01-21 10:58:29',0,NULL,NULL,NULL,NULL),(478,'multi_salon_client_993497@example.com',NULL,NULL,NULL,NULL,NULL,NULL,NULL,'$2b$12$PCn1NoDcgBhLweFzmf5CvuBuJE7H7DZo3W.waR33TnnKPUpVdgEVG','Multi','Salon',NULL,'client','2026-01-21 10:58:29','2026-01-21 10:58:29',0,NULL,NULL,NULL,NULL),(479,'client_delete_owner_508282@example.com',NULL,NULL,NULL,NULL,NULL,NULL,NULL,'$2b$12$pbOzejcX5gRwUezh3zTeVOn8igooZMVIYlY0MH0gTA5vkBDuB5mqq','Delete','Owner',NULL,'owner','2026-01-21 10:58:30','2026-01-21 10:58:30',0,NULL,NULL,NULL,NULL),(480,'client_delete_owner_313829@example.com',NULL,NULL,NULL,NULL,NULL,NULL,NULL,'$2b$12$gobuMATM.eBmpGE6lkEFoeJkURLNalUbF9JJ6yh/P2PeB09vUNZl.','Delete','Owner',NULL,'owner','2026-01-21 10:58:30','2026-01-21 10:58:30',0,NULL,NULL,NULL,NULL),(481,'notes_owner_765543@example.com',NULL,NULL,NULL,NULL,NULL,NULL,NULL,'$2b$12$XNP8VfwfTf.KQkm0vpdS/OpCnO61adqRjT6LhJ3tl5TAMNIWSC2bW','Notes','Owner',NULL,'owner','2026-01-21 10:58:30','2026-01-21 10:58:30',0,NULL,NULL,NULL,NULL),(482,'client_delete_508282@example.com',NULL,NULL,NULL,NULL,NULL,NULL,NULL,'$2b$12$Cg2jf2/12UbtEYF.rQs.ye2LNHZDmw1fmuhM4HWBg3RGzf1imuRIi','Test','Client',NULL,'client','2026-01-21 10:58:30','2026-01-21 10:58:30',0,NULL,NULL,NULL,NULL),(483,'client_delete_313829@example.com',NULL,NULL,NULL,NULL,NULL,NULL,NULL,'$2b$12$N9j/HICRz7Rx3IERnB4DieUuOh.QEVpmiocaE/bhpm7EQi.p2MeRe','Test','Client',NULL,'client','2026-01-21 10:58:30','2026-01-21 10:58:30',0,NULL,NULL,NULL,NULL),(484,'notes_client_765543@example.com',NULL,NULL,NULL,NULL,NULL,NULL,NULL,'$2b$12$WwJd1LokRpJZnyRweBbD/et4y0/SlWAh82ZI1/CjUK24hHsH3oQDO','Notes','Client',NULL,'client','2026-01-21 10:58:30','2026-01-21 10:58:30',0,NULL,NULL,NULL,NULL),(485,'client_delete_owner_589436@example.com',NULL,NULL,NULL,NULL,NULL,NULL,NULL,'$2b$12$tOe3a3fI3ioNCSAjD0Q83OIQq6ZI6sSF5WBsSlnF6K8xaiUUp.ukK','Delete','Owner',NULL,'owner','2026-01-21 10:58:31','2026-01-21 10:58:31',0,NULL,NULL,NULL,NULL),(486,'integrity_owner_437000@example.com',NULL,NULL,NULL,NULL,NULL,NULL,NULL,'$2b$12$Ksoagh3YmFs3cFSihWUKWO0/FA76VLBEeZZGfx0kv4PC47JOddFDi','Integrity','Owner',NULL,'owner','2026-01-21 10:58:31','2026-01-21 10:58:31',0,NULL,NULL,NULL,NULL),(487,'client_delete_owner_442658@example.com',NULL,NULL,NULL,NULL,NULL,NULL,NULL,'$2b$12$lUEE8n8AjVUqbQiAY/qJNOjZAmNKtJP7htTaBRnncm6UuTOCqt356','Delete','Owner',NULL,'owner','2026-01-21 10:58:31','2026-01-21 10:58:31',0,NULL,NULL,NULL,NULL),(488,'client_delete_owner_999855@example.com',NULL,NULL,NULL,NULL,NULL,NULL,NULL,'$2b$12$JKbClPKqJe.tZZC7R/0wOOQvJ9Ki2MVnFliQm7qkaKQ0cGC9Ni0/.','Delete','Owner',NULL,'owner','2026-01-21 10:58:32','2026-01-21 10:58:32',0,NULL,NULL,NULL,NULL),(489,'client_delete_589436@example.com',NULL,NULL,NULL,NULL,NULL,NULL,NULL,'$2b$12$suIhfb.Za4W3OUDOLBv1hOXW7tf08Qow6vgcdJPdqY.YIYO7YFX/W','Test','Client',NULL,'client','2026-01-21 10:58:32','2026-01-21 10:58:32',0,NULL,NULL,NULL,NULL),(490,'integrity_client_437000@example.com',NULL,NULL,NULL,NULL,NULL,NULL,NULL,'$2b$12$fNCCoC2I1lu6qqjFZ8KSdO7CPRGYJP8Rti01FGG6IwDGfwzN0o.oq','Integrity','Client',NULL,'client','2026-01-21 10:58:32','2026-01-21 10:58:32',0,NULL,NULL,NULL,NULL),(491,'multi_salon_client_338720@example.com',NULL,NULL,NULL,NULL,NULL,NULL,NULL,'$2b$12$93JPcdw27b6prwAm8ThMUepDPAX8xY2TmXHgMc8K2JczNuwytmPYm','Multi','Salon',NULL,'client','2026-01-21 10:58:32','2026-01-21 10:58:32',0,NULL,NULL,NULL,NULL),(492,'client_delete_442658@example.com',NULL,NULL,NULL,NULL,NULL,NULL,NULL,'$2b$12$E8n5vxfCvpmTYg9Guvr7D.blMXiRrHeRYiFwIcoWlWIW4ztxY/DXi','Test','Client',NULL,'client','2026-01-21 10:58:32','2026-01-21 10:58:32',0,NULL,NULL,NULL,NULL),(493,'client_delete_999855@example.com',NULL,NULL,NULL,NULL,NULL,NULL,NULL,'$2b$12$OOSmKthh/hW2UdPBIURfo.vLYTX41v5pJTGhfUI1co0mXiTBYLE/u','Test','Client',NULL,'client','2026-01-21 10:58:33','2026-01-21 10:58:33',0,NULL,NULL,NULL,NULL),(494,'client_delete_owner_185235@example.com',NULL,NULL,NULL,NULL,NULL,NULL,NULL,'$2b$12$3OglkBk/Pem8luC04cLrKOUiacER5WVOalKhfxXPOmpt0/0GcgBse','Delete','Owner',NULL,'owner','2026-01-21 10:58:33','2026-01-21 10:58:33',0,NULL,NULL,NULL,NULL),(495,'client_delete_owner_732817@example.com',NULL,NULL,NULL,NULL,NULL,NULL,NULL,'$2b$12$tT/Yh3n9s5/dTdPzU7hLW.8zhyDYkLGtS6cFi5ryuVamt4ltDmTPy','Delete','Owner',NULL,'owner','2026-01-21 10:58:34','2026-01-21 10:58:34',0,NULL,NULL,NULL,NULL),(496,'multi_salon_client_532533@example.com',NULL,NULL,NULL,NULL,NULL,NULL,NULL,'$2b$12$akbPTpze10FRo0Mtp6R1S.KqE.JfHXdWDQGSZG7UhXk66ILHsfiV.','Multi','Salon',NULL,'client','2026-01-21 10:58:34','2026-01-21 10:58:34',0,NULL,NULL,NULL,NULL),(497,'notes_owner_75366@example.com',NULL,NULL,NULL,NULL,NULL,NULL,NULL,'$2b$12$W4BDBF.fpmInLXyMdE/bveqrt2ouWkAnT1RgQP6a962tfQJBgYY5S','Notes','Owner',NULL,'owner','2026-01-21 10:58:34','2026-01-21 10:58:34',0,NULL,NULL,NULL,NULL),(498,'client_delete_owner_337273@example.com',NULL,NULL,NULL,NULL,NULL,NULL,NULL,'$2b$12$vnFE9Isan.xxelX/15BG1..SYS1L4B.WwMO5DwiV4o3YRf1Hwyd6W','Delete','Owner',NULL,'owner','2026-01-21 10:58:34','2026-01-21 10:58:34',0,NULL,NULL,NULL,NULL),(499,'client_delete_185235@example.com',NULL,NULL,NULL,NULL,NULL,NULL,NULL,'$2b$12$.44t3/mwyTUw7J9zIE4t2e3Y.sNiR8BdsbIIQXPkKLhRpuFlMIrmK','Test','Client',NULL,'client','2026-01-21 10:58:34','2026-01-21 10:58:34',0,NULL,NULL,NULL,NULL),(500,'client_delete_732817@example.com',NULL,NULL,NULL,NULL,NULL,NULL,NULL,'$2b$12$kmpWH3gzEKOcVs7ZOri4NuV4QudXkcuhacAflQeGqdi9W6jJMQfza','Test','Client',NULL,'client','2026-01-21 10:58:35','2026-01-21 10:58:35',0,NULL,NULL,NULL,NULL),(501,'client_delete_337273@example.com',NULL,NULL,NULL,NULL,NULL,NULL,NULL,'$2b$12$YClJFtzQXd8964IpXKBh0eeAsnh/WYLfuRmqzMaSt.PBeJeWb3Kju','Test','Client',NULL,'client','2026-01-21 10:58:35','2026-01-21 10:58:35',0,NULL,NULL,NULL,NULL),(502,'notes_client_75366@example.com',NULL,NULL,NULL,NULL,NULL,NULL,NULL,'$2b$12$lbmypxuPGRQRT0HMfN/4leD/Xei4BXq7iROkYfMYw6lcP2UsovS/W','Notes','Client',NULL,'client','2026-01-21 10:58:35','2026-01-21 10:58:35',0,NULL,NULL,NULL,NULL),(503,'integrity_owner_601950@example.com',NULL,NULL,NULL,NULL,NULL,NULL,NULL,'$2b$12$wg1CwUALS1Z1HUCcMczNZOlfj0aLeVNDVNClrlIvd59MSrbQil55S','Integrity','Owner',NULL,'owner','2026-01-21 10:58:36','2026-01-21 10:58:36',0,NULL,NULL,NULL,NULL),(504,'integrity_client_601950@example.com',NULL,NULL,NULL,NULL,NULL,NULL,NULL,'$2b$12$3c72OiEmgGaB7Z7uGEcPDOZKHf9Kjsnh9e/J0JeNOJDp0/VYMzDwO','Integrity','Client',NULL,'client','2026-01-21 10:58:36','2026-01-21 10:58:36',0,NULL,NULL,NULL,NULL),(505,'client_delete_owner_779767@example.com',NULL,NULL,NULL,NULL,NULL,NULL,NULL,'$2b$12$NUIbnYH7wKc7T9xazV/79uACWSZNv0e2wCsWumt8hTOnGHZMnhV/m','Delete','Owner',NULL,'owner','2026-01-21 10:58:36','2026-01-21 10:58:36',0,NULL,NULL,NULL,NULL),(506,'client_delete_779767@example.com',NULL,NULL,NULL,NULL,NULL,NULL,NULL,'$2b$12$KhXKdxMEGQoJdACCX4b/Be4TRNJQeCJwpKYK3j.H3g7j/mG1x7y2C','Test','Client',NULL,'client','2026-01-21 10:58:36','2026-01-21 10:58:36',0,NULL,NULL,NULL,NULL),(507,'client_delete_owner_726497@example.com',NULL,NULL,NULL,NULL,NULL,NULL,NULL,'$2b$12$7c4EZmrASMmOCiCn4sRu3.AK21n4.xWdpLzszNMUJpVSKySp3cjyq','Delete','Owner',NULL,'owner','2026-01-21 10:58:37','2026-01-21 10:58:37',0,NULL,NULL,NULL,NULL),(508,'multi_salon_client_244310@example.com',NULL,NULL,NULL,NULL,NULL,NULL,NULL,'$2b$12$ZGe22xo60ewPq/dBGV4FPu5YPRpbnNMMug75ZtI7rD4hsI8O1WgG.','Multi','Salon',NULL,'client','2026-01-21 10:58:37','2026-01-21 10:58:37',0,NULL,NULL,NULL,NULL),(509,'client_delete_726497@example.com',NULL,NULL,NULL,NULL,NULL,NULL,NULL,'$2b$12$FIRislL8lVZ.C.uSVXo/Ve315c795b6XH8Of4RPhJKxGZ1JvS1LJa','Test','Client',NULL,'client','2026-01-21 10:58:37','2026-01-21 10:58:37',0,NULL,NULL,NULL,NULL),(510,'integrity_owner_797062@example.com',NULL,NULL,NULL,NULL,NULL,NULL,NULL,'$2b$12$1XUQGMyXezJytn3yEBdj6.t3UEbBwddYWno8MmI9PUS2GDs2JXOMa','Integrity','Owner',NULL,'owner','2026-01-21 10:58:37','2026-01-21 10:58:37',0,NULL,NULL,NULL,NULL),(511,'integrity_client_797062@example.com',NULL,NULL,NULL,NULL,NULL,NULL,NULL,'$2b$12$2.WIIoaB/13g8hvuevRpuug1ztXXXL1e9qta7LZie3ApeGxdrVURG','Integrity','Client',NULL,'client','2026-01-21 10:58:38','2026-01-21 10:58:38',0,NULL,NULL,NULL,NULL),(512,'multi_salon_client_120389@example.com',NULL,NULL,NULL,NULL,NULL,NULL,NULL,'$2b$12$dfclEHth9Ts6sazafUk.jOm07xcR8faQwMtpjgI2AUDQEw0yloWe6','Multi','Salon',NULL,'client','2026-01-21 10:58:38','2026-01-21 10:58:38',0,NULL,NULL,NULL,NULL),(513,'notes_owner_863781@example.com',NULL,NULL,NULL,NULL,NULL,NULL,NULL,'$2b$12$hczzsWLBknaIGUlLDF1Auu.bwdPNiazl4MbNiJIz8rqwF67GTR1/u','Notes','Owner',NULL,'owner','2026-01-21 10:58:38','2026-01-21 10:58:38',0,NULL,NULL,NULL,NULL),(514,'client_delete_owner_698288@example.com',NULL,NULL,NULL,NULL,NULL,NULL,NULL,'$2b$12$APlPyJ1lwR/p8pZKlYtCqu0mSrgyF9wwayYrY07dQyB1fTgVdINsS','Delete','Owner',NULL,'owner','2026-01-21 10:58:38','2026-01-21 10:58:38',0,NULL,NULL,NULL,NULL),(515,'notes_client_863781@example.com',NULL,NULL,NULL,NULL,NULL,NULL,NULL,'$2b$12$PZJkWifvkIKh/Y4NIKQGX.N5HL738AixUSP/CEm9aC1WmoyyEWQme','Notes','Client',NULL,'client','2026-01-21 10:58:39','2026-01-21 10:58:39',0,NULL,NULL,NULL,NULL),(516,'client_delete_698288@example.com',NULL,NULL,NULL,NULL,NULL,NULL,NULL,'$2b$12$f4kRIbIs26cnijQjBC9w5e6r7hmQvTkkncLSNenbxGbDgfogEh9V2','Test','Client',NULL,'client','2026-01-21 10:58:39','2026-01-21 10:58:39',0,NULL,NULL,NULL,NULL),(517,'client_delete_owner_941973@example.com',NULL,NULL,NULL,NULL,NULL,NULL,NULL,'$2b$12$Qqdog9QYECtPWCFSf0XugeFrjlh7muOxroLUGlVkADEQpVLW0v.1q','Delete','Owner',NULL,'owner','2026-01-21 10:58:39','2026-01-21 10:58:39',0,NULL,NULL,NULL,NULL),(518,'multi_salon_client_934837@example.com',NULL,NULL,NULL,NULL,NULL,NULL,NULL,'$2b$12$m2.JuYOHB/OmGNYqVAbrEeMcavrnl/rwPs6e782zaoaapMuqj6hkK','Multi','Salon',NULL,'client','2026-01-21 10:58:40','2026-01-21 10:58:40',0,NULL,NULL,NULL,NULL),(519,'client_delete_941973@example.com',NULL,NULL,NULL,NULL,NULL,NULL,NULL,'$2b$12$lKnktUUDzYROk8suEDOOR.y7ehFTb0MYvbj73DxFQzjQSSeJcBBuu','Test','Client',NULL,'client','2026-01-21 10:58:40','2026-01-21 10:58:40',0,NULL,NULL,NULL,NULL),(520,'marketplace_493172@example.com',NULL,NULL,NULL,NULL,NULL,NULL,NULL,'$2b$12$5ZmP85LjzC1INp6dsQGZcO1wO/IauWeAOO14bUElbNyCLOcTcSVPu','Marketplace','Customer',NULL,'client','2026-01-21 10:59:43','2026-01-21 10:59:43',0,NULL,NULL,NULL,NULL),(521,'past_booking_323677@example.com',NULL,NULL,NULL,NULL,NULL,NULL,NULL,'$2b$12$Dru4lE.NM/fewKjfXIM01OKwWBDEmoNt1ZstU2U/f0BUdezXqqgye','Past','Booking',NULL,'client','2026-01-21 10:59:44','2026-01-21 10:59:44',0,NULL,NULL,NULL,NULL),(522,'marketplace_831574@example.com',NULL,NULL,NULL,NULL,NULL,NULL,NULL,'$2b$12$27Mg7IZmtf5MW0eEuSlx/OZ4mJd.ahRtg97ncts0SOUzNwaIECdEe','Marketplace','Customer',NULL,'client','2026-01-21 10:59:45','2026-01-21 10:59:45',0,NULL,NULL,NULL,NULL),(523,'past_booking_627626@example.com',NULL,NULL,NULL,NULL,NULL,NULL,NULL,'$2b$12$cyYSSbtTPj4OyIoLDMvagudTI0Y1ayeM33usMuhAuXE2Ly5ZvD3je','Past','Booking',NULL,'client','2026-01-21 10:59:46','2026-01-21 10:59:46',0,NULL,NULL,NULL,NULL),(524,'marketplace_486976@example.com',NULL,NULL,NULL,NULL,NULL,NULL,NULL,'$2b$12$2eYFdqiL5sLSbs/EEtXjqO0wlHu86uCW.aZ7yphV.lLVcUopLj75m','Marketplace','Customer',NULL,'client','2026-01-21 10:59:47','2026-01-21 10:59:47',0,NULL,NULL,NULL,NULL),(525,'past_booking_284936@example.com',NULL,NULL,NULL,NULL,NULL,NULL,NULL,'$2b$12$1/cMCIG9Szd2kJfqZWgqlev61v8XS09ksJNd.fGnPZMy0109KErda','Past','Booking',NULL,'client','2026-01-21 10:59:48','2026-01-21 10:59:48',0,NULL,NULL,NULL,NULL),(526,'marketplace_939454@example.com',NULL,NULL,NULL,NULL,NULL,NULL,NULL,'$2b$12$L36f996fzXJEeZkEBnzvJOeL4godVKlLXDpkO/NLBd95uuHxQAsTy','Marketplace','Customer',NULL,'client','2026-01-21 10:59:48','2026-01-21 10:59:48',0,NULL,NULL,NULL,NULL),(527,'past_booking_695899@example.com',NULL,NULL,NULL,NULL,NULL,NULL,NULL,'$2b$12$A18S/Ah1V2X9bQk9YkKVv.hXSViY4GBWOvO.z57VvQCIowJy5kX5a','Past','Booking',NULL,'client','2026-01-21 10:59:49','2026-01-21 10:59:49',0,NULL,NULL,NULL,NULL),(528,'marketplace_19326@example.com',NULL,NULL,NULL,NULL,NULL,NULL,NULL,'$2b$12$yGEhXijIhlJ4M0fol6i9puXE2J8nbbYU89JTrS.dp/JO73tKxjtZe','Marketplace','Customer',NULL,'client','2026-01-21 10:59:49','2026-01-21 10:59:49',0,NULL,NULL,NULL,NULL),(529,'past_booking_956937@example.com',NULL,NULL,NULL,NULL,NULL,NULL,NULL,'$2b$12$WMIj2j6aDO.wWwb6l.Qk6eDVQNW4e5WueA8vv4i/bi65.DICkxyzC','Past','Booking',NULL,'client','2026-01-21 10:59:50','2026-01-21 10:59:50',0,NULL,NULL,NULL,NULL),(530,'marketplace_123071@example.com',NULL,NULL,NULL,NULL,NULL,NULL,NULL,'$2b$12$3b4qQpAej4Rx2x/P7ln7veWcdhqWdthtno04T6eX0Dyg/cnvYPbuS','Marketplace','Customer',NULL,'client','2026-01-21 10:59:51','2026-01-21 10:59:51',0,NULL,NULL,NULL,NULL),(531,'past_booking_867128@example.com',NULL,NULL,NULL,NULL,NULL,NULL,NULL,'$2b$12$3MBBOYjpe5/tkdHs1o5q1O0kCPBGxkMmWBBAfUwjp1JxN1elsuazq','Past','Booking',NULL,'client','2026-01-21 10:59:52','2026-01-21 10:59:52',0,NULL,NULL,NULL,NULL),(532,'lifecycle_224113@example.com',NULL,NULL,NULL,NULL,NULL,NULL,NULL,'$2b$12$gFP4bSbidnRxs1i7Bu9a9u42ZJM.EUOvD7hHTVHhL5YPdu4XKyyEe','Lifecycle','Test',NULL,'client','2026-01-21 11:12:55','2026-01-21 11:12:55',0,NULL,NULL,NULL,NULL),(533,'lifecycle_246740@example.com',NULL,NULL,NULL,NULL,NULL,NULL,NULL,'$2b$12$AEpeMbhLNTGN8iYv8owqAe41kKd4xiKdvp1M0uBA/vEnPA/UuGPRi','Lifecycle','Test',NULL,'client','2026-01-21 11:12:55','2026-01-21 11:12:55',0,NULL,NULL,NULL,NULL),(534,'multi_service_431286@example.com',NULL,NULL,NULL,NULL,NULL,NULL,NULL,'$2b$12$5GMs/qgl.BpSotZcRs3dLexh8vXAB2VGPiLj4ocDZdeOTxVlz8q06','Multi','Service',NULL,'client','2026-01-21 11:12:55','2026-01-21 11:12:55',0,NULL,NULL,NULL,NULL),(535,'lifecycle_387473@example.com',NULL,NULL,NULL,NULL,NULL,NULL,NULL,'$2b$12$W2JFYiqWqTiUgXrIGtiaE.XhFCu/RAABAOjE5UJ9qVTXLoF6aektG','Lifecycle','Test',NULL,'client','2026-01-21 11:12:55','2026-01-21 11:12:55',0,NULL,NULL,NULL,NULL),(536,'lifecycle_177191@example.com',NULL,NULL,NULL,NULL,NULL,NULL,NULL,'$2b$12$IHr0CkiRIN1HKN2j.Ic4P.qt6u1MNjQhpmzAWQDnvx6VKZRdGUV3m','Lifecycle','Test',NULL,'client','2026-01-21 11:12:55','2026-01-21 11:12:55',0,NULL,NULL,NULL,NULL),(537,'lifecycle_917873@example.com',NULL,NULL,NULL,NULL,NULL,NULL,NULL,'$2b$12$sshVxcCrWTBfqSQ51Cvkt.9DfmPNUlOiI4P5OSops6NXSZhjwcd/q','Lifecycle','Test',NULL,'client','2026-01-21 11:12:57','2026-01-21 11:12:57',0,NULL,NULL,NULL,NULL),(538,'lifecycle_835494@example.com',NULL,NULL,NULL,NULL,NULL,NULL,NULL,'$2b$12$OWbhQYuC2E6VJqfPTMDP1udLFzM2LJ5imdy5QothiIdPasaQ4iVJq','Lifecycle','Test',NULL,'client','2026-01-21 11:12:57','2026-01-21 11:12:57',0,NULL,NULL,NULL,NULL),(539,'lifecycle_937451@example.com',NULL,NULL,NULL,NULL,NULL,NULL,NULL,'$2b$12$LfnYc/.igMvL/EcgMVBsdORoeBrXZ0RV8DoZl9pUnN6vFocIYmugC','Lifecycle','Test',NULL,'client','2026-01-21 11:12:57','2026-01-21 11:12:57',0,NULL,NULL,NULL,NULL),(540,'lifecycle_655371@example.com',NULL,NULL,NULL,NULL,NULL,NULL,NULL,'$2b$12$KkYiXzOyuWimAgBJyTFHg.VUMfMPLO.pQaz/Mx0ohCkL.gGPu/e9q','Lifecycle','Test',NULL,'client','2026-01-21 11:12:58','2026-01-21 11:12:58',0,NULL,NULL,NULL,NULL),(541,'lifecycle_397533@example.com',NULL,NULL,NULL,NULL,NULL,NULL,NULL,'$2b$12$m79KAREpNBh93lIJgU4zIeqwmmQVQ1cUtI1aenRA3fs.k3IkKH/AC','Lifecycle','Test',NULL,'client','2026-01-21 11:12:58','2026-01-21 11:12:58',0,NULL,NULL,NULL,NULL),(542,'multi_service_790247@example.com',NULL,NULL,NULL,NULL,NULL,NULL,NULL,'$2b$12$Ws88AzwEbZ1GZutTQx2wmOMey5f30uWj6PYLR2DjsAz2TDbgiYiVK','Multi','Service',NULL,'client','2026-01-21 11:12:58','2026-01-21 11:12:58',0,NULL,NULL,NULL,NULL),(543,'lifecycle_533566@example.com',NULL,NULL,NULL,NULL,NULL,NULL,NULL,'$2b$12$GmfgWWbJ1JHWsGaE38ujFO1M.DFJefpy8FMqIFKBARE/aqzUsyKKm','Lifecycle','Test',NULL,'client','2026-01-21 11:12:58','2026-01-21 11:12:58',0,NULL,NULL,NULL,NULL),(544,'lifecycle_343686@example.com',NULL,NULL,NULL,NULL,NULL,NULL,NULL,'$2b$12$VyDYhlQsAjbAP021bCrvO.27UeSWI6fpx5o7s/4K4PGTlShIzwEqG','Lifecycle','Test',NULL,'client','2026-01-21 11:12:58','2026-01-21 11:12:58',0,NULL,NULL,NULL,NULL),(545,'lifecycle_727503@example.com',NULL,NULL,NULL,NULL,NULL,NULL,NULL,'$2b$12$THlSGFkkdcBh1CV0.wf.xOQ2VNNJ/UMQoMP326yQMR61vzjh.fN1.','Lifecycle','Test',NULL,'client','2026-01-21 11:12:59','2026-01-21 11:12:59',0,NULL,NULL,NULL,NULL),(546,'lifecycle_986920@example.com',NULL,NULL,NULL,NULL,NULL,NULL,NULL,'$2b$12$zOzbra6LwbgrEcQ1X8v44ePqsQ76NgaGnbIBE5/tTkpCKfBF5ZRcO','Lifecycle','Test',NULL,'client','2026-01-21 11:12:59','2026-01-21 11:12:59',0,NULL,NULL,NULL,NULL),(547,'lifecycle_947954@example.com',NULL,NULL,NULL,NULL,NULL,NULL,NULL,'$2b$12$BvAH2QTkaNFQvVU1bC5s3O2eu4cv8/YHyRTsF9tQmt3VwErdTD..S','Lifecycle','Test',NULL,'client','2026-01-21 11:12:59','2026-01-21 11:12:59',0,NULL,NULL,NULL,NULL),(548,'lifecycle_462068@example.com',NULL,NULL,NULL,NULL,NULL,NULL,NULL,'$2b$12$7xtgv7tGu5d.gNuOYymeyetMVoM3lK8VaL.e8.zjk.KalRsvnGpZq','Lifecycle','Test',NULL,'client','2026-01-21 11:13:00','2026-01-21 11:13:00',0,NULL,NULL,NULL,NULL),(549,'multi_service_994080@example.com',NULL,NULL,NULL,NULL,NULL,NULL,NULL,'$2b$12$efpcBCm0hD9WhKaa8zRRsux2NbfDPvUoymwt06zHK2qpNx.62T.Vq','Multi','Service',NULL,'client','2026-01-21 11:13:00','2026-01-21 11:13:00',0,NULL,NULL,NULL,NULL),(550,'lifecycle_28285@example.com',NULL,NULL,NULL,NULL,NULL,NULL,NULL,'$2b$12$bXNRpF6jW.l3tAFHdM0aS.2A2TkYqKwGiM2G9R1FRf3D4aUS8Dlt.','Lifecycle','Test',NULL,'client','2026-01-21 11:13:01','2026-01-21 11:13:01',0,NULL,NULL,NULL,NULL),(551,'lifecycle_331881@example.com',NULL,NULL,NULL,NULL,NULL,NULL,NULL,'$2b$12$kxI/PAYAbtCbpSBkG7X.gOyk0F0IrTEaS/q/3g/PobJ2F8UbFF/sy','Lifecycle','Test',NULL,'client','2026-01-21 11:13:01','2026-01-21 11:13:01',0,NULL,NULL,NULL,NULL),(552,'lifecycle_162657@example.com',NULL,NULL,NULL,NULL,NULL,NULL,NULL,'$2b$12$nfDSrK.5Hbvo.J33embmy.UaSAYIU3rin4BI2Niiv/bqoMVGYntzG','Lifecycle','Test',NULL,'client','2026-01-21 11:13:01','2026-01-21 11:13:01',0,NULL,NULL,NULL,NULL),(553,'lifecycle_788815@example.com',NULL,NULL,NULL,NULL,NULL,NULL,NULL,'$2b$12$WB4qZ30IVVk8lL6LQxoRQeGLuuKyVoWYKm6fPKK6yjzpyGkKa7Uu6','Lifecycle','Test',NULL,'client','2026-01-21 11:13:01','2026-01-21 11:13:01',0,NULL,NULL,NULL,NULL),(554,'multi_service_312809@example.com',NULL,NULL,NULL,NULL,NULL,NULL,NULL,'$2b$12$ynOweVc.LACxjON.kBuHDuWUYRIoHbufaGqbDYP2Q2xQqRGCTkHau','Multi','Service',NULL,'client','2026-01-21 11:13:02','2026-01-21 11:13:02',0,NULL,NULL,NULL,NULL),(555,'lifecycle_319765@example.com',NULL,NULL,NULL,NULL,NULL,NULL,NULL,'$2b$12$1u/XW0HnEBpL52pEZDZp5eOih5.tPktRIcwpAsLQwep11ELvEKe8e','Lifecycle','Test',NULL,'client','2026-01-21 11:13:02','2026-01-21 11:13:02',0,NULL,NULL,NULL,NULL),(556,'lifecycle_928615@example.com',NULL,NULL,NULL,NULL,NULL,NULL,NULL,'$2b$12$JZeYjk/UjHfGOseeKF3QAuepS57ZHIUjI3GGHuEAumF5H2nk8.bcC','Lifecycle','Test',NULL,'client','2026-01-21 11:13:02','2026-01-21 11:13:02',0,NULL,NULL,NULL,NULL),(557,'lifecycle_58026@example.com',NULL,NULL,NULL,NULL,NULL,NULL,NULL,'$2b$12$wc2JU7gBp5osgPzJ0bKHDeKA0Go.T/2XDzSFKEyHATk0SyJLn0Yeq','Lifecycle','Test',NULL,'client','2026-01-21 11:13:02','2026-01-21 11:13:02',0,NULL,NULL,NULL,NULL),(558,'lifecycle_734085@example.com',NULL,NULL,NULL,NULL,NULL,NULL,NULL,'$2b$12$ZyLHROhgvsLApGVfYXvyweq0YgkzPv6cX2Gt51gLWV79GcWboaNjC','Lifecycle','Test',NULL,'client','2026-01-21 11:13:03','2026-01-21 11:13:03',0,NULL,NULL,NULL,NULL),(559,'multi_service_286518@example.com',NULL,NULL,NULL,NULL,NULL,NULL,NULL,'$2b$12$jeTf/SWTWBu1Hv64ArL4UO7zwwdJz3Cqip16NgFuk1KKLnhKkfJve','Multi','Service',NULL,'client','2026-01-21 11:13:03','2026-01-21 11:13:03',0,NULL,NULL,NULL,NULL),(560,'lifecycle_724725@example.com',NULL,NULL,NULL,NULL,NULL,NULL,NULL,'$2b$12$woaTQXaECmSh1JPIapHDYOkBBruhlHXTsPaS4F/vE4Y5kiWm0464G','Lifecycle','Test',NULL,'client','2026-01-21 11:13:04','2026-01-21 11:13:04',0,NULL,NULL,NULL,NULL),(561,'lifecycle_155650@example.com',NULL,NULL,NULL,NULL,NULL,NULL,NULL,'$2b$12$hkjMzMMWDD8uhYKbsm.3Kup.k7Fm3Zyy8AEEZtgOVAGFipQ4T9Z1q','Lifecycle','Test',NULL,'client','2026-01-21 11:13:04','2026-01-21 11:13:04',0,NULL,NULL,NULL,NULL),(562,'lifecycle_186576@example.com',NULL,NULL,NULL,NULL,NULL,NULL,NULL,'$2b$12$wVx7JjXsZMWWn6Gnx8Euh./UkZ/DNZHX/Gb/tNIb4YKCtMwGMnL/a','Lifecycle','Test',NULL,'client','2026-01-21 11:13:04','2026-01-21 11:13:04',0,NULL,NULL,NULL,NULL),(563,'lifecycle_938050@example.com',NULL,NULL,NULL,NULL,NULL,NULL,NULL,'$2b$12$WsnOHdlH1jkz/YUnVpEFI.jEVFpltszR.jJh.rh2DU70jnbf1MmrC','Lifecycle','Test',NULL,'client','2026-01-21 11:13:04','2026-01-21 11:13:04',0,NULL,NULL,NULL,NULL),(564,'multi_service_590445@example.com',NULL,NULL,NULL,NULL,NULL,NULL,NULL,'$2b$12$45U/.2gO4/CqV60OJlL0le1LhIQIdoddzbJ4nP2DvfKFknGerel8W','Multi','Service',NULL,'client','2026-01-21 11:13:05','2026-01-21 11:13:05',0,NULL,NULL,NULL,NULL),(565,'lifecycle_825320@example.com',NULL,NULL,NULL,NULL,NULL,NULL,NULL,'$2b$12$LsLvT0nWkwxqSiDI7y1Qbe8Pty6BJVgq97hUVbuhJ/hZ8s0SvqLaa','Lifecycle','Test',NULL,'client','2026-01-21 11:13:05','2026-01-21 11:13:05',0,NULL,NULL,NULL,NULL),(566,'lifecycle_259969@example.com',NULL,NULL,NULL,NULL,NULL,NULL,NULL,'$2b$12$dJ5G3S1LaVkMxpNVvDLJdeJVjEgef6CB72cm0cgE4t4T3IguIRasG','Lifecycle','Test',NULL,'client','2026-01-21 11:13:05','2026-01-21 11:13:05',0,NULL,NULL,NULL,NULL),(567,'lifecycle_374560@example.com',NULL,NULL,NULL,NULL,NULL,NULL,NULL,'$2b$12$Vl803n/47BD/pWJDiUvQyOeMHov9guYfxmNLPOP95grEpf7hMpEIe','Lifecycle','Test',NULL,'client','2026-01-21 11:13:05','2026-01-21 11:13:05',0,NULL,NULL,NULL,NULL),(568,'client_delete_owner_753464@example.com',NULL,NULL,NULL,NULL,NULL,NULL,NULL,'$2b$12$/DYJIgMwNv4iRr79S3yeKOpSCYm0astZW0AwLxStu74Q6JPyWuqZC','Delete','Owner',NULL,'owner','2026-01-21 11:13:12','2026-01-21 11:13:12',0,NULL,NULL,NULL,NULL),(569,'multi_salon_client_113286@example.com',NULL,NULL,NULL,NULL,NULL,NULL,NULL,'$2b$12$g2682/OCr64llYH9P8yvzef0e2XlCWJvVjo6YX8wa9OHmdPuwNR8K','Multi','Salon',NULL,'client','2026-01-21 11:13:12','2026-01-21 11:13:12',0,NULL,NULL,NULL,NULL),(570,'notes_owner_68017@example.com',NULL,NULL,NULL,NULL,NULL,NULL,NULL,'$2b$12$lh6wCtpNqHr.Pn2kW8W4P.QBlkgSG5r6I3/Fqx0k7jNSvWmUDJ1FO','Notes','Owner',NULL,'owner','2026-01-21 11:13:12','2026-01-21 11:13:12',0,NULL,NULL,NULL,NULL),(571,'client_delete_owner_723382@example.com',NULL,NULL,NULL,NULL,NULL,NULL,NULL,'$2b$12$243NNSDkAx5eEKL4nG/bX.dJXCJAjcCkOIKYQJG9/IzEhwVPnX/Bq','Delete','Owner',NULL,'owner','2026-01-21 11:13:12','2026-01-21 11:13:12',0,NULL,NULL,NULL,NULL),(572,'client_delete_owner_178364@example.com',NULL,NULL,NULL,NULL,NULL,NULL,NULL,'$2b$12$yXc7VGrn17hKUKpYQrdXueXkb24xekUU2G9OW6UgTpO4scgaonq2C','Delete','Owner',NULL,'owner','2026-01-21 11:13:12','2026-01-21 11:13:12',0,NULL,NULL,NULL,NULL),(573,'client_delete_753464@example.com',NULL,NULL,NULL,NULL,NULL,NULL,NULL,'$2b$12$8Keo/2r5ebOILRScAFMfa.yFAgoSjRhCLU3esDYTBxqk2YtVbGZYe','Test','Client',NULL,'client','2026-01-21 11:13:13','2026-01-21 11:13:13',0,NULL,NULL,NULL,NULL),(574,'notes_client_68017@example.com',NULL,NULL,NULL,NULL,NULL,NULL,NULL,'$2b$12$9QtE1guHz7DPCW2x1SIvLuley85Ksy.OPkvBGy9lRulXLhJzOD7sK','Notes','Client',NULL,'client','2026-01-21 11:13:13','2026-01-21 11:13:13',0,NULL,NULL,NULL,NULL),(575,'client_delete_723382@example.com',NULL,NULL,NULL,NULL,NULL,NULL,NULL,'$2b$12$pw22987MU2w0ZS1uppt/9.VeJMqpNwTDG6T/hawUCbMafxakHCH9y','Test','Client',NULL,'client','2026-01-21 11:13:13','2026-01-21 11:13:13',0,NULL,NULL,NULL,NULL),(576,'client_delete_178364@example.com',NULL,NULL,NULL,NULL,NULL,NULL,NULL,'$2b$12$BZj8HVzQFSfmGjNwBfAOmO0O1n./fgdlCTyJBJ1rKDVYqbIt6MpFW','Test','Client',NULL,'client','2026-01-21 11:13:13','2026-01-21 11:13:13',0,NULL,NULL,NULL,NULL),(577,'client_delete_owner_403409@example.com',NULL,NULL,NULL,NULL,NULL,NULL,NULL,'$2b$12$JuEP1HRRAK7WwNXq67x8LefC5yzS6rQhz/FUlXouZBpt0Yos7r/a2','Delete','Owner',NULL,'owner','2026-01-21 11:13:14','2026-01-21 11:13:14',0,NULL,NULL,NULL,NULL),(578,'client_delete_403409@example.com',NULL,NULL,NULL,NULL,NULL,NULL,NULL,'$2b$12$8uRAnLOHNmhJ1f2QHa9uuebSw8AL3Xev/lSRu1oFqNFAHuBqbovka','Test','Client',NULL,'client','2026-01-21 11:13:14','2026-01-21 11:13:14',0,NULL,NULL,NULL,NULL),(579,'integrity_owner_13860@example.com',NULL,NULL,NULL,NULL,NULL,NULL,NULL,'$2b$12$ipYjiOPU.z/SZDS0AC7aeevfEZ2/hfrT3PMjFzPWZG9TsKtCAtZhC','Integrity','Owner',NULL,'owner','2026-01-21 11:13:15','2026-01-21 11:13:15',0,NULL,NULL,NULL,NULL),(580,'integrity_client_13860@example.com',NULL,NULL,NULL,NULL,NULL,NULL,NULL,'$2b$12$6UQb92RVtlkbHPUW5zqvseKlpWAXCF2S0wu3xKG/2.BXX55B9UgHm','Integrity','Client',NULL,'client','2026-01-21 11:13:15','2026-01-21 11:13:15',0,NULL,NULL,NULL,NULL),(581,'client_delete_owner_392230@example.com',NULL,NULL,NULL,NULL,NULL,NULL,NULL,'$2b$12$KniMwjrY1S4Ynz3NyAKbJ.pi/sHVh5PTx/Smq69gjmegPkgvKuqY2','Delete','Owner',NULL,'owner','2026-01-21 11:13:15','2026-01-21 11:13:15',0,NULL,NULL,NULL,NULL),(582,'notes_owner_96873@example.com',NULL,NULL,NULL,NULL,NULL,NULL,NULL,'$2b$12$pHB1.ipbfWvBXcPmlpscCOuzbgLIZ3ga/rRJKpiuWDStNJBCb8dPq','Notes','Owner',NULL,'owner','2026-01-21 11:13:16','2026-01-21 11:13:16',0,NULL,NULL,NULL,NULL),(583,'client_delete_392230@example.com',NULL,NULL,NULL,NULL,NULL,NULL,NULL,'$2b$12$4A0ryT3fD59YpvaDK.eB/.7NjYlW5EgX/qqKuj1C9HzoQqSnwmlDW','Test','Client',NULL,'client','2026-01-21 11:13:16','2026-01-21 11:13:16',0,NULL,NULL,NULL,NULL),(584,'client_delete_owner_137643@example.com',NULL,NULL,NULL,NULL,NULL,NULL,NULL,'$2b$12$thUs3hgG.Ydo5FiydRiq2ef45vhySKgvWFJkplrMUbPuqGd2Y.B6m','Delete','Owner',NULL,'owner','2026-01-21 11:13:17','2026-01-21 11:13:17',0,NULL,NULL,NULL,NULL),(585,'multi_salon_client_94979@example.com',NULL,NULL,NULL,NULL,NULL,NULL,NULL,'$2b$12$fD91i2jL9pOIPO3yW0x2dO43sSTbp8/I2gdNnV6EdYQ1EoSt6BIRa','Multi','Salon',NULL,'client','2026-01-21 11:13:17','2026-01-21 11:13:17',0,NULL,NULL,NULL,NULL),(586,'client_delete_owner_901195@example.com',NULL,NULL,NULL,NULL,NULL,NULL,NULL,'$2b$12$4qQnUIJfaN5i5r6/ddGkzOemhOCJq7rBFBvQZZ7R4kglKZyDFrMT6','Delete','Owner',NULL,'owner','2026-01-21 11:13:17','2026-01-21 11:13:17',0,NULL,NULL,NULL,NULL),(587,'notes_client_96873@example.com',NULL,NULL,NULL,NULL,NULL,NULL,NULL,'$2b$12$k2Xzily0w0O8VtDODJAhzeLCSssAVbvncwY9MD62JkjTSZw1ev2y2','Notes','Client',NULL,'client','2026-01-21 11:13:17','2026-01-21 11:13:17',0,NULL,NULL,NULL,NULL),(588,'client_delete_137643@example.com',NULL,NULL,NULL,NULL,NULL,NULL,NULL,'$2b$12$ISwTK6gngyXziPAZyi5MsuQ4tJJeX2M7iB/PRQJPiV/5tBzhXTxGi','Test','Client',NULL,'client','2026-01-21 11:13:17','2026-01-21 11:13:17',0,NULL,NULL,NULL,NULL),(589,'client_delete_901195@example.com',NULL,NULL,NULL,NULL,NULL,NULL,NULL,'$2b$12$gjypWW.qlwm.6yc2TVY9V.MOmZGSgeVUnsTrzaIJQJfJTevOzfcX6','Test','Client',NULL,'client','2026-01-21 11:13:17','2026-01-21 11:13:17',0,NULL,NULL,NULL,NULL),(590,'integrity_owner_816907@example.com',NULL,NULL,NULL,NULL,NULL,NULL,NULL,'$2b$12$6.fxCGmacldRhH.hwzvjvO4tZJIjSWoYOYHVihNtr4chxho0qKzyq','Integrity','Owner',NULL,'owner','2026-01-21 11:13:18','2026-01-21 11:13:18',0,NULL,NULL,NULL,NULL),(591,'client_delete_owner_860749@example.com',NULL,NULL,NULL,NULL,NULL,NULL,NULL,'$2b$12$a6voKRqi9Ggp/UGoDAp1LOWWCmt0yxOfQkI79RllbdnHlnWGIm/Fq','Delete','Owner',NULL,'owner','2026-01-21 11:13:18','2026-01-21 11:13:18',0,NULL,NULL,NULL,NULL),(592,'integrity_client_816907@example.com',NULL,NULL,NULL,NULL,NULL,NULL,NULL,'$2b$12$lpq1QTI9CKifBT46uflz2uKcATvBg6cQgxxV1M6qHFxSOS.Upm6tq','Integrity','Client',NULL,'client','2026-01-21 11:13:19','2026-01-21 11:13:19',0,NULL,NULL,NULL,NULL),(593,'multi_salon_client_112946@example.com',NULL,NULL,NULL,NULL,NULL,NULL,NULL,'$2b$12$MnP9I6RzAG7TMi0Y5r13ueHOFHtWaaXoYTdvTxp/IxpN.LhQPCt0G','Multi','Salon',NULL,'client','2026-01-21 11:13:19','2026-01-21 11:13:19',0,NULL,NULL,NULL,NULL),(594,'client_delete_owner_450530@example.com',NULL,NULL,NULL,NULL,NULL,NULL,NULL,'$2b$12$UNtB.h3bzkYEGpvKFjkqhO7BaSyjcFSIN2Vtcclxkthhz25.ulASy','Delete','Owner',NULL,'owner','2026-01-21 11:13:19','2026-01-21 11:13:19',0,NULL,NULL,NULL,NULL),(595,'client_delete_860749@example.com',NULL,NULL,NULL,NULL,NULL,NULL,NULL,'$2b$12$pfGliMLA6v3dlSdQmkmWbO53KlzJHyUi.GlI.6xiGIvvl7YCGvirG','Test','Client',NULL,'client','2026-01-21 11:13:19','2026-01-21 11:13:19',0,NULL,NULL,NULL,NULL),(596,'client_delete_450530@example.com',NULL,NULL,NULL,NULL,NULL,NULL,NULL,'$2b$12$jZ5ewufj6ByH2cfLkTk3pe4ICclPpwoVrSNTRCgB38eoH.UJnN072','Test','Client',NULL,'client','2026-01-21 11:13:19','2026-01-21 11:13:19',0,NULL,NULL,NULL,NULL),(597,'notes_owner_440651@example.com',NULL,NULL,NULL,NULL,NULL,NULL,NULL,'$2b$12$sBcT98vnc0.nQUk1z5TvB.PxmIaIiXxuqa0z0ctXG/NiWlxOnx7ya','Notes','Owner',NULL,'owner','2026-01-21 11:13:20','2026-01-21 11:13:20',0,NULL,NULL,NULL,NULL),(598,'integrity_owner_484854@example.com',NULL,NULL,NULL,NULL,NULL,NULL,NULL,'$2b$12$RrLF5GJhq5h15BUPSbmrIubUOl5JOnD81YvPCc912lyGeWfe8no2y','Integrity','Owner',NULL,'owner','2026-01-21 11:13:20','2026-01-21 11:13:20',0,NULL,NULL,NULL,NULL),(599,'client_delete_owner_325074@example.com',NULL,NULL,NULL,NULL,NULL,NULL,NULL,'$2b$12$06o1CTY8ofSPzH58cPIPEebhlLkacbf/NISV6HW2VEY6/CEFVENbu','Delete','Owner',NULL,'owner','2026-01-21 11:13:21','2026-01-21 11:13:21',0,NULL,NULL,NULL,NULL),(600,'client_delete_owner_723862@example.com',NULL,NULL,NULL,NULL,NULL,NULL,NULL,'$2b$12$FBTzQAyu7QSaDADdIZWS1ulrfz1L/TBAePgm6/nrEduwI7lZD1yXy','Delete','Owner',NULL,'owner','2026-01-21 11:13:21','2026-01-21 11:13:21',0,NULL,NULL,NULL,NULL),(601,'notes_client_440651@example.com',NULL,NULL,NULL,NULL,NULL,NULL,NULL,'$2b$12$tSA2YQG1eD5bs9z4krW3ZOUdeRc3Ez19Zh/.Tnt3SCeVaNpBUNa.K','Notes','Client',NULL,'client','2026-01-21 11:13:21','2026-01-21 11:13:21',0,NULL,NULL,NULL,NULL),(602,'integrity_client_484854@example.com',NULL,NULL,NULL,NULL,NULL,NULL,NULL,'$2b$12$k.VDmt1f/dIzXLFxDIJ9heNuW8PTWWywmLdEBjbguzA9zg6zpE3P.','Integrity','Client',NULL,'client','2026-01-21 11:13:21','2026-01-21 11:13:21',0,NULL,NULL,NULL,NULL),(603,'client_delete_325074@example.com',NULL,NULL,NULL,NULL,NULL,NULL,NULL,'$2b$12$.F.6CzxdOzxDxfjo554jLeKojDD5LgHS0MsplFwIdx7zpZp3.x.cy','Test','Client',NULL,'client','2026-01-21 11:13:22','2026-01-21 11:13:22',0,NULL,NULL,NULL,NULL),(604,'client_delete_723862@example.com',NULL,NULL,NULL,NULL,NULL,NULL,NULL,'$2b$12$stk/eSTnv7K6dEJrzHkvPuUlS8Zo7CSVl6OvYL4.6TyC7DmGdBDQS','Test','Client',NULL,'client','2026-01-21 11:13:22','2026-01-21 11:13:22',0,NULL,NULL,NULL,NULL),(605,'notes_owner_26006@example.com',NULL,NULL,NULL,NULL,NULL,NULL,NULL,'$2b$12$ldRoJWQYjMhcxjlC2xcbTeonxn7HgTXYyjxDFydemm2NrFeIrCbHe','Notes','Owner',NULL,'owner','2026-01-21 11:13:22','2026-01-21 11:13:22',0,NULL,NULL,NULL,NULL),(606,'client_delete_owner_448672@example.com',NULL,NULL,NULL,NULL,NULL,NULL,NULL,'$2b$12$XIaCMiqFykeLuq7Hy7r.Ner.4//DgMW/u5jxyjf7pWRfjaiKvm6je','Delete','Owner',NULL,'owner','2026-01-21 11:13:23','2026-01-21 11:13:23',0,NULL,NULL,NULL,NULL),(607,'notes_client_26006@example.com',NULL,NULL,NULL,NULL,NULL,NULL,NULL,'$2b$12$stLZGwqI5OstpAXqZk3TJe5cM2VUEWu38msLkaufw02Ppz/LmL.0S','Notes','Client',NULL,'client','2026-01-21 11:13:23','2026-01-21 11:13:23',0,NULL,NULL,NULL,NULL),(608,'client_delete_owner_27158@example.com',NULL,NULL,NULL,NULL,NULL,NULL,NULL,'$2b$12$ektiFAGggF2Q7fkVVs5PgO3TLrM.k5R8PopjqM/CxfOAlYVXgBpVG','Delete','Owner',NULL,'owner','2026-01-21 11:13:23','2026-01-21 11:13:23',0,NULL,NULL,NULL,NULL),(609,'multi_salon_client_887281@example.com',NULL,NULL,NULL,NULL,NULL,NULL,NULL,'$2b$12$h6noQz2tz3rRqA4togjBrex8/raciGt2e3fXsbYJ9EJ.yFaAtkG0y','Multi','Salon',NULL,'client','2026-01-21 11:13:23','2026-01-21 11:13:23',0,NULL,NULL,NULL,NULL),(610,'client_delete_owner_813507@example.com',NULL,NULL,NULL,NULL,NULL,NULL,NULL,'$2b$12$VQ7jey0.ovD7P7eLfn0JYu0uedq.wxCIUCelf2ouakT2/SMeRhvxu','Delete','Owner',NULL,'owner','2026-01-21 11:13:24','2026-01-21 11:13:24',0,NULL,NULL,NULL,NULL),(611,'client_delete_448672@example.com',NULL,NULL,NULL,NULL,NULL,NULL,NULL,'$2b$12$z3vdUEJJmmWlsbCL53fR7OMooZpgevSwEiN8Qkz/4m96pj4pCc.OK','Test','Client',NULL,'client','2026-01-21 11:13:24','2026-01-21 11:13:24',0,NULL,NULL,NULL,NULL),(612,'client_delete_27158@example.com',NULL,NULL,NULL,NULL,NULL,NULL,NULL,'$2b$12$7ts9VFBipQnknn/6wtHLsuWkbQ0RLuewplIkoTK3Ao9xVAFiV5xF6','Test','Client',NULL,'client','2026-01-21 11:13:24','2026-01-21 11:13:24',0,NULL,NULL,NULL,NULL),(613,'client_delete_813507@example.com',NULL,NULL,NULL,NULL,NULL,NULL,NULL,'$2b$12$PE2FfSt8/MfZoaJmsMfmduCx/Zcc1FBox.kDlurIJGg2gkp/FO8.i','Test','Client',NULL,'client','2026-01-21 11:13:24','2026-01-21 11:13:24',0,NULL,NULL,NULL,NULL),(614,'integrity_owner_984847@example.com',NULL,NULL,NULL,NULL,NULL,NULL,NULL,'$2b$12$8TPC/vbGcfvRjjMz1vIOVewU8otmWWWWLtea1Hw0zsr0qkAqkjaJi','Integrity','Owner',NULL,'owner','2026-01-21 11:13:25','2026-01-21 11:13:25',0,NULL,NULL,NULL,NULL),(615,'integrity_client_984847@example.com',NULL,NULL,NULL,NULL,NULL,NULL,NULL,'$2b$12$1pw8qBNhG7xJuFadrwgeL.RQtjGUk0NeLVKMMwvDlTnxoFTL6KtNe','Integrity','Client',NULL,'client','2026-01-21 11:13:25','2026-01-21 11:13:25',0,NULL,NULL,NULL,NULL),(616,'notes_owner_778411@example.com',NULL,NULL,NULL,NULL,NULL,NULL,NULL,'$2b$12$M54pvFIX0XsEpXHN7hmoQOG7Zr2Pjdf8v84aY07RccvxyXGIv.Kje','Notes','Owner',NULL,'owner','2026-01-21 11:13:25','2026-01-21 11:13:25',0,NULL,NULL,NULL,NULL),(617,'multi_salon_client_752362@example.com',NULL,NULL,NULL,NULL,NULL,NULL,NULL,'$2b$12$h8L.A0E56s.YoDN8nYLfHOcZnmAL7zMwCFsiK2gvNeLHu29Q6Fc/G','Multi','Salon',NULL,'client','2026-01-21 11:13:25','2026-01-21 11:13:25',0,NULL,NULL,NULL,NULL),(618,'notes_client_778411@example.com',NULL,NULL,NULL,NULL,NULL,NULL,NULL,'$2b$12$dkOLWuyFJ6m2XfVBKbtQau07qIVXa1HQuqejaohea98ukZx80qmRO','Notes','Client',NULL,'client','2026-01-21 11:13:26','2026-01-21 11:13:26',0,NULL,NULL,NULL,NULL),(619,'client_delete_owner_579089@example.com',NULL,NULL,NULL,NULL,NULL,NULL,NULL,'$2b$12$WiHi5g7ChV0wTiqnx0JzCuctp3Ac3aeTBIsR6v4Caz.iqsa2zTpB6','Delete','Owner',NULL,'owner','2026-01-21 11:13:26','2026-01-21 11:13:26',0,NULL,NULL,NULL,NULL),(620,'integrity_owner_32973@example.com',NULL,NULL,NULL,NULL,NULL,NULL,NULL,'$2b$12$jYt5PxJr5qj/9C6mTE.ZaOtIz1dBiRmIV4TXI5lgJlXZvmqFitOjy','Integrity','Owner',NULL,'owner','2026-01-21 11:13:27','2026-01-21 11:13:27',0,NULL,NULL,NULL,NULL),(621,'client_delete_owner_6583@example.com',NULL,NULL,NULL,NULL,NULL,NULL,NULL,'$2b$12$lytl00392vP.k3pzCkWcWugcvrgZGdMkf41uW/BAEhnVez2IpOqcm','Delete','Owner',NULL,'owner','2026-01-21 11:13:27','2026-01-21 11:13:27',0,NULL,NULL,NULL,NULL),(622,'client_delete_579089@example.com',NULL,NULL,NULL,NULL,NULL,NULL,NULL,'$2b$12$a7BuMIlloFvX1lNYV0slNeaQB2T7uEKo6tOPM3.uinHk82J72Ja9G','Test','Client',NULL,'client','2026-01-21 11:13:27','2026-01-21 11:13:27',0,NULL,NULL,NULL,NULL),(623,'integrity_client_32973@example.com',NULL,NULL,NULL,NULL,NULL,NULL,NULL,'$2b$12$I9ywo3O2h0ciVsocl.VBI.yaJUouBxne6tlI2cIY0XbqnchZ3YQ/u','Integrity','Client',NULL,'client','2026-01-21 11:13:27','2026-01-21 11:13:27',0,NULL,NULL,NULL,NULL),(624,'client_delete_6583@example.com',NULL,NULL,NULL,NULL,NULL,NULL,NULL,'$2b$12$S0o0qTf8YkGHH8KFbmuKGeof4/HV39Hk7nDnDe6tMe68Lv9aEfWd.','Test','Client',NULL,'client','2026-01-21 11:13:28','2026-01-21 11:13:28',0,NULL,NULL,NULL,NULL),(625,'client_delete_owner_148789@example.com',NULL,NULL,NULL,NULL,NULL,NULL,NULL,'$2b$12$KLXUkwJkYddNpspsuPhYMe1w4prOM7wTsS2tYgjBb3QEEszPEzejq','Delete','Owner',NULL,'owner','2026-01-21 11:13:28','2026-01-21 11:13:28',0,NULL,NULL,NULL,NULL),(626,'client_delete_148789@example.com',NULL,NULL,NULL,NULL,NULL,NULL,NULL,'$2b$12$pGXfjO04IozUqoNdYCxG4ueUk86h6JU6li5nxlZHrWRCnaCFmqgB2','Test','Client',NULL,'client','2026-01-21 11:13:28','2026-01-21 11:13:28',0,NULL,NULL,NULL,NULL),(627,'multi_salon_client_338444@example.com',NULL,NULL,NULL,NULL,NULL,NULL,NULL,'$2b$12$zoPxluZFKyKedwixbRiyd.C4vI6BaKaNThcJdnBGv/ATju.cMyhcS','Multi','Salon',NULL,'client','2026-01-21 11:13:29','2026-01-21 11:13:29',0,NULL,NULL,NULL,NULL),(628,'notes_owner_585024@example.com',NULL,NULL,NULL,NULL,NULL,NULL,NULL,'$2b$12$u2lTFdBiGRolXaIKWZVAEexTZ2J83FL/QPqMnFC8flsnAr26h5xyW','Notes','Owner',NULL,'owner','2026-01-21 11:13:29','2026-01-21 11:13:29',0,NULL,NULL,NULL,NULL),(629,'notes_client_585024@example.com',NULL,NULL,NULL,NULL,NULL,NULL,NULL,'$2b$12$nuKkcqhQSmkMImUfpzOquu/Jb2KGBbuEHILXul0TAkEwrea9kiXi6','Notes','Client',NULL,'client','2026-01-21 11:13:29','2026-01-21 11:13:29',0,NULL,NULL,NULL,NULL),(630,'integrity_owner_708676@example.com',NULL,NULL,NULL,NULL,NULL,NULL,NULL,'$2b$12$9G4j7v8SqGI4bGcc6Q22xeIKEmPE7J3Q7w21dE15UM2Ur6puDrHy6','Integrity','Owner',NULL,'owner','2026-01-21 11:13:30','2026-01-21 11:13:30',0,NULL,NULL,NULL,NULL),(631,'integrity_client_708676@example.com',NULL,NULL,NULL,NULL,NULL,NULL,NULL,'$2b$12$DJnGR1xMHsPQk/M0lSr/euNtUUlqHWHSyvbogrpFe0r.2QRyhFXkC','Integrity','Client',NULL,'client','2026-01-21 11:13:30','2026-01-21 11:13:30',0,NULL,NULL,NULL,NULL),(632,'marketplace_874629@example.com',NULL,NULL,NULL,NULL,NULL,NULL,NULL,'$2b$12$x4v7I0x63jaZ3re1fJsjQupDIpq48rSP0VJb0q/Oj7hGknxzJAXkS','Marketplace','Customer',NULL,'client','2026-01-21 11:13:36','2026-01-21 11:13:36',0,NULL,NULL,NULL,NULL),(633,'past_booking_988159@example.com',NULL,NULL,NULL,NULL,NULL,NULL,NULL,'$2b$12$kip53W7KdzktpSJ.sKfms.HxWi2WXlu4Y39.5p0e78FHxAwV6iWKq','Past','Booking',NULL,'client','2026-01-21 11:13:37','2026-01-21 11:13:37',0,NULL,NULL,NULL,NULL),(634,'marketplace_454749@example.com',NULL,NULL,NULL,NULL,NULL,NULL,NULL,'$2b$12$5BuQfqOc3DrjgZuhcOvUnuKWuhxVtYtr25UkqBoG6D/IQTeYW4UPu','Marketplace','Customer',NULL,'client','2026-01-21 11:13:38','2026-01-21 11:13:38',0,NULL,NULL,NULL,NULL),(635,'past_booking_245077@example.com',NULL,NULL,NULL,NULL,NULL,NULL,NULL,'$2b$12$EbqRT9k.CS.mvriEqTE5W.lrQLeBOQA1QGlo/vBHjajIVIVL.sAey','Past','Booking',NULL,'client','2026-01-21 11:13:38','2026-01-21 11:13:38',0,NULL,NULL,NULL,NULL),(636,'marketplace_89784@example.com',NULL,NULL,NULL,NULL,NULL,NULL,NULL,'$2b$12$Uc358zRrbHlCMp3z4oJNOuuBFpmnnu0xQEiH6omCOKhDyA3OCg1EW','Marketplace','Customer',NULL,'client','2026-01-21 11:13:39','2026-01-21 11:13:39',0,NULL,NULL,NULL,NULL),(637,'past_booking_394756@example.com',NULL,NULL,NULL,NULL,NULL,NULL,NULL,'$2b$12$lGz1V4EdOABpR8t1hW5z8.dhxP1HUNU67rUZjCIHsllyZZmqtgXwG','Past','Booking',NULL,'client','2026-01-21 11:13:39','2026-01-21 11:13:39',0,NULL,NULL,NULL,NULL),(638,'marketplace_173341@example.com',NULL,NULL,NULL,NULL,NULL,NULL,NULL,'$2b$12$r2301hIgGMwL4AJX2mtnhu2HzWYD3LknoBJ3AngPdEdNdgmZ6uG5G','Marketplace','Customer',NULL,'client','2026-01-21 11:13:40','2026-01-21 11:13:40',0,NULL,NULL,NULL,NULL),(639,'past_booking_395348@example.com',NULL,NULL,NULL,NULL,NULL,NULL,NULL,'$2b$12$AEuuWivJOP1GCHNfiTDCm.w49IJJecUBJr4/2xK.kuvA3U4y16C3K','Past','Booking',NULL,'client','2026-01-21 11:13:40','2026-01-21 11:13:40',0,NULL,NULL,NULL,NULL),(640,'marketplace_447744@example.com',NULL,NULL,NULL,NULL,NULL,NULL,NULL,'$2b$12$b/zqSozToDAuOtCSi.rCDOf3l0DaMrd2b5Wf2IpJfALUsG4Z6P35m','Marketplace','Customer',NULL,'client','2026-01-21 11:13:41','2026-01-21 11:13:41',0,NULL,NULL,NULL,NULL),(641,'past_booking_491642@example.com',NULL,NULL,NULL,NULL,NULL,NULL,NULL,'$2b$12$aSQGyAACRpKlLwCbP4/hYOZK5QPNkrk/qdSXnVi9EkpQ1qjqcryG2','Past','Booking',NULL,'client','2026-01-21 11:13:41','2026-01-21 11:13:41',0,NULL,NULL,NULL,NULL),(642,'marketplace_351986@example.com',NULL,NULL,NULL,NULL,NULL,NULL,NULL,'$2b$12$gmHUzxqb03c4S3PJ0YsrZ.d90n3.PTgzStik2wQZfeE0S1xt/3oUK','Marketplace','Customer',NULL,'client','2026-01-21 11:13:42','2026-01-21 11:13:42',0,NULL,NULL,NULL,NULL),(643,'past_booking_765494@example.com',NULL,NULL,NULL,NULL,NULL,NULL,NULL,'$2b$12$0jiw7HBylFYHj/BsYJIzC.79ewWwO5z97dWnXS8eTSa9iLxmuB6Oq','Past','Booking',NULL,'client','2026-01-21 11:13:42','2026-01-21 11:13:42',0,NULL,NULL,NULL,NULL),(644,'lifecycle_611155@example.com',NULL,NULL,NULL,NULL,NULL,NULL,NULL,'$2b$12$tXiDFatLv8ImP.cCfFo9j.u2zmIJyt2WdIRwbP0avJHwDZs3j.98C','Lifecycle','Test',NULL,'client','2026-01-21 11:14:40','2026-01-21 11:14:40',0,NULL,NULL,NULL,NULL),(645,'lifecycle_501986@example.com',NULL,NULL,NULL,NULL,NULL,NULL,NULL,'$2b$12$16XfhKty3eoKEDho/vTmCul90Y9uFCfI2xmQxKi2rdS1A4S1lshDC','Lifecycle','Test',NULL,'client','2026-01-21 11:14:40','2026-01-21 11:14:40',0,NULL,NULL,NULL,NULL),(646,'lifecycle_721207@example.com',NULL,NULL,NULL,NULL,NULL,NULL,NULL,'$2b$12$2MB8YMbR9lB067tRjVloseKxqLxwaA9jy22hM5SwoXwnSN2UMGKiS','Lifecycle','Test',NULL,'client','2026-01-21 11:14:40','2026-01-21 11:14:40',0,NULL,NULL,NULL,NULL),(647,'lifecycle_365973@example.com',NULL,NULL,NULL,NULL,NULL,NULL,NULL,'$2b$12$lAB6GVQhR/5s/E6xWirFreHX4.LnZm40tE5d5lhaOLJbIoj86VpgG','Lifecycle','Test',NULL,'client','2026-01-21 11:14:40','2026-01-21 11:14:40',0,NULL,NULL,NULL,NULL),(648,'multi_service_767562@example.com',NULL,NULL,NULL,NULL,NULL,NULL,NULL,'$2b$12$KjnMhVjHJLhnRi.sWZkehuEw9veBKWugnfdFt/QzCcIZdDVWXtExu','Multi','Service',NULL,'client','2026-01-21 11:14:40','2026-01-21 11:14:40',0,NULL,NULL,NULL,NULL),(649,'lifecycle_834365@example.com',NULL,NULL,NULL,NULL,NULL,NULL,NULL,'$2b$12$bcqpSiLeZDokPIAmbc67t.FGg/mNU5hGGSE7GOcrBD1enjeg735OS','Lifecycle','Test',NULL,'client','2026-01-21 11:14:42','2026-01-21 11:14:42',0,NULL,NULL,NULL,NULL),(650,'lifecycle_706597@example.com',NULL,NULL,NULL,NULL,NULL,NULL,NULL,'$2b$12$YQMyyRjGd5cU0MqvV5/ARe01c33Rzp6bvThqqgpnQ6Iau9pcfNh1u','Lifecycle','Test',NULL,'client','2026-01-21 11:14:43','2026-01-21 11:14:43',0,NULL,NULL,NULL,NULL),(651,'lifecycle_461683@example.com',NULL,NULL,NULL,NULL,NULL,NULL,NULL,'$2b$12$OdRI0GFrr.oBXfm.cGR8VuK.knd9aKlENqXaNTDQb2IcenKHK6gTa','Lifecycle','Test',NULL,'client','2026-01-21 11:14:43','2026-01-21 11:14:43',0,NULL,NULL,NULL,NULL),(652,'lifecycle_973293@example.com',NULL,NULL,NULL,NULL,NULL,NULL,NULL,'$2b$12$wCkCtVynHAJaz.WDW3zNUuFCjiVYlH0r0D6iefBERFXzJSHeybhzS','Lifecycle','Test',NULL,'client','2026-01-21 11:14:43','2026-01-21 11:14:43',0,NULL,NULL,NULL,NULL),(653,'multi_service_463899@example.com',NULL,NULL,NULL,NULL,NULL,NULL,NULL,'$2b$12$gGSFr0gKRMnNEog8lBKOmu1LP7NQUQSMbAnos3b1iyoxeursFQVIq','Multi','Service',NULL,'client','2026-01-21 11:14:43','2026-01-21 11:14:43',0,NULL,NULL,NULL,NULL),(654,'lifecycle_717972@example.com',NULL,NULL,NULL,NULL,NULL,NULL,NULL,'$2b$12$fYqEtwJNZIjygtF6IA4DkOuPQ7sqbWiM3NyBGGJodYPEqj3s34Mg2','Lifecycle','Test',NULL,'client','2026-01-21 11:14:43','2026-01-21 11:14:43',0,NULL,NULL,NULL,NULL),(655,'lifecycle_610366@example.com',NULL,NULL,NULL,NULL,NULL,NULL,NULL,'$2b$12$u4OZhPzYYCGRyapYFubuGu7OaJnHy88HNo.Q1MlFV.v7B4K1icxx2','Lifecycle','Test',NULL,'client','2026-01-21 11:14:44','2026-01-21 11:14:44',0,NULL,NULL,NULL,NULL),(656,'lifecycle_894254@example.com',NULL,NULL,NULL,NULL,NULL,NULL,NULL,'$2b$12$gmFuv0/MAIPcPd94XVZHguvvBJtUIv/HxrOviGR5b.I1u/fpEIidC','Lifecycle','Test',NULL,'client','2026-01-21 11:14:44','2026-01-21 11:14:44',0,NULL,NULL,NULL,NULL),(657,'lifecycle_221481@example.com',NULL,NULL,NULL,NULL,NULL,NULL,NULL,'$2b$12$RdxlYH1T4pUcyFN4aCCsl.dtzjwlTyr.iu3uXNx361WkqoFuFKmmC','Lifecycle','Test',NULL,'client','2026-01-21 11:14:44','2026-01-21 11:14:44',0,NULL,NULL,NULL,NULL),(658,'lifecycle_691876@example.com',NULL,NULL,NULL,NULL,NULL,NULL,NULL,'$2b$12$tM7/pFj5TNUFtwsLJKsR5u0rumqTJvCAd9XH55R6rjyZD96vggAmK','Lifecycle','Test',NULL,'client','2026-01-21 11:14:44','2026-01-21 11:14:44',0,NULL,NULL,NULL,NULL),(659,'multi_service_226189@example.com',NULL,NULL,NULL,NULL,NULL,NULL,NULL,'$2b$12$tBEc7IcpVR81LBDfCYut1eGZPgBs1HTKrOtGxX8GRZ50J4rX/Rpci','Multi','Service',NULL,'client','2026-01-21 11:14:45','2026-01-21 11:14:45',0,NULL,NULL,NULL,NULL),(660,'lifecycle_666606@example.com',NULL,NULL,NULL,NULL,NULL,NULL,NULL,'$2b$12$t4iGMTUbo0rfdY0X5UXWa.AUYZ0fSciQ3kBWA.ja.ZyGg35AE2uQ6','Lifecycle','Test',NULL,'client','2026-01-21 11:14:46','2026-01-21 11:14:46',0,NULL,NULL,NULL,NULL),(661,'lifecycle_365204@example.com',NULL,NULL,NULL,NULL,NULL,NULL,NULL,'$2b$12$1rUZLvxlU43Y4rURowA3S.Ob8IuIYxHsic56w.lCE7yRyZgkKGO62','Lifecycle','Test',NULL,'client','2026-01-21 11:14:46','2026-01-21 11:14:46',0,NULL,NULL,NULL,NULL),(662,'lifecycle_251956@example.com',NULL,NULL,NULL,NULL,NULL,NULL,NULL,'$2b$12$1kT2U/KSrVKEj.SUOO14n.W.2SzFMXH2Et0o8CGzRHBd1oMEvPc4i','Lifecycle','Test',NULL,'client','2026-01-21 11:14:46','2026-01-21 11:14:46',0,NULL,NULL,NULL,NULL),(663,'lifecycle_401731@example.com',NULL,NULL,NULL,NULL,NULL,NULL,NULL,'$2b$12$4FykUsSBBu9z/dqlvT1zU.jD4RFddl.WI/3cgBnniBNlvuuPAolMy','Lifecycle','Test',NULL,'client','2026-01-21 11:14:46','2026-01-21 11:14:46',0,NULL,NULL,NULL,NULL),(664,'lifecycle_13975@example.com',NULL,NULL,NULL,NULL,NULL,NULL,NULL,'$2b$12$ctB5tfAg/qDpxAV3qFb8YOzP.hkUAh4/aqHzd1K6vkdB3HaM/j.Oe','Lifecycle','Test',NULL,'client','2026-01-21 11:14:47','2026-01-21 11:14:47',0,NULL,NULL,NULL,NULL),(665,'multi_service_707605@example.com',NULL,NULL,NULL,NULL,NULL,NULL,NULL,'$2b$12$Es3YWYqi0D9gAh7e2DlHy.9ANvSA/5cmvf5nDPR.svzkKkJb6SNsG','Multi','Service',NULL,'client','2026-01-21 11:14:47','2026-01-21 11:14:47',0,NULL,NULL,NULL,NULL),(666,'lifecycle_206291@example.com',NULL,NULL,NULL,NULL,NULL,NULL,NULL,'$2b$12$rQ9U9tyme5yFVBAemnS9dexQ76kvLymKI2eZyZcAWzSqvKJwabzvC','Lifecycle','Test',NULL,'client','2026-01-21 11:14:47','2026-01-21 11:14:47',0,NULL,NULL,NULL,NULL),(667,'lifecycle_29421@example.com',NULL,NULL,NULL,NULL,NULL,NULL,NULL,'$2b$12$Npg14uiqal0njg3P7cnqt.wfhjGJJx3Tg684Ocjy0Co0gopeXuiKW','Lifecycle','Test',NULL,'client','2026-01-21 11:14:47','2026-01-21 11:14:47',0,NULL,NULL,NULL,NULL),(668,'lifecycle_837353@example.com',NULL,NULL,NULL,NULL,NULL,NULL,NULL,'$2b$12$hWTP/eunm.2YN5r1Gctn9OCz9vdha9J5tgZsW1vFrMDzSD2F4EoMC','Lifecycle','Test',NULL,'client','2026-01-21 11:14:47','2026-01-21 11:14:47',0,NULL,NULL,NULL,NULL),(669,'lifecycle_295031@example.com',NULL,NULL,NULL,NULL,NULL,NULL,NULL,'$2b$12$V0Xd3V5C70EISKCsjk0HZO/rNG16AqlsC6WVXQ.M.1reHNzHP2pGS','Lifecycle','Test',NULL,'client','2026-01-21 11:14:48','2026-01-21 11:14:48',0,NULL,NULL,NULL,NULL),(670,'multi_service_999403@example.com',NULL,NULL,NULL,NULL,NULL,NULL,NULL,'$2b$12$a0b74tO66By2Ko0cScueEOow2BEIG9ifNEdv5JY2QFTgFwstm9vRq','Multi','Service',NULL,'client','2026-01-21 11:14:48','2026-01-21 11:14:48',0,NULL,NULL,NULL,NULL),(671,'lifecycle_602268@example.com',NULL,NULL,NULL,NULL,NULL,NULL,NULL,'$2b$12$AvLi8mHD2fE37PSOUEdhGODSYHm8vm6eiBCKVoKI1VE5pAThLLNtC','Lifecycle','Test',NULL,'client','2026-01-21 11:14:49','2026-01-21 11:14:49',0,NULL,NULL,NULL,NULL),(672,'lifecycle_578135@example.com',NULL,NULL,NULL,NULL,NULL,NULL,NULL,'$2b$12$q9HVkTmmsSmLuymOTZkPvur.fs7MrFxlQ5WxFm64xFvjxS9dW5D56','Lifecycle','Test',NULL,'client','2026-01-21 11:14:49','2026-01-21 11:14:49',0,NULL,NULL,NULL,NULL),(673,'lifecycle_623168@example.com',NULL,NULL,NULL,NULL,NULL,NULL,NULL,'$2b$12$1n2mVQuudsAddLO51BWJO.kD/vswz8.lkhNxOPs/MANdJ95Dc.7HS','Lifecycle','Test',NULL,'client','2026-01-21 11:14:49','2026-01-21 11:14:49',0,NULL,NULL,NULL,NULL),(674,'multi_service_329275@example.com',NULL,NULL,NULL,NULL,NULL,NULL,NULL,'$2b$12$K.0oq/RJGy.SH5K4lPxiNeA84rK7DU8eEpjDQp.h5Ik7cKtYoOnHu','Multi','Service',NULL,'client','2026-01-21 11:14:49','2026-01-21 11:14:49',0,NULL,NULL,NULL,NULL),(675,'lifecycle_68617@example.com',NULL,NULL,NULL,NULL,NULL,NULL,NULL,'$2b$12$oZys/3qY9saZ.L71KyCzJeZYOR/JKD3TZ2vBKIT8KnE.SQUBOJMi.','Lifecycle','Test',NULL,'client','2026-01-21 11:14:50','2026-01-21 11:14:50',0,NULL,NULL,NULL,NULL),(676,'marketplace_619397@example.com',NULL,NULL,NULL,NULL,NULL,NULL,NULL,'$2b$12$EtqGnJdCIsfzdd6EnxBMFeJIT.i8C4m0oI9DKhxWP7KBqxxiCPoVq','Marketplace','Customer',NULL,'client','2026-01-21 11:15:44','2026-01-21 11:15:44',0,NULL,NULL,NULL,NULL),(677,'past_booking_547037@example.com',NULL,NULL,NULL,NULL,NULL,NULL,NULL,'$2b$12$6J/Y/rDqMu8vmha.NC7j9.0dOoxyaIkYJB/FO4eTWUB7inisC.yZW','Past','Booking',NULL,'client','2026-01-21 11:15:44','2026-01-21 11:15:44',0,NULL,NULL,NULL,NULL),(678,'marketplace_36032@example.com',NULL,NULL,NULL,NULL,NULL,NULL,NULL,'$2b$12$pOvrZtpyyx.W57980nQm1OW4qq46W6YQ1wTm9ahRSFEhwXiW/0YDG','Marketplace','Customer',NULL,'client','2026-01-21 11:15:45','2026-01-21 11:15:45',0,NULL,NULL,NULL,NULL),(679,'past_booking_699107@example.com',NULL,NULL,NULL,NULL,NULL,NULL,NULL,'$2b$12$eXVoTWe11nbV2HSYSmRKO.wYMoSTyCgGoVA/OY.wCw3cOjfAiOHIq','Past','Booking',NULL,'client','2026-01-21 11:15:46','2026-01-21 11:15:46',0,NULL,NULL,NULL,NULL),(680,'marketplace_620377@example.com',NULL,NULL,NULL,NULL,NULL,NULL,NULL,'$2b$12$ISLW7zrtRU/T6usgmZW/r.m2UOPlMm.82ZjZBvqVD/uRIlhTaqXIi','Marketplace','Customer',NULL,'client','2026-01-21 11:15:46','2026-01-21 11:15:46',0,NULL,NULL,NULL,NULL),(681,'past_booking_595445@example.com',NULL,NULL,NULL,NULL,NULL,NULL,NULL,'$2b$12$gyioyZ2lZFEA3edesQRSD.2fPJVfD897SU3e7JFX2u4udN9qk5URS','Past','Booking',NULL,'client','2026-01-21 11:15:47','2026-01-21 11:15:47',0,NULL,NULL,NULL,NULL),(682,'marketplace_588464@example.com',NULL,NULL,NULL,NULL,NULL,NULL,NULL,'$2b$12$DChrK.gBzuapQUoIeCpxb.rPaKq7ZW9LxdeikiwhalkNkdg91FqPG','Marketplace','Customer',NULL,'client','2026-01-21 11:15:47','2026-01-21 11:15:47',0,NULL,NULL,NULL,NULL),(683,'past_booking_178713@example.com',NULL,NULL,NULL,NULL,NULL,NULL,NULL,'$2b$12$lryviTVaQ.mu0z7enNpJ7ONCrePtfCXMwmQBQWaeC834WIiPkzyZK','Past','Booking',NULL,'client','2026-01-21 11:15:48','2026-01-21 11:15:48',0,NULL,NULL,NULL,NULL),(684,'marketplace_167569@example.com',NULL,NULL,NULL,NULL,NULL,NULL,NULL,'$2b$12$4iqbJg0XrTBtSRwyB3vcU.ahqmpD/iUkHZU7rvNQrMD2fq5vv1fB.','Marketplace','Customer',NULL,'client','2026-01-21 11:15:48','2026-01-21 11:15:48',0,NULL,NULL,NULL,NULL),(685,'past_booking_800370@example.com',NULL,NULL,NULL,NULL,NULL,NULL,NULL,'$2b$12$kHxnHSj4FfFVvdtdvtYKIeKV3Era1OFmCduEVUrZX23Uk3aHCDZ12','Past','Booking',NULL,'client','2026-01-21 11:15:49','2026-01-21 11:15:49',0,NULL,NULL,NULL,NULL),(686,'marketplace_953475@example.com',NULL,NULL,NULL,NULL,NULL,NULL,NULL,'$2b$12$FlbJ8ga6vIT6L2/sQeU5aesIHj7IdUU.M83cAa3MqRVouzcxMpUaa','Marketplace','Customer',NULL,'client','2026-01-21 11:15:49','2026-01-21 11:15:49',0,NULL,NULL,NULL,NULL),(687,'past_booking_645215@example.com',NULL,NULL,NULL,NULL,NULL,NULL,NULL,'$2b$12$DRoGbM3vpvu/IFyD9fgc6eM.tq1B/EsOGXAxRfIND5gxpDZ/qK7jm','Past','Booking',NULL,'client','2026-01-21 11:15:50','2026-01-21 11:15:50',0,NULL,NULL,NULL,NULL),(688,'lifecycle_228916@example.com',NULL,NULL,NULL,NULL,NULL,NULL,NULL,'$2b$12$Ugh7FENnTgeVE2AEmTrxfeFwMhwAkveaFn5ycjm5xTHL3HEpylTEG','Lifecycle','Test',NULL,'client','2026-01-21 11:16:28','2026-01-21 11:16:28',0,NULL,NULL,NULL,NULL),(689,'lifecycle_717114@example.com',NULL,NULL,NULL,NULL,NULL,NULL,NULL,'$2b$12$48Y0zXJz1kEthsHHNGihceFTpHMJlBDHgzSWREUpVe4K865Z9E/m6','Lifecycle','Test',NULL,'client','2026-01-21 11:16:28','2026-01-21 11:16:28',0,NULL,NULL,NULL,NULL),(690,'lifecycle_829637@example.com',NULL,NULL,NULL,NULL,NULL,NULL,NULL,'$2b$12$2ecOcXCGpUxSL.FUHhRwe.akqs1ud/lkWMyDiNVxv1iyfYOjCSCx.','Lifecycle','Test',NULL,'client','2026-01-21 11:16:28','2026-01-21 11:16:28',0,NULL,NULL,NULL,NULL),(691,'lifecycle_156520@example.com',NULL,NULL,NULL,NULL,NULL,NULL,NULL,'$2b$12$hxdBN3IncY8ijZMlj3uuVOzIzLuhU22TlGWyOQOnD1T7.GxVjY3.i','Lifecycle','Test',NULL,'client','2026-01-21 11:16:28','2026-01-21 11:16:28',0,NULL,NULL,NULL,NULL),(692,'multi_service_27075@example.com',NULL,NULL,NULL,NULL,NULL,NULL,NULL,'$2b$12$hIT5oizEP8iAshzYKF7mEu0YOag3KOuuiGEDFcxla.9m.Jle05KwC','Multi','Service',NULL,'client','2026-01-21 11:16:28','2026-01-21 11:16:28',0,NULL,NULL,NULL,NULL),(693,'client_delete_owner_546048@example.com',NULL,NULL,NULL,NULL,NULL,NULL,NULL,'$2b$12$DBRUwRNSyQAukhIOaSlTS.XasVUVuxoq0IlDXFDuIcHnaw1yJMqBy','Delete','Owner',NULL,'owner','2026-01-21 11:16:30','2026-01-21 11:16:30',0,NULL,NULL,NULL,NULL),(694,'client_delete_owner_821708@example.com',NULL,NULL,NULL,NULL,NULL,NULL,NULL,'$2b$12$Ugh7Zq/K5ETYnwlJuuuci.g2hmWld/FWKOaKh45yVeK/2ysi0ZE4i','Delete','Owner',NULL,'owner','2026-01-21 11:16:30','2026-01-21 11:16:30',0,NULL,NULL,NULL,NULL),(695,'multi_salon_client_124392@example.com',NULL,NULL,NULL,NULL,NULL,NULL,NULL,'$2b$12$p3O42eSsfP8ZYhHb.Ek0J.EUx1wEy0paBq6sHOSWWFmM3um7tubya','Multi','Salon',NULL,'client','2026-01-21 11:16:30','2026-01-21 11:16:30',0,NULL,NULL,NULL,NULL),(696,'client_delete_owner_691796@example.com',NULL,NULL,NULL,NULL,NULL,NULL,NULL,'$2b$12$lsLWqm3cBRw26OJodhZdbuiPu/DsV7y43rgukg.2/EMYBB0CKGgHC','Delete','Owner',NULL,'owner','2026-01-21 11:16:30','2026-01-21 11:16:30',0,NULL,NULL,NULL,NULL),(697,'notes_owner_385940@example.com',NULL,NULL,NULL,NULL,NULL,NULL,NULL,'$2b$12$0TQtl40EhnB5ydRhb6ooT.Ch29sdK3VSULZNhb5A4dvZUDXa2ZQru','Notes','Owner',NULL,'owner','2026-01-21 11:16:30','2026-01-21 11:16:30',0,NULL,NULL,NULL,NULL),(698,'client_delete_546048@example.com',NULL,NULL,NULL,NULL,NULL,NULL,NULL,'$2b$12$doTSCMYRBVYdLs/nuS2gxefagKwMTLi4G4LX0ZPpsgiU80CGNYSeS','Test','Client',NULL,'client','2026-01-21 11:16:31','2026-01-21 11:16:31',0,NULL,NULL,NULL,NULL),(699,'client_delete_821708@example.com',NULL,NULL,NULL,NULL,NULL,NULL,NULL,'$2b$12$jEXhxgXdgXW9yRs.oGwv3uBYzD1XhqGB8.yWMzBA8gcKCqatzb4hq','Test','Client',NULL,'client','2026-01-21 11:16:31','2026-01-21 11:16:31',0,NULL,NULL,NULL,NULL),(700,'client_delete_691796@example.com',NULL,NULL,NULL,NULL,NULL,NULL,NULL,'$2b$12$jwHG8yH42/Bcec6avutDJe0VHhgx1iHV9D4JepBsHVM26o8Wx6clu','Test','Client',NULL,'client','2026-01-21 11:16:31','2026-01-21 11:16:31',0,NULL,NULL,NULL,NULL),(701,'notes_client_385940@example.com',NULL,NULL,NULL,NULL,NULL,NULL,NULL,'$2b$12$.7Uh3A5c.LwS5ZfUYFFUVOTHFf7MuM7H7Ss9H/rSdZkZ.doHDDf9a','Notes','Client',NULL,'client','2026-01-21 11:16:31','2026-01-21 11:16:31',0,NULL,NULL,NULL,NULL),(702,'integrity_owner_412834@example.com',NULL,NULL,NULL,NULL,NULL,NULL,NULL,'$2b$12$e3SWHECbAZ5nIPR.sycr6e5MSmRh8mNSLkdrlEtGlL0BUprsWF99a','Integrity','Owner',NULL,'owner','2026-01-21 11:16:32','2026-01-21 11:16:32',0,NULL,NULL,NULL,NULL),(703,'integrity_client_412834@example.com',NULL,NULL,NULL,NULL,NULL,NULL,NULL,'$2b$12$Gnr2tSyLLfPz9BfTN.KYveLgFXQmyJyWAUuDHuKx8JD3RoL5tzf9e','Integrity','Client',NULL,'client','2026-01-21 11:16:32','2026-01-21 11:16:32',0,NULL,NULL,NULL,NULL),(704,'marketplace_806643@example.com',NULL,NULL,NULL,NULL,NULL,NULL,NULL,'$2b$12$jSpBLj06zqtiUzgV2WrvHuYDbWCC/Nf07cCwMIPoeaE4tvCzeuXD2','Marketplace','Customer',NULL,'client','2026-01-21 11:16:32','2026-01-21 11:16:32',0,NULL,NULL,NULL,NULL),(705,'past_booking_926856@example.com',NULL,NULL,NULL,NULL,NULL,NULL,NULL,'$2b$12$sNM2Y.w42itQXokmsHSNPu5uxyhzxEs9puc9MZ.HxancCoix5.ja.','Past','Booking',NULL,'client','2026-01-21 11:16:33','2026-01-21 11:16:33',0,NULL,NULL,NULL,NULL),(706,'lifecycle_149851@example.com',NULL,NULL,NULL,NULL,NULL,NULL,NULL,'$2b$12$RhUyN5Z5SmyynqdoWqzj4ueVB7bYeJLFDb.uqqo4fayqxp7j5M3ni','Lifecycle','Test',NULL,'client','2026-01-21 11:16:33','2026-01-21 11:16:33',0,NULL,NULL,NULL,NULL),(707,'lifecycle_487326@example.com',NULL,NULL,NULL,NULL,NULL,NULL,NULL,'$2b$12$FORhMKjJC4VRpI78QJ0uiuXPMrP53xBefT5gFbO8RDKXAuwnbB0FO','Lifecycle','Test',NULL,'client','2026-01-21 11:16:34','2026-01-21 11:16:34',0,NULL,NULL,NULL,NULL),(708,'multi_service_240693@example.com',NULL,NULL,NULL,NULL,NULL,NULL,NULL,'$2b$12$ebmLZ.BXkLFY12zHUzaSgOkA7W/Hv4kaKxMoqTyyqUmfcynfSgNyy','Multi','Service',NULL,'client','2026-01-21 11:16:34','2026-01-21 11:16:34',0,NULL,NULL,NULL,NULL),(709,'lifecycle_135624@example.com',NULL,NULL,NULL,NULL,NULL,NULL,NULL,'$2b$12$KCFqHACzf2Gb6hYp9fQva.ZIMqMtimtfvLDxWyw8Ou3rcaWn9UydK','Lifecycle','Test',NULL,'client','2026-01-21 11:16:34','2026-01-21 11:16:34',0,NULL,NULL,NULL,NULL),(710,'lifecycle_932378@example.com',NULL,NULL,NULL,NULL,NULL,NULL,NULL,'$2b$12$QlwDlUzDvTvpCxMKyACTy.UY7YfEyS748DCzUX5S2p2XqHr.3pkOC','Lifecycle','Test',NULL,'client','2026-01-21 11:16:34','2026-01-21 11:16:34',0,NULL,NULL,NULL,NULL),(711,'client_delete_owner_216872@example.com',NULL,NULL,NULL,NULL,NULL,NULL,NULL,'$2b$12$Ky82EKVEJRrYF2g.yrYaA.z11MPRprlo6tGwCy5EUw0ft2g/2KbBW','Delete','Owner',NULL,'owner','2026-01-21 11:16:35','2026-01-21 11:16:35',0,NULL,NULL,NULL,NULL),(712,'client_delete_owner_681514@example.com',NULL,NULL,NULL,NULL,NULL,NULL,NULL,'$2b$12$nLhZ1X6.eYOdL8zCSu0P7upQD8jkv53QqJfhZv3JMrivIP87ySCg.','Delete','Owner',NULL,'owner','2026-01-21 11:16:35','2026-01-21 11:16:35',0,NULL,NULL,NULL,NULL),(713,'multi_salon_client_504644@example.com',NULL,NULL,NULL,NULL,NULL,NULL,NULL,'$2b$12$glOoKtyC91dvbd1vIfcNbudU7ZCYR.rDOJHkm7YMJOxn6wI1rbhA6','Multi','Salon',NULL,'client','2026-01-21 11:16:36','2026-01-21 11:16:36',0,NULL,NULL,NULL,NULL),(714,'client_delete_owner_123933@example.com',NULL,NULL,NULL,NULL,NULL,NULL,NULL,'$2b$12$cLaz9dpNHtdF4ZKlYxczOequEM39PQtU7uHVLdyxWCQ6XoOu414uW','Delete','Owner',NULL,'owner','2026-01-21 11:16:36','2026-01-21 11:16:36',0,NULL,NULL,NULL,NULL),(715,'notes_owner_643156@example.com',NULL,NULL,NULL,NULL,NULL,NULL,NULL,'$2b$12$ocWyLXRvWapQwq.xCE3eHulxWIlPmkjRFupdflJSmfsRUX.QjlwLS','Notes','Owner',NULL,'owner','2026-01-21 11:16:36','2026-01-21 11:16:36',0,NULL,NULL,NULL,NULL),(716,'client_delete_216872@example.com',NULL,NULL,NULL,NULL,NULL,NULL,NULL,'$2b$12$iRXtElQGO7svq7RMr73Uxux3o6l6llCQY8xVyDaiZfMTTDf.otZ.i','Test','Client',NULL,'client','2026-01-21 11:16:36','2026-01-21 11:16:36',0,NULL,NULL,NULL,NULL),(717,'client_delete_681514@example.com',NULL,NULL,NULL,NULL,NULL,NULL,NULL,'$2b$12$sJhq8XXhzLqqTJXluZ1f2uzOSTLv.H3ZsLJ.eZC0UZ6m4EOI1ejBK','Test','Client',NULL,'client','2026-01-21 11:16:36','2026-01-21 11:16:36',0,NULL,NULL,NULL,NULL),(718,'client_delete_123933@example.com',NULL,NULL,NULL,NULL,NULL,NULL,NULL,'$2b$12$qEV4WqS/edF7uLEGe8xAeO6KZHqA3Dh4N4ky0CYfu6inrAbuOnKza','Test','Client',NULL,'client','2026-01-21 11:16:36','2026-01-21 11:16:36',0,NULL,NULL,NULL,NULL),(719,'notes_client_643156@example.com',NULL,NULL,NULL,NULL,NULL,NULL,NULL,'$2b$12$Ekv3KQlBxDsK/OUDrtybuuz1qfOeOA2xUDYmZScXGoIET1yy2Dp/S','Notes','Client',NULL,'client','2026-01-21 11:16:36','2026-01-21 11:16:36',0,NULL,NULL,NULL,NULL),(720,'integrity_owner_433812@example.com',NULL,NULL,NULL,NULL,NULL,NULL,NULL,'$2b$12$/3b9kooAn7zgmy1jKoCAHOUGEaVKMcKDNUYRXW6mHxszB3g3gozBa','Integrity','Owner',NULL,'owner','2026-01-21 11:16:37','2026-01-21 11:16:37',0,NULL,NULL,NULL,NULL),(721,'integrity_client_433812@example.com',NULL,NULL,NULL,NULL,NULL,NULL,NULL,'$2b$12$Rv8Dlr8.leU6U2mPlfKoqenuZCdVjBIMxKInEjv6/V1JVxBZLrmey','Integrity','Client',NULL,'client','2026-01-21 11:16:37','2026-01-21 11:16:37',0,NULL,NULL,NULL,NULL),(722,'marketplace_140201@example.com',NULL,NULL,NULL,NULL,NULL,NULL,NULL,'$2b$12$gMExjXBoZSoJwvR3QtXvH.mhRCXurGngmdCqLLIDYzCOTqyglM4km','Marketplace','Customer',NULL,'client','2026-01-21 11:16:37','2026-01-21 11:16:37',0,NULL,NULL,NULL,NULL),(723,'past_booking_235078@example.com',NULL,NULL,NULL,NULL,NULL,NULL,NULL,'$2b$12$sGshmrPxSVb3AlFbSyereujoYa2Q.LdVihpwEs6XDgM0F25uZOmPy','Past','Booking',NULL,'client','2026-01-21 11:16:38','2026-01-21 11:16:38',0,NULL,NULL,NULL,NULL),(724,'lifecycle_428589@example.com',NULL,NULL,NULL,NULL,NULL,NULL,NULL,'$2b$12$3F4zMPMkwwM1e.hanc2LqeNSruMfCdyIWpIpwmCAGuhv1kymLFwJe','Lifecycle','Test',NULL,'client','2026-01-21 11:16:39','2026-01-21 11:16:39',0,NULL,NULL,NULL,NULL),(725,'lifecycle_131764@example.com',NULL,NULL,NULL,NULL,NULL,NULL,NULL,'$2b$12$JO4MeDeHDhNBUrZ.iOpZ.eGwFstm0Bvcx3x.snE4s/TyDX7PXWLpu','Lifecycle','Test',NULL,'client','2026-01-21 11:16:39','2026-01-21 11:16:39',0,NULL,NULL,NULL,NULL),(726,'lifecycle_411156@example.com',NULL,NULL,NULL,NULL,NULL,NULL,NULL,'$2b$12$G/n4nOjgXIi8m8yDVJvOeuP3F/qXu66vDoArStLRhQ4tTbwNsSPDu','Lifecycle','Test',NULL,'client','2026-01-21 11:16:39','2026-01-21 11:16:39',0,NULL,NULL,NULL,NULL),(727,'lifecycle_232368@example.com',NULL,NULL,NULL,NULL,NULL,NULL,NULL,'$2b$12$3yWQk//aD9y1ibqe3b4.e.FgjyPUGOXg3Qlz0CG.dPifRcGWNZkjC','Lifecycle','Test',NULL,'client','2026-01-21 11:16:39','2026-01-21 11:16:39',0,NULL,NULL,NULL,NULL),(728,'multi_service_985600@example.com',NULL,NULL,NULL,NULL,NULL,NULL,NULL,'$2b$12$hpsm84ZpW/T5fs/jz5fsKeZmchgr48AAzIttjC9rb.CyRK2a9669y','Multi','Service',NULL,'client','2026-01-21 11:16:40','2026-01-21 11:16:40',0,NULL,NULL,NULL,NULL),(729,'client_delete_owner_795868@example.com',NULL,NULL,NULL,NULL,NULL,NULL,NULL,'$2b$12$s2jaOd48HsWdWWAz9yPIfOfSTzke.4ydP5Y3M/KRNJQJFa1gMcuOC','Delete','Owner',NULL,'owner','2026-01-21 11:16:40','2026-01-21 11:16:40',0,NULL,NULL,NULL,NULL),(730,'client_delete_owner_253900@example.com',NULL,NULL,NULL,NULL,NULL,NULL,NULL,'$2b$12$HUuoPR9LmNY.5d5xwEybLep0GOJYmVYhyBJLhJ4vj2BKx/5Bq9YWm','Delete','Owner',NULL,'owner','2026-01-21 11:16:40','2026-01-21 11:16:40',0,NULL,NULL,NULL,NULL),(731,'client_delete_owner_833996@example.com',NULL,NULL,NULL,NULL,NULL,NULL,NULL,'$2b$12$.X30wcEIV0.LOkcOd9lQ2Ox19lZFIdq5aa.flagpin9eQlw26YEjy','Delete','Owner',NULL,'owner','2026-01-21 11:16:40','2026-01-21 11:16:40',0,NULL,NULL,NULL,NULL),(732,'client_delete_795868@example.com',NULL,NULL,NULL,NULL,NULL,NULL,NULL,'$2b$12$3TgawJiDe03HhFe1d2oeruS4.PE8PK4o.7YYQX2cEdk0.7cGO1DbG','Test','Client',NULL,'client','2026-01-21 11:16:41','2026-01-21 11:16:41',0,NULL,NULL,NULL,NULL),(733,'multi_salon_client_610892@example.com',NULL,NULL,NULL,NULL,NULL,NULL,NULL,'$2b$12$2cdFRwXvH8ioUpuDMuzqp.yO8wiBJGig3bL2XHk6rF886PWpkkVkC','Multi','Salon',NULL,'client','2026-01-21 11:16:41','2026-01-21 11:16:41',0,NULL,NULL,NULL,NULL),(734,'client_delete_253900@example.com',NULL,NULL,NULL,NULL,NULL,NULL,NULL,'$2b$12$ZWyoZDADT4CEx5KCkAADx.neOCeqTW2fQ.DVsqbkQ5FQARpACoyfi','Test','Client',NULL,'client','2026-01-21 11:16:41','2026-01-21 11:16:41',0,NULL,NULL,NULL,NULL),(735,'notes_owner_483656@example.com',NULL,NULL,NULL,NULL,NULL,NULL,NULL,'$2b$12$FJgnpwXcygoU1jBo2r0IRuCBOjvces0VwzToO5zRFwgdbfb8AyUQu','Notes','Owner',NULL,'owner','2026-01-21 11:16:41','2026-01-21 11:16:41',0,NULL,NULL,NULL,NULL),(736,'client_delete_833996@example.com',NULL,NULL,NULL,NULL,NULL,NULL,NULL,'$2b$12$NxTGvmTWLBV/bpDaaUaM1u/btcosN0L6p.Lwfxri66eYSjQrX.9yy','Test','Client',NULL,'client','2026-01-21 11:16:41','2026-01-21 11:16:41',0,NULL,NULL,NULL,NULL),(737,'notes_client_483656@example.com',NULL,NULL,NULL,NULL,NULL,NULL,NULL,'$2b$12$LPHjpnp0TQoQK9.6/uGqTO7uiXbgmSE09OxW9D3pzRTdLEPFTahEy','Notes','Client',NULL,'client','2026-01-21 11:16:42','2026-01-21 11:16:42',0,NULL,NULL,NULL,NULL),(738,'integrity_owner_434977@example.com',NULL,NULL,NULL,NULL,NULL,NULL,NULL,'$2b$12$FZo9yM4dEb/UDFo5dGEcJO.zv1XCVW2euv/5v0g8DH6RhmWeufKAu','Integrity','Owner',NULL,'owner','2026-01-21 11:16:42','2026-01-21 11:16:42',0,NULL,NULL,NULL,NULL),(739,'integrity_client_434977@example.com',NULL,NULL,NULL,NULL,NULL,NULL,NULL,'$2b$12$J9pzTAipKX0ZF6UzyNlqEeYYkRr0GrAux78NRjd2NqYHCTYR18Gty','Integrity','Client',NULL,'client','2026-01-21 11:16:42','2026-01-21 11:16:42',0,NULL,NULL,NULL,NULL),(740,'marketplace_440691@example.com',NULL,NULL,NULL,NULL,NULL,NULL,NULL,'$2b$12$bTF7bPQhthcveg9IuogSyu6l3KzmLQqijo8cy7GT1Kg.VmaO16DCK','Marketplace','Customer',NULL,'client','2026-01-21 11:16:43','2026-01-21 11:16:43',0,NULL,NULL,NULL,NULL),(741,'past_booking_847556@example.com',NULL,NULL,NULL,NULL,NULL,NULL,NULL,'$2b$12$KkSXBkp6DCmxl85wkEp4i.ILj3q69NDLE8pk8ZsZIk7VKCfSgC6dC','Past','Booking',NULL,'client','2026-01-21 11:16:43','2026-01-21 11:16:43',0,NULL,NULL,NULL,NULL),(742,'multi_service_456700@example.com',NULL,NULL,NULL,NULL,NULL,NULL,NULL,'$2b$12$5liO0biSiTpgylWrMh9TM.yQf5v53/ygLVTulcOrVfZn83jZ5VXLq','Multi','Service',NULL,'client','2026-01-21 11:16:44','2026-01-21 11:16:44',0,NULL,NULL,NULL,NULL),(743,'lifecycle_201097@example.com',NULL,NULL,NULL,NULL,NULL,NULL,NULL,'$2b$12$euBdskwrqQFyT6GrDKfxf.so2JqMUjXx4yIOhgAtOY72s/dpVDYzG','Lifecycle','Test',NULL,'client','2026-01-21 11:16:44','2026-01-21 11:16:44',0,NULL,NULL,NULL,NULL),(744,'lifecycle_305549@example.com',NULL,NULL,NULL,NULL,NULL,NULL,NULL,'$2b$12$zDe.r3DZyVVy18GXQNXLjusJGJMYMhX19.B0oMNqmtvEmBT1INz6C','Lifecycle','Test',NULL,'client','2026-01-21 11:16:45','2026-01-21 11:16:45',0,NULL,NULL,NULL,NULL),(745,'lifecycle_163309@example.com',NULL,NULL,NULL,NULL,NULL,NULL,NULL,'$2b$12$rhKXb020AMJcb0sz4ivxMOw7l5a1Ed3Edd.IsyQGe8xnYmur9qD3e','Lifecycle','Test',NULL,'client','2026-01-21 11:16:45','2026-01-21 11:16:45',0,NULL,NULL,NULL,NULL),(746,'lifecycle_129263@example.com',NULL,NULL,NULL,NULL,NULL,NULL,NULL,'$2b$12$8fwjTdypP5bTDY9ijfgcpueXJFfN2Z0A7piIZOefcQv4Hn/WCjzn.','Lifecycle','Test',NULL,'client','2026-01-21 11:16:45','2026-01-21 11:16:45',0,NULL,NULL,NULL,NULL),(747,'client_delete_owner_978023@example.com',NULL,NULL,NULL,NULL,NULL,NULL,NULL,'$2b$12$Kv24mDeIIYWeZcvAHvdIq.xhCeMge6/mW5H7//X2mWL02NmW9t5fm','Delete','Owner',NULL,'owner','2026-01-21 11:16:45','2026-01-21 11:16:45',0,NULL,NULL,NULL,NULL),(748,'client_delete_978023@example.com',NULL,NULL,NULL,NULL,NULL,NULL,NULL,'$2b$12$ptIN9DxVslObw7OTZjLyeexwyU2T994Roys2F0G3IbaD4Ao3o1K/C','Test','Client',NULL,'client','2026-01-21 11:16:45','2026-01-21 11:16:45',0,NULL,NULL,NULL,NULL),(749,'client_delete_owner_313636@example.com',NULL,NULL,NULL,NULL,NULL,NULL,NULL,'$2b$12$PdHkY6lvaPWMUECQW3kWR.uutJxGb1PBh3VeOPa03wSGmoKeZuDwy','Delete','Owner',NULL,'owner','2026-01-21 11:16:46','2026-01-21 11:16:46',0,NULL,NULL,NULL,NULL),(750,'client_delete_owner_255682@example.com',NULL,NULL,NULL,NULL,NULL,NULL,NULL,'$2b$12$pPyUziQME6/C0gvpyjicne5jvvcgvRvVkk/FZDLaCgJVuUGXUfxt.','Delete','Owner',NULL,'owner','2026-01-21 11:16:46','2026-01-21 11:16:46',0,NULL,NULL,NULL,NULL),(751,'multi_salon_client_327731@example.com',NULL,NULL,NULL,NULL,NULL,NULL,NULL,'$2b$12$4AFZ9B7hPbf2M366C5aKCuCre5YokbayHn0iuB.vcWOKh/S9ZC/N6','Multi','Salon',NULL,'client','2026-01-21 11:16:46','2026-01-21 11:16:46',0,NULL,NULL,NULL,NULL),(752,'notes_owner_105655@example.com',NULL,NULL,NULL,NULL,NULL,NULL,NULL,'$2b$12$16oKHgUmCu1XIYf.mYFCMu6oFAy3LL/xQ6mdX4l2YXWwe3DPIL3IC','Notes','Owner',NULL,'owner','2026-01-21 11:16:46','2026-01-21 11:16:46',0,NULL,NULL,NULL,NULL),(753,'client_delete_313636@example.com',NULL,NULL,NULL,NULL,NULL,NULL,NULL,'$2b$12$mN3wZ70EA08aXhqK44bBT.F1wz4denFLNR/gH1TyoTpER5R1Wx3di','Test','Client',NULL,'client','2026-01-21 11:16:47','2026-01-21 11:16:47',0,NULL,NULL,NULL,NULL),(754,'client_delete_255682@example.com',NULL,NULL,NULL,NULL,NULL,NULL,NULL,'$2b$12$FlgdMj68MGk6F/jiy/Vx/upaJAFGyTlbvjHdGib0HJcLit0EMdylS','Test','Client',NULL,'client','2026-01-21 11:16:47','2026-01-21 11:16:47',0,NULL,NULL,NULL,NULL),(755,'notes_client_105655@example.com',NULL,NULL,NULL,NULL,NULL,NULL,NULL,'$2b$12$uz77YG.2quBaFQ6kHnZA5.nnGKP1riFw7KwaNwCz8l1owtscpT4tq','Notes','Client',NULL,'client','2026-01-21 11:16:47','2026-01-21 11:16:47',0,NULL,NULL,NULL,NULL),(756,'integrity_owner_753360@example.com',NULL,NULL,NULL,NULL,NULL,NULL,NULL,'$2b$12$CLBJSosTrUvH6hzwBc4enOwOwVzVaDUXxhS/nBkB3tzhiEvwAtTnO','Integrity','Owner',NULL,'owner','2026-01-21 11:16:47','2026-01-21 11:16:47',0,NULL,NULL,NULL,NULL),(757,'marketplace_468153@example.com',NULL,NULL,NULL,NULL,NULL,NULL,NULL,'$2b$12$hT61wNGGlk3MdKgziqkR6.Tzf7CX.Ax1JW7AO4f0xyew2Org/U17C','Marketplace','Customer',NULL,'client','2026-01-21 11:16:48','2026-01-21 11:16:48',0,NULL,NULL,NULL,NULL),(758,'integrity_client_753360@example.com',NULL,NULL,NULL,NULL,NULL,NULL,NULL,'$2b$12$oYmNGeKRt2BU4TwIjMQ/Fuh0BovwPHlTf8eU3dB8oI2V9wrHAAxgq','Integrity','Client',NULL,'client','2026-01-21 11:16:48','2026-01-21 11:16:48',0,NULL,NULL,NULL,NULL),(759,'past_booking_854126@example.com',NULL,NULL,NULL,NULL,NULL,NULL,NULL,'$2b$12$/imFcCt9fNP6L55Ty0B54eanc9iI3yHOQYKva2cIZZrLrI41Ihn/m','Past','Booking',NULL,'client','2026-01-21 11:16:48','2026-01-21 11:16:48',0,NULL,NULL,NULL,NULL),(760,'lifecycle_580225@example.com',NULL,NULL,NULL,NULL,NULL,NULL,NULL,'$2b$12$pTtS5R0BJp6rgNFKCxHWPevMi5oypgtBsfprOYDQz4/YCJr/NASo.','Lifecycle','Test',NULL,'client','2026-01-21 11:16:49','2026-01-21 11:16:49',0,NULL,NULL,NULL,NULL),(761,'lifecycle_273740@example.com',NULL,NULL,NULL,NULL,NULL,NULL,NULL,'$2b$12$gkp4A5VrFDSSSoZeOzf5qe6y0xFJHZOX.FK7TFSooRAggbjSD0MEe','Lifecycle','Test',NULL,'client','2026-01-21 11:16:50','2026-01-21 11:16:50',0,NULL,NULL,NULL,NULL),(762,'lifecycle_306452@example.com',NULL,NULL,NULL,NULL,NULL,NULL,NULL,'$2b$12$Ctebl26ECvHHPCVUcB48SuktyHQBNuY1iOh6wjBRO4pCjbjcXlGh6','Lifecycle','Test',NULL,'client','2026-01-21 11:16:50','2026-01-21 11:16:50',0,NULL,NULL,NULL,NULL),(763,'lifecycle_552605@example.com',NULL,NULL,NULL,NULL,NULL,NULL,NULL,'$2b$12$1DGUPNJeA3002mLUQ4AKAeXdXkdKSGue4x4E3jfHFTmYk6nlC8ykW','Lifecycle','Test',NULL,'client','2026-01-21 11:16:50','2026-01-21 11:16:50',0,NULL,NULL,NULL,NULL),(764,'multi_service_636677@example.com',NULL,NULL,NULL,NULL,NULL,NULL,NULL,'$2b$12$t7nzRtg4/7TKhRDPvPJ5CueO6MCUL/sBqBbUxaD.0osjkQh.9SJVa','Multi','Service',NULL,'client','2026-01-21 11:16:50','2026-01-21 11:16:50',0,NULL,NULL,NULL,NULL),(765,'client_delete_owner_758135@example.com',NULL,NULL,NULL,NULL,NULL,NULL,NULL,'$2b$12$wpYyc96zvuWW0pkjJ2EeqO1TbSRvBUOwwqBWa8pIdL1obaceVCVLO','Delete','Owner',NULL,'owner','2026-01-21 11:16:51','2026-01-21 11:16:51',0,NULL,NULL,NULL,NULL),(766,'client_delete_owner_721621@example.com',NULL,NULL,NULL,NULL,NULL,NULL,NULL,'$2b$12$nEP/UKlZo5l/Z5pvvbzZ1uQeMYa12x/UZNtuNYqKJY5Ro/Zp3e.GS','Delete','Owner',NULL,'owner','2026-01-21 11:16:51','2026-01-21 11:16:51',0,NULL,NULL,NULL,NULL),(767,'client_delete_owner_253715@example.com',NULL,NULL,NULL,NULL,NULL,NULL,NULL,'$2b$12$aL3kKwFRIA0GDAb/Jo3onOVNYtVPWiH.UU12I9vUfZmDmWYI/XrQa','Delete','Owner',NULL,'owner','2026-01-21 11:16:51','2026-01-21 11:16:51',0,NULL,NULL,NULL,NULL),(768,'multi_salon_client_977304@example.com',NULL,NULL,NULL,NULL,NULL,NULL,NULL,'$2b$12$VeZwdl7UrnnUrWNeQTi3Ce4uvMYQW6reJ8Lpsx4lLF9wKeDXiF2oi','Multi','Salon',NULL,'client','2026-01-21 11:16:51','2026-01-21 11:16:51',0,NULL,NULL,NULL,NULL),(769,'notes_owner_280593@example.com',NULL,NULL,NULL,NULL,NULL,NULL,NULL,'$2b$12$XsrLrnuvgXDs5fgz.AANS.IvWeyMqDkgsQD5ltfYUippBqjEX7FYi','Notes','Owner',NULL,'owner','2026-01-21 11:16:51','2026-01-21 11:16:51',0,NULL,NULL,NULL,NULL),(770,'client_delete_758135@example.com',NULL,NULL,NULL,NULL,NULL,NULL,NULL,'$2b$12$YyfaBGzWLJdRvGv/rsqgY.x8hZKPfgnDjWkxuoHmAiPNXHHyiHus6','Test','Client',NULL,'client','2026-01-21 11:16:51','2026-01-21 11:16:51',0,NULL,NULL,NULL,NULL),(771,'client_delete_721621@example.com',NULL,NULL,NULL,NULL,NULL,NULL,NULL,'$2b$12$L1Yzl7xDuRYx0Xn4GSiIFePVshlJtZrvGmy9b/PvhSkpl2QDMVll.','Test','Client',NULL,'client','2026-01-21 11:16:52','2026-01-21 11:16:52',0,NULL,NULL,NULL,NULL),(772,'client_delete_253715@example.com',NULL,NULL,NULL,NULL,NULL,NULL,NULL,'$2b$12$1o5TQq1FptohTZRyIz7Jh.UcWLwWXJEi5idhDkQo9ysBRktvQDnL.','Test','Client',NULL,'client','2026-01-21 11:16:52','2026-01-21 11:16:52',0,NULL,NULL,NULL,NULL),(773,'notes_client_280593@example.com',NULL,NULL,NULL,NULL,NULL,NULL,NULL,'$2b$12$BPHPf6yASDceN3EnTmXoFOO/G66R5PiB.lJknWkxBSLgEmCoEZp.y','Notes','Client',NULL,'client','2026-01-21 11:16:52','2026-01-21 11:16:52',0,NULL,NULL,NULL,NULL),(774,'integrity_owner_40877@example.com',NULL,NULL,NULL,NULL,NULL,NULL,NULL,'$2b$12$7FNP.TGy1c2XY4xMngcS2uy84dCY1fgEqzrzU8vc7Brzh.SYediGq','Integrity','Owner',NULL,'owner','2026-01-21 11:16:53','2026-01-21 11:16:53',0,NULL,NULL,NULL,NULL),(775,'integrity_client_40877@example.com',NULL,NULL,NULL,NULL,NULL,NULL,NULL,'$2b$12$uoHgfGLHkjygSwJie5yq7.5HBjVrzBocBDz8arL8spryij0VqNTce','Integrity','Client',NULL,'client','2026-01-21 11:16:53','2026-01-21 11:16:53',0,NULL,NULL,NULL,NULL),(776,'marketplace_503627@example.com',NULL,NULL,NULL,NULL,NULL,NULL,NULL,'$2b$12$bZQNWmBztvFMDn2y.BeZ/.4m8QnNIbMq5KSjj2ePKyZgj0Hq4DXeC','Marketplace','Customer',NULL,'client','2026-01-21 11:16:53','2026-01-21 11:16:53',0,NULL,NULL,NULL,NULL),(777,'past_booking_524455@example.com',NULL,NULL,NULL,NULL,NULL,NULL,NULL,'$2b$12$KNHCdw5oaehG0VUZA8yjh.i2xsdXnLd8x32IS6MGid2FbBMUWEAe2','Past','Booking',NULL,'client','2026-01-21 11:16:54','2026-01-21 11:16:54',0,NULL,NULL,NULL,NULL),(778,'lifecycle_42432@example.com',NULL,NULL,NULL,NULL,NULL,NULL,NULL,'$2b$12$FLgdTyWeQHFR9uxWHR7KJ.PUKYI/v0YjUhRtNyhQYIX1mB220rIZ.','Lifecycle','Test',NULL,'client','2026-01-21 11:16:54','2026-01-21 11:16:54',0,NULL,NULL,NULL,NULL),(779,'lifecycle_773543@example.com',NULL,NULL,NULL,NULL,NULL,NULL,NULL,'$2b$12$Vj5LkV6RPYTP8DfvtWQ6KeR0wTBJbtHOK.rN22.QOufkicng9sxwe','Lifecycle','Test',NULL,'client','2026-01-21 11:16:55','2026-01-21 11:16:55',0,NULL,NULL,NULL,NULL),(780,'lifecycle_619738@example.com',NULL,NULL,NULL,NULL,NULL,NULL,NULL,'$2b$12$vHauvUYbGmhcBHhUitdZNu8ElRwZ6Du1uSyBYkyr41qjtseaznH8u','Lifecycle','Test',NULL,'client','2026-01-21 11:16:55','2026-01-21 11:16:55',0,NULL,NULL,NULL,NULL),(781,'lifecycle_917168@example.com',NULL,NULL,NULL,NULL,NULL,NULL,NULL,'$2b$12$72Mg20yyUoiv340hkXKiP.6Z7rqgXRU8MWrtzQYsAbnsjf1BQXp..','Lifecycle','Test',NULL,'client','2026-01-21 11:16:55','2026-01-21 11:16:55',0,NULL,NULL,NULL,NULL),(782,'multi_service_614438@example.com',NULL,NULL,NULL,NULL,NULL,NULL,NULL,'$2b$12$Vke6d9w/Mq34E7wsll20.OXp3UC.7p.gb8PKrPJTaS9gPyN91vvee','Multi','Service',NULL,'client','2026-01-21 11:16:55','2026-01-21 11:16:55',0,NULL,NULL,NULL,NULL),(783,'client_delete_owner_64282@example.com',NULL,NULL,NULL,NULL,NULL,NULL,NULL,'$2b$12$.gh95fJzMIDZWxfEORabpul5DA4DH8HZCynx5435bOTQiM2VO//V.','Delete','Owner',NULL,'owner','2026-01-21 11:16:56','2026-01-21 11:16:56',0,NULL,NULL,NULL,NULL),(784,'client_delete_owner_248637@example.com',NULL,NULL,NULL,NULL,NULL,NULL,NULL,'$2b$12$Q1VmMl3BLfmDT0KodQHsE.g7r1oJIUitermSx.qsm4ThfKqEi0pqW','Delete','Owner',NULL,'owner','2026-01-21 11:16:56','2026-01-21 11:16:56',0,NULL,NULL,NULL,NULL),(785,'multi_salon_client_652646@example.com',NULL,NULL,NULL,NULL,NULL,NULL,NULL,'$2b$12$fwiVZ2yAmoxpMrONKw3jROl0wNbgEnLIjMSNFc27fjj8tdQPkXHnq','Multi','Salon',NULL,'client','2026-01-21 11:16:56','2026-01-21 11:16:56',0,NULL,NULL,NULL,NULL),(786,'client_delete_owner_482824@example.com',NULL,NULL,NULL,NULL,NULL,NULL,NULL,'$2b$12$cK7J021OLhFS8K4XfwsGGuKbfHXRh.T54MQ81FH6n84BsTPD0lxfK','Delete','Owner',NULL,'owner','2026-01-21 11:16:56','2026-01-21 11:16:56',0,NULL,NULL,NULL,NULL),(787,'notes_owner_733397@example.com',NULL,NULL,NULL,NULL,NULL,NULL,NULL,'$2b$12$gEQgc0KLbP9eMjMe2iw9ZufV4xvZXDD7JiETnKzg91gkxNGocqZRi','Notes','Owner',NULL,'owner','2026-01-21 11:16:56','2026-01-21 11:16:56',0,NULL,NULL,NULL,NULL),(788,'client_delete_248637@example.com',NULL,NULL,NULL,NULL,NULL,NULL,NULL,'$2b$12$.suyv7b2xBGs6Mb4fawnDeGboHUcKPMYOaCGwq8i35AeijgC3a/V2','Test','Client',NULL,'client','2026-01-21 11:16:57','2026-01-21 11:16:57',0,NULL,NULL,NULL,NULL),(789,'client_delete_64282@example.com',NULL,NULL,NULL,NULL,NULL,NULL,NULL,'$2b$12$rUM7fTTkiGtrGLTHZH4skOP3lRYapAjiMRwCjgYCu4sv4rwHrSOKu','Test','Client',NULL,'client','2026-01-21 11:16:57','2026-01-21 11:16:57',0,NULL,NULL,NULL,NULL),(790,'client_delete_482824@example.com',NULL,NULL,NULL,NULL,NULL,NULL,NULL,'$2b$12$sCO.l6SPfT7xqail8SzLFeVCiuKqtAZzO9LBWWUNjovVWHLj8xHpi','Test','Client',NULL,'client','2026-01-21 11:16:57','2026-01-21 11:16:57',0,NULL,NULL,NULL,NULL),(791,'notes_client_733397@example.com',NULL,NULL,NULL,NULL,NULL,NULL,NULL,'$2b$12$Jzw8z7qtWRn4ejyAxuNlGuG4QwCCj8GMf8F17u7CcFZP0RZX9EoCG','Notes','Client',NULL,'client','2026-01-21 11:16:57','2026-01-21 11:16:57',0,NULL,NULL,NULL,NULL),(792,'integrity_owner_226209@example.com',NULL,NULL,NULL,NULL,NULL,NULL,NULL,'$2b$12$nxTM84PEYzNBoZ8Xta4CVeIcgwpTesskzJ5vYVcGifgUxZhWEgffO','Integrity','Owner',NULL,'owner','2026-01-21 11:16:58','2026-01-21 11:16:58',0,NULL,NULL,NULL,NULL),(793,'integrity_client_226209@example.com',NULL,NULL,NULL,NULL,NULL,NULL,NULL,'$2b$12$VnP55ZiGAZSJdh2mhTktz.Ct8erDFVRfsCR48tjNX/BU9.SMfVJqe','Integrity','Client',NULL,'client','2026-01-21 11:16:58','2026-01-21 11:16:58',0,NULL,NULL,NULL,NULL),(794,'marketplace_768983@example.com',NULL,NULL,NULL,NULL,NULL,NULL,NULL,'$2b$12$I0HozlnxmHjQ8HrHcsBjWu6iCnG0zi2vABNyK41MLmofA8Dyb75u6','Marketplace','Customer',NULL,'client','2026-01-21 11:16:58','2026-01-21 11:16:58',0,NULL,NULL,NULL,NULL),(795,'past_booking_500809@example.com',NULL,NULL,NULL,NULL,NULL,NULL,NULL,'$2b$12$lj5sbCEIpWeISuU0JMQFo.a3i2NkkNUejqu8U3aUfJXZiymp8IEGm','Past','Booking',NULL,'client','2026-01-21 11:16:59','2026-01-21 11:16:59',0,NULL,NULL,NULL,NULL),(796,'lifecycle_845628@example.com',NULL,NULL,NULL,NULL,NULL,NULL,NULL,'$2b$12$Zba8Pd0kMWngd4oCJnldx.hc8vFZFF6aCNx4j.bJAOHHOEuT7Gl3q','Lifecycle','Test',NULL,'client','2026-01-21 11:18:12','2026-01-21 11:18:12',0,NULL,NULL,NULL,NULL),(797,'lifecycle_15849@example.com',NULL,NULL,NULL,NULL,NULL,NULL,NULL,'$2b$12$4sP/gxER.6wMQ3y6VE7eU.R5Mfgy8g6n1cq6s0yAFQnyQ64xLvOd.','Lifecycle','Test',NULL,'client','2026-01-21 11:18:12','2026-01-21 11:18:12',0,NULL,NULL,NULL,NULL),(798,'multi_service_643689@example.com',NULL,NULL,NULL,NULL,NULL,NULL,NULL,'$2b$12$rRiySxk5Y2NvoPdyNGwhauvEil6eGKfcbnsxXVJw.I2XzieyBj5SC','Multi','Service',NULL,'client','2026-01-21 11:18:13','2026-01-21 11:18:13',0,NULL,NULL,NULL,NULL),(799,'lifecycle_342897@example.com',NULL,NULL,NULL,NULL,NULL,NULL,NULL,'$2b$12$/ndQHTDHcnMZbeytnyDf2OLCqhACxk0yDELd8Mdr8eUT18g0Eia5i','Lifecycle','Test',NULL,'client','2026-01-21 11:18:13','2026-01-21 11:18:13',0,NULL,NULL,NULL,NULL),(800,'lifecycle_789424@example.com',NULL,NULL,NULL,NULL,NULL,NULL,NULL,'$2b$12$ef0gMzaWDwq8mlN7Xcwtye7QWQa4od8S1mwqF/cOs4NUXIYcwjiKK','Lifecycle','Test',NULL,'client','2026-01-21 11:18:13','2026-01-21 11:18:13',0,NULL,NULL,NULL,NULL),(801,'client_delete_owner_783404@example.com',NULL,NULL,NULL,NULL,NULL,NULL,NULL,'$2b$12$JBS9tzGSTn9/OaKiCT1kgO8zBQGYnVPtqKLXuxuLuxy9qlT/Y29cC','Delete','Owner',NULL,'owner','2026-01-21 11:18:14','2026-01-21 11:18:14',0,NULL,NULL,NULL,NULL),(802,'client_delete_owner_839081@example.com',NULL,NULL,NULL,NULL,NULL,NULL,NULL,'$2b$12$5cbWbimyJxztHgLxKGWcnO3HLrGz7PttlONdX2uNwZUMSj/pociie','Delete','Owner',NULL,'owner','2026-01-21 11:18:14','2026-01-21 11:18:14',0,NULL,NULL,NULL,NULL),(803,'client_delete_owner_986519@example.com',NULL,NULL,NULL,NULL,NULL,NULL,NULL,'$2b$12$Q3EbYRWOrjcTx9En3TtBueBdNXuyzz6jBswq19WA/pvofFeqOhMDS','Delete','Owner',NULL,'owner','2026-01-21 11:18:14','2026-01-21 11:18:14',0,NULL,NULL,NULL,NULL),(804,'client_delete_783404@example.com',NULL,NULL,NULL,NULL,NULL,NULL,NULL,'$2b$12$vfiCz/jHH21AhxL.IWhxNOsqHg0ZyDpob9TOiP6pqrGht/ACqmxNm','Test','Client',NULL,'client','2026-01-21 11:18:15','2026-01-21 11:18:15',0,NULL,NULL,NULL,NULL),(805,'client_delete_839081@example.com',NULL,NULL,NULL,NULL,NULL,NULL,NULL,'$2b$12$wN11WbqzZdwxy84OVtIXYujLMZ9TkaRD7DQUTwyoXAvjdZFhZRgyq','Test','Client',NULL,'client','2026-01-21 11:18:15','2026-01-21 11:18:15',0,NULL,NULL,NULL,NULL),(806,'client_delete_986519@example.com',NULL,NULL,NULL,NULL,NULL,NULL,NULL,'$2b$12$1vRaHFvkeO4XvyPVlxanY.ZSw/Oaz3qXcyekisotp98goiWczNQte','Test','Client',NULL,'client','2026-01-21 11:18:15','2026-01-21 11:18:15',0,NULL,NULL,NULL,NULL),(807,'multi_salon_client_15783@example.com',NULL,NULL,NULL,NULL,NULL,NULL,NULL,'$2b$12$j34KDwjq.4rATPpm8SM8LuZMp0YsLq3hHYava83WV.6.W7VPR2P66','Multi','Salon',NULL,'client','2026-01-21 11:18:15','2026-01-21 11:18:15',0,NULL,NULL,NULL,NULL),(808,'notes_owner_978623@example.com',NULL,NULL,NULL,NULL,NULL,NULL,NULL,'$2b$12$1BVf8gmvz7qbl5vJXAh/XOmzV06AhDDND7Ui.HAk99nYRoGxgx88G','Notes','Owner',NULL,'owner','2026-01-21 11:18:16','2026-01-21 11:18:16',0,NULL,NULL,NULL,NULL),(809,'notes_client_978623@example.com',NULL,NULL,NULL,NULL,NULL,NULL,NULL,'$2b$12$lEuqrvJC1gYmfNOR1F7eXOmezQZcDkNC.nzq5EPeoyFdKIornuf0O','Notes','Client',NULL,'client','2026-01-21 11:18:16','2026-01-21 11:18:16',0,NULL,NULL,NULL,NULL),(810,'integrity_owner_495922@example.com',NULL,NULL,NULL,NULL,NULL,NULL,NULL,'$2b$12$O67sMZsTG9tVqcN41wv.eOWvkSM.oMXPCVPiryvFrIQHh2W4s9TJu','Integrity','Owner',NULL,'owner','2026-01-21 11:18:16','2026-01-21 11:18:16',0,NULL,NULL,NULL,NULL),(811,'integrity_client_495922@example.com',NULL,NULL,NULL,NULL,NULL,NULL,NULL,'$2b$12$8QPf5Ji0MvRkadrEJ5m2POzgcmMHYVgB0ZWOGTH0lcCUWa2f3Hblq','Integrity','Client',NULL,'client','2026-01-21 11:18:17','2026-01-21 11:18:17',0,NULL,NULL,NULL,NULL),(812,'marketplace_986351@example.com',NULL,NULL,NULL,NULL,NULL,NULL,NULL,'$2b$12$9BXCD30gZ.Xn2KNpfoysm.30p9aAWzW13mLf4cGLA.ZnfJD9FONPa','Marketplace','Customer',NULL,'client','2026-01-21 11:18:17','2026-01-21 11:18:17',0,NULL,NULL,NULL,NULL),(813,'past_booking_816592@example.com',NULL,NULL,NULL,NULL,NULL,NULL,NULL,'$2b$12$kEYbZ3Etn3UPo7xfQEG7M.bXeQ69R/S1IVxLnYS2O1nXufhUns73C','Past','Booking',NULL,'client','2026-01-21 11:18:17','2026-01-21 11:18:17',0,NULL,NULL,NULL,NULL),(814,'lifecycle_118316@example.com',NULL,NULL,NULL,NULL,NULL,NULL,NULL,'$2b$12$Ho0SRV8jCG63oL.rPl4jIeV8IGGodqNuolvsy/qCc7PypeSKh1fvG','Lifecycle','Test',NULL,'client','2026-01-21 11:18:18','2026-01-21 11:18:18',0,NULL,NULL,NULL,NULL),(815,'lifecycle_788348@example.com',NULL,NULL,NULL,NULL,NULL,NULL,NULL,'$2b$12$PuUyrKG0KNQJ64yId/oZfes/v6LvCjGhObNzFDo/gjmHjKt54sRHy','Lifecycle','Test',NULL,'client','2026-01-21 11:18:19','2026-01-21 11:18:19',0,NULL,NULL,NULL,NULL),(816,'lifecycle_563532@example.com',NULL,NULL,NULL,NULL,NULL,NULL,NULL,'$2b$12$tCWWDSy/m06H1gkzmpCYseoOemxNSzQrq6jTlxRhlfS7aKJY5ic8q','Lifecycle','Test',NULL,'client','2026-01-21 11:18:19','2026-01-21 11:18:19',0,NULL,NULL,NULL,NULL),(817,'multi_service_62460@example.com',NULL,NULL,NULL,NULL,NULL,NULL,NULL,'$2b$12$0yUKigSVsklbSL3pvqdDu.2hGZQZJnHxf.N01hgNgJE07UI3huG4e','Multi','Service',NULL,'client','2026-01-21 11:18:19','2026-01-21 11:18:19',0,NULL,NULL,NULL,NULL),(818,'lifecycle_957958@example.com',NULL,NULL,NULL,NULL,NULL,NULL,NULL,'$2b$12$XssqSbPeFsalo0QMNfW8nuSV6tlIwqZ7B2B.Bl2MKztvupVwaiAc6','Lifecycle','Test',NULL,'client','2026-01-21 11:18:19','2026-01-21 11:18:19',0,NULL,NULL,NULL,NULL),(819,'client_delete_owner_267624@example.com',NULL,NULL,NULL,NULL,NULL,NULL,NULL,'$2b$12$krCeA3EAtMGPQbttJgf0/uptzvAjMMGORtLLott8obt8xkU7rI8Cu','Delete','Owner',NULL,'owner','2026-01-21 11:18:19','2026-01-21 11:18:19',0,NULL,NULL,NULL,NULL),(820,'client_delete_owner_719033@example.com',NULL,NULL,NULL,NULL,NULL,NULL,NULL,'$2b$12$fY3ALG0UZRBfopZmkMZd8uiHX.I/JoRZJN06i5U7a0mBk6HbRcwFy','Delete','Owner',NULL,'owner','2026-01-21 11:18:20','2026-01-21 11:18:20',0,NULL,NULL,NULL,NULL),(821,'client_delete_owner_269684@example.com',NULL,NULL,NULL,NULL,NULL,NULL,NULL,'$2b$12$8cWQBce9gXTFX/aKaeBIh.OH0elYZGKsJC1krxnv.d/uHbPXVdw9m','Delete','Owner',NULL,'owner','2026-01-21 11:18:20','2026-01-21 11:18:20',0,NULL,NULL,NULL,NULL),(822,'client_delete_267624@example.com',NULL,NULL,NULL,NULL,NULL,NULL,NULL,'$2b$12$9A8ayJ42f.en2KSQ4lhybua2FJggoVKjZUc8fuNTV14LwTEpZYU4q','Test','Client',NULL,'client','2026-01-21 11:18:20','2026-01-21 11:18:20',0,NULL,NULL,NULL,NULL),(823,'client_delete_269684@example.com',NULL,NULL,NULL,NULL,NULL,NULL,NULL,'$2b$12$sCDLD.rythqbs/LtisVKw.qAwjWrRHwRzcQ3BFwTKTy970wsN52hO','Test','Client',NULL,'client','2026-01-21 11:18:21','2026-01-21 11:18:21',0,NULL,NULL,NULL,NULL),(824,'client_delete_719033@example.com',NULL,NULL,NULL,NULL,NULL,NULL,NULL,'$2b$12$DitWfa4nAE03pEVa682Ts.OP6e7nNW9tOHZ92cgl.6oTNym3hCRi.','Test','Client',NULL,'client','2026-01-21 11:18:21','2026-01-21 11:18:21',0,NULL,NULL,NULL,NULL),(825,'notes_owner_181889@example.com',NULL,NULL,NULL,NULL,NULL,NULL,NULL,'$2b$12$CxdXAxuZqNiZPLaD1dRijOtgmBRuKs2DVIqQBbU7W9TPzMlejkF.O','Notes','Owner',NULL,'owner','2026-01-21 11:18:21','2026-01-21 11:18:21',0,NULL,NULL,NULL,NULL),(826,'multi_salon_client_249378@example.com',NULL,NULL,NULL,NULL,NULL,NULL,NULL,'$2b$12$tfbKr7qaH131urLwUmc.d.y6t43SGdUWPv6U8OQFWxH3oso/JcufK','Multi','Salon',NULL,'client','2026-01-21 11:18:21','2026-01-21 11:18:21',0,NULL,NULL,NULL,NULL),(827,'notes_client_181889@example.com',NULL,NULL,NULL,NULL,NULL,NULL,NULL,'$2b$12$OfT0X5ER90F.ZObM2JfSs.XzpvV/F44HDkoIpjNQDNiHG.9S83lmm','Notes','Client',NULL,'client','2026-01-21 11:18:21','2026-01-21 11:18:21',0,NULL,NULL,NULL,NULL),(828,'integrity_owner_73492@example.com',NULL,NULL,NULL,NULL,NULL,NULL,NULL,'$2b$12$y92Uf04WYAj4iJzM9/4LVuCfYpPsFjJrIcbFsdkNQ9qxHvCx7nK46','Integrity','Owner',NULL,'owner','2026-01-21 11:18:22','2026-01-21 11:18:22',0,NULL,NULL,NULL,NULL),(829,'integrity_client_73492@example.com',NULL,NULL,NULL,NULL,NULL,NULL,NULL,'$2b$12$MHPM5UkfnUK/tB8Kiy6PtuWnc3tzbhX1vz1ijINtwnBOzle8SZeIq','Integrity','Client',NULL,'client','2026-01-21 11:18:22','2026-01-21 11:18:22',0,NULL,NULL,NULL,NULL),(830,'marketplace_660382@example.com',NULL,NULL,NULL,NULL,NULL,NULL,NULL,'$2b$12$PiWjiBkjv4a6sjJfcJVnt.37tkEVxcpHQ4ZWI.N6d6WBAtqO.F3Z6','Marketplace','Customer',NULL,'client','2026-01-21 11:18:22','2026-01-21 11:18:22',0,NULL,NULL,NULL,NULL),(831,'past_booking_201175@example.com',NULL,NULL,NULL,NULL,NULL,NULL,NULL,'$2b$12$6/n4XN.Cpf5.loqqYSiBkOuesmuN.MUjCzYBrE0kdqAq8bREWITlC','Past','Booking',NULL,'client','2026-01-21 11:18:23','2026-01-21 11:18:23',0,NULL,NULL,NULL,NULL),(832,'lifecycle_172421@example.com',NULL,NULL,NULL,NULL,NULL,NULL,NULL,'$2b$12$rmMankQvCPmsjA..g.jcKu8KxX1tT.w6JORhappGt.7kZOlj17PDe','Lifecycle','Test',NULL,'client','2026-01-21 11:18:23','2026-01-21 11:18:23',0,NULL,NULL,NULL,NULL),(833,'lifecycle_242870@example.com',NULL,NULL,NULL,NULL,NULL,NULL,NULL,'$2b$12$K.MjZMZFLvBItj32fzcgPeKotDJ95HsjVugyxufi2XlesFYNz5Vte','Lifecycle','Test',NULL,'client','2026-01-21 11:18:24','2026-01-21 11:18:24',0,NULL,NULL,NULL,NULL),(834,'lifecycle_257971@example.com',NULL,NULL,NULL,NULL,NULL,NULL,NULL,'$2b$12$qRZfMRV68Y/I44VQ7Y1pB.twULBXOaTtw63VliwP5t.gOPS1IM9te','Lifecycle','Test',NULL,'client','2026-01-21 11:18:24','2026-01-21 11:18:24',0,NULL,NULL,NULL,NULL),(835,'multi_service_992030@example.com',NULL,NULL,NULL,NULL,NULL,NULL,NULL,'$2b$12$IcgD5.JRIA.zowTPJIyQ.uFO5YS2ru5qq.4qr.H1CuyKlvyQXvfLO','Multi','Service',NULL,'client','2026-01-21 11:18:24','2026-01-21 11:18:24',0,NULL,NULL,NULL,NULL),(836,'lifecycle_198217@example.com',NULL,NULL,NULL,NULL,NULL,NULL,NULL,'$2b$12$CglFgI9RL4rx7pZq2JvHWO5HxZdzZXWH/fKLC/121QiCkQw1r2vfO','Lifecycle','Test',NULL,'client','2026-01-21 11:18:24','2026-01-21 11:18:24',0,NULL,NULL,NULL,NULL),(837,'client_delete_owner_71374@example.com',NULL,NULL,NULL,NULL,NULL,NULL,NULL,'$2b$12$ilzVY5EOiTA5B0W01mkYruk/wqPgXgFUH9bWoCXFHYTIK4vM998kW','Delete','Owner',NULL,'owner','2026-01-21 11:18:24','2026-01-21 11:18:24',0,NULL,NULL,NULL,NULL),(838,'client_delete_owner_185917@example.com',NULL,NULL,NULL,NULL,NULL,NULL,NULL,'$2b$12$83dc.kp8kiOVquB/T1UMpe1Mbg.At7LnzNug64JscAeU74Tw8Z0Wm','Delete','Owner',NULL,'owner','2026-01-21 11:18:25','2026-01-21 11:18:25',0,NULL,NULL,NULL,NULL),(839,'client_delete_owner_786638@example.com',NULL,NULL,NULL,NULL,NULL,NULL,NULL,'$2b$12$94C2qyvfjGPM3/0cMD9nQ..MgbVOYGf1AXM5.Z3EapqSkWiyE9DLi','Delete','Owner',NULL,'owner','2026-01-21 11:18:25','2026-01-21 11:18:25',0,NULL,NULL,NULL,NULL),(840,'multi_salon_client_624745@example.com',NULL,NULL,NULL,NULL,NULL,NULL,NULL,'$2b$12$Y4yZD9RS/WTnm1Q7sZoYg.B1yjJs3TlsRlHmrSNZ6RHmERtYpa/Q6','Multi','Salon',NULL,'client','2026-01-21 11:18:25','2026-01-21 11:18:25',0,NULL,NULL,NULL,NULL),(841,'client_delete_71374@example.com',NULL,NULL,NULL,NULL,NULL,NULL,NULL,'$2b$12$bKOwJyAH0NjDAusnjUEQEO0/bgDuKf0FaNd/mM6AbTcTC9grU6Rb.','Test','Client',NULL,'client','2026-01-21 11:18:26','2026-01-21 11:18:26',0,NULL,NULL,NULL,NULL),(842,'notes_owner_565394@example.com',NULL,NULL,NULL,NULL,NULL,NULL,NULL,'$2b$12$FY6xi0hcxELTx3.0T8.GtOIqDXeSlhTlNoQv/rznO/iTWSFVN42I2','Notes','Owner',NULL,'owner','2026-01-21 11:18:26','2026-01-21 11:18:26',0,NULL,NULL,NULL,NULL),(843,'client_delete_786638@example.com',NULL,NULL,NULL,NULL,NULL,NULL,NULL,'$2b$12$/MmN0.OESIguWSHJeUkhGelBmHADQJd.E.GYT8tJuIcOXqCoLTKZe','Test','Client',NULL,'client','2026-01-21 11:18:26','2026-01-21 11:18:26',0,NULL,NULL,NULL,NULL),(844,'client_delete_185917@example.com',NULL,NULL,NULL,NULL,NULL,NULL,NULL,'$2b$12$WW5.OE5GYfbNbP2SIrgXfeqeQql8niZBclQax41f9l5VIKykRDAs.','Test','Client',NULL,'client','2026-01-21 11:18:26','2026-01-21 11:18:26',0,NULL,NULL,NULL,NULL),(845,'notes_client_565394@example.com',NULL,NULL,NULL,NULL,NULL,NULL,NULL,'$2b$12$H9DC.ZF0zXIiqcWymUcpoevc4XG9U6tHBLxV4bBGJv6msZnbf46CS','Notes','Client',NULL,'client','2026-01-21 11:18:26','2026-01-21 11:18:26',0,NULL,NULL,NULL,NULL),(846,'integrity_owner_870995@example.com',NULL,NULL,NULL,NULL,NULL,NULL,NULL,'$2b$12$hjkVdZveJOAnY0y.aAeo9uJ.VPUMNow0ucU2xDL9PSTSO.MztQ7pi','Integrity','Owner',NULL,'owner','2026-01-21 11:18:27','2026-01-21 11:18:27',0,NULL,NULL,NULL,NULL),(847,'integrity_client_870995@example.com',NULL,NULL,NULL,NULL,NULL,NULL,NULL,'$2b$12$9xJcZLOFs5Oo9M82BxHH9OVro.6dvWrNy.friGW8KSnjiG.Vp4f.O','Integrity','Client',NULL,'client','2026-01-21 11:18:27','2026-01-21 11:18:27',0,NULL,NULL,NULL,NULL),(848,'marketplace_680825@example.com',NULL,NULL,NULL,NULL,NULL,NULL,NULL,'$2b$12$tlXNDVjt6.6Iwj3YIB5QN.IT6RM0BCFIR8ycCPgFCeN/CaXMHPtma','Marketplace','Customer',NULL,'client','2026-01-21 11:18:27','2026-01-21 11:18:27',0,NULL,NULL,NULL,NULL),(849,'past_booking_879995@example.com',NULL,NULL,NULL,NULL,NULL,NULL,NULL,'$2b$12$kDoUHuyAy8h0z5qyHs63JuDuYbjt2nkaTYPYn8WtfVO7nSyclSv8K','Past','Booking',NULL,'client','2026-01-21 11:18:28','2026-01-21 11:18:28',0,NULL,NULL,NULL,NULL),(850,'lifecycle_88092@example.com',NULL,NULL,NULL,NULL,NULL,NULL,NULL,'$2b$12$OwTAoqeDpXeDZvDc0B1vtOsHZNltNAP48AG4qXwm3Sf2TkixGYe9u','Lifecycle','Test',NULL,'client','2026-01-21 11:18:28','2026-01-21 11:18:28',0,NULL,NULL,NULL,NULL),(851,'lifecycle_76633@example.com',NULL,NULL,NULL,NULL,NULL,NULL,NULL,'$2b$12$rhwl2Zll5kB4fWIBFHX.DuqfHs9jJ5T2xJtJllScJ1jmUI.0MiPoq','Lifecycle','Test',NULL,'client','2026-01-21 11:18:29','2026-01-21 11:18:29',0,NULL,NULL,NULL,NULL),(852,'lifecycle_674289@example.com',NULL,NULL,NULL,NULL,NULL,NULL,NULL,'$2b$12$HV41d1akLRNsFbgp1MeRle62QXUjJnLjJwS83LORpG1pjYzwjg4He','Lifecycle','Test',NULL,'client','2026-01-21 11:18:29','2026-01-21 11:18:29',0,NULL,NULL,NULL,NULL),(853,'multi_service_717527@example.com',NULL,NULL,NULL,NULL,NULL,NULL,NULL,'$2b$12$8zGQiZw7n2I3oGkuWcSPNOavBRpGPVr9BbGFmVym5b.fVVvzeSxDm','Multi','Service',NULL,'client','2026-01-21 11:18:29','2026-01-21 11:18:29',0,NULL,NULL,NULL,NULL),(854,'lifecycle_367924@example.com',NULL,NULL,NULL,NULL,NULL,NULL,NULL,'$2b$12$h8Zi687JEabrvr3tagBZ0uBPGE4RDLzXERkDL3UEraojSItehlrkm','Lifecycle','Test',NULL,'client','2026-01-21 11:18:29','2026-01-21 11:18:29',0,NULL,NULL,NULL,NULL),(855,'client_delete_owner_216658@example.com',NULL,NULL,NULL,NULL,NULL,NULL,NULL,'$2b$12$2SZuIhPg21.dAtL7BvpL2u4Vrlmq6HfjumkG5djNPTqBRZOZHntPu','Delete','Owner',NULL,'owner','2026-01-21 11:18:29','2026-01-21 11:18:29',0,NULL,NULL,NULL,NULL),(856,'client_delete_216658@example.com',NULL,NULL,NULL,NULL,NULL,NULL,NULL,'$2b$12$gjtTCu8pq.87/3kEKi627O1acl82xcbj7FHSSK/YZ9bBxWLtoX7O.','Test','Client',NULL,'client','2026-01-21 11:18:30','2026-01-21 11:18:30',0,NULL,NULL,NULL,NULL),(857,'client_delete_owner_701988@example.com',NULL,NULL,NULL,NULL,NULL,NULL,NULL,'$2b$12$l8WJ5embF.0A8ls3crn5Du0kccptGFYd5QiVYbdZUFXxeULE.em9a','Delete','Owner',NULL,'owner','2026-01-21 11:18:30','2026-01-21 11:18:30',0,NULL,NULL,NULL,NULL),(858,'client_delete_owner_637503@example.com',NULL,NULL,NULL,NULL,NULL,NULL,NULL,'$2b$12$K.TA0.WLW.vWTUBXKlByOOAtu2KEnPOycuYwWjLbAb0qjpYZJZLfq','Delete','Owner',NULL,'owner','2026-01-21 11:18:30','2026-01-21 11:18:30',0,NULL,NULL,NULL,NULL),(859,'multi_salon_client_654194@example.com',NULL,NULL,NULL,NULL,NULL,NULL,NULL,'$2b$12$vqXeSyjrjx9KYwpsIeQTv.B5zxK95jWYXqycnvkn.ry31a0jQg2nW','Multi','Salon',NULL,'client','2026-01-21 11:18:31','2026-01-21 11:18:31',0,NULL,NULL,NULL,NULL),(860,'notes_owner_922753@example.com',NULL,NULL,NULL,NULL,NULL,NULL,NULL,'$2b$12$6nX84JHppBVRajReKDuQ/O5tuEZX2HY7mw9dlSw08hB6YNP/BhQO6','Notes','Owner',NULL,'owner','2026-01-21 11:18:31','2026-01-21 11:18:31',0,NULL,NULL,NULL,NULL),(861,'client_delete_701988@example.com',NULL,NULL,NULL,NULL,NULL,NULL,NULL,'$2b$12$36PbGptPIHGe0pN.Lqx0TeoJP91wCsYAgdlisawwZZdjAzop.dDGC','Test','Client',NULL,'client','2026-01-21 11:18:31','2026-01-21 11:18:31',0,NULL,NULL,NULL,NULL),(862,'client_delete_637503@example.com',NULL,NULL,NULL,NULL,NULL,NULL,NULL,'$2b$12$7H/z6yy6YUxh8rB6EdbCIeWqjN2Vp3vFeOWvap3bsmFIrx3mg0.2G','Test','Client',NULL,'client','2026-01-21 11:18:31','2026-01-21 11:18:31',0,NULL,NULL,NULL,NULL),(863,'notes_client_922753@example.com',NULL,NULL,NULL,NULL,NULL,NULL,NULL,'$2b$12$eq/MK7UEI8qv8FvSegpPj.jeZe3L2nO9K.MZKzrRo1eAou4UazHke','Notes','Client',NULL,'client','2026-01-21 11:18:31','2026-01-21 11:18:31',0,NULL,NULL,NULL,NULL),(864,'integrity_owner_152206@example.com',NULL,NULL,NULL,NULL,NULL,NULL,NULL,'$2b$12$PipS7aTjygrrnlf1.Z2pFuuRZXMa55g90VFwHEW9I2kdy6gUFPKkK','Integrity','Owner',NULL,'owner','2026-01-21 11:18:32','2026-01-21 11:18:32',0,NULL,NULL,NULL,NULL),(865,'integrity_client_152206@example.com',NULL,NULL,NULL,NULL,NULL,NULL,NULL,'$2b$12$vxYB9KVUwuH4tiGbV3duZebnocQX/nUqqSF7hEW6xRgbBHHCA8v5u','Integrity','Client',NULL,'client','2026-01-21 11:18:32','2026-01-21 11:18:32',0,NULL,NULL,NULL,NULL),(866,'marketplace_426183@example.com',NULL,NULL,NULL,NULL,NULL,NULL,NULL,'$2b$12$3lOq12bu8kS2lpyDsoDMJeW/EABXDPR.ngAER5OBmEl5crWQfEVUC','Marketplace','Customer',NULL,'client','2026-01-21 11:18:32','2026-01-21 11:18:32',0,NULL,NULL,NULL,NULL),(867,'past_booking_740064@example.com',NULL,NULL,NULL,NULL,NULL,NULL,NULL,'$2b$12$ghS.FIKTKSc3oEZUFTjGq.nIniQd0fszLnWJcuP4Maoyx2.7tgrxq','Past','Booking',NULL,'client','2026-01-21 11:18:33','2026-01-21 11:18:33',0,NULL,NULL,NULL,NULL),(868,'lifecycle_815304@example.com',NULL,NULL,NULL,NULL,NULL,NULL,NULL,'$2b$12$UxeRv4jQybnmy73s/ADUI.uLl8tTKSuaW8ZLQYWVtd.vXCDleY8cu','Lifecycle','Test',NULL,'client','2026-01-21 11:18:33','2026-01-21 11:18:33',0,NULL,NULL,NULL,NULL),(869,'lifecycle_81227@example.com',NULL,NULL,NULL,NULL,NULL,NULL,NULL,'$2b$12$WqsDkkUcC7StrH1a5CJ7yuE8JUkbC5/QjcjC4zDF006KgT1PRMC5e','Lifecycle','Test',NULL,'client','2026-01-21 11:18:34','2026-01-21 11:18:34',0,NULL,NULL,NULL,NULL),(870,'lifecycle_198481@example.com',NULL,NULL,NULL,NULL,NULL,NULL,NULL,'$2b$12$XNehFIEgaEcqENyPxs3WLOuy6FTConJxiZPlEL7kiLdvX2gvQy2s.','Lifecycle','Test',NULL,'client','2026-01-21 11:18:34','2026-01-21 11:18:34',0,NULL,NULL,NULL,NULL),(871,'lifecycle_601736@example.com',NULL,NULL,NULL,NULL,NULL,NULL,NULL,'$2b$12$InptKgsLF3ZX7XDuw1tgtuskluZXjQZ73e7hB9GagOZpBPZ4AC4P2','Lifecycle','Test',NULL,'client','2026-01-21 11:18:34','2026-01-21 11:18:34',0,NULL,NULL,NULL,NULL),(872,'multi_service_478813@example.com',NULL,NULL,NULL,NULL,NULL,NULL,NULL,'$2b$12$Mt/ac09phBLZ2bDW85S06ez0ysl3FbYeYy9KRnln0LjfQMO.z.Kda','Multi','Service',NULL,'client','2026-01-21 11:18:34','2026-01-21 11:18:34',0,NULL,NULL,NULL,NULL),(873,'client_delete_owner_778661@example.com',NULL,NULL,NULL,NULL,NULL,NULL,NULL,'$2b$12$YqirebIqw1WjZ0Kr6KnAouj0Xuc9dmec5wDGaO6uedahsELYO8oOa','Delete','Owner',NULL,'owner','2026-01-21 11:18:35','2026-01-21 11:18:35',0,NULL,NULL,NULL,NULL),(874,'client_delete_owner_152443@example.com',NULL,NULL,NULL,NULL,NULL,NULL,NULL,'$2b$12$ksYgTLT65lAbul6bkIMR/.DN4.KLPTcVUarsaRXZ9TM2Xc/jkaUDq','Delete','Owner',NULL,'owner','2026-01-21 11:18:35','2026-01-21 11:18:35',0,NULL,NULL,NULL,NULL),(875,'client_delete_owner_878316@example.com',NULL,NULL,NULL,NULL,NULL,NULL,NULL,'$2b$12$t8TY3PAac6RFWEcVfcvyC.oLWQ9FmNuCppQe7Qt6vnZmX5moQtd0.','Delete','Owner',NULL,'owner','2026-01-21 11:18:35','2026-01-21 11:18:35',0,NULL,NULL,NULL,NULL),(876,'multi_salon_client_415816@example.com',NULL,NULL,NULL,NULL,NULL,NULL,NULL,'$2b$12$WN/Gmk3dV5uZ9GqcQpTFgeHnpEtVViUxo75Sbz3hSnWoV57D30r.S','Multi','Salon',NULL,'client','2026-01-21 11:18:36','2026-01-21 11:18:36',0,NULL,NULL,NULL,NULL),(877,'client_delete_778661@example.com',NULL,NULL,NULL,NULL,NULL,NULL,NULL,'$2b$12$28BwAJ5R2IHjGpj27HaYK.tTzsloevomhiyMpRSDWz01j4TI/6Q.q','Test','Client',NULL,'client','2026-01-21 11:18:36','2026-01-21 11:18:36',0,NULL,NULL,NULL,NULL),(878,'client_delete_152443@example.com',NULL,NULL,NULL,NULL,NULL,NULL,NULL,'$2b$12$D4aiWdEzABSS9L7GzB3k8OHwzz3OAXcYke.iQS9pg1eJUII1OVPlG','Test','Client',NULL,'client','2026-01-21 11:18:36','2026-01-21 11:18:36',0,NULL,NULL,NULL,NULL),(879,'notes_owner_915106@example.com',NULL,NULL,NULL,NULL,NULL,NULL,NULL,'$2b$12$n19Hzb0QQY7kV.o8rVM/QO7lfM19WGFXToCBJJajwihOPOtfmLxd6','Notes','Owner',NULL,'owner','2026-01-21 11:18:36','2026-01-21 11:18:36',0,NULL,NULL,NULL,NULL),(880,'client_delete_878316@example.com',NULL,NULL,NULL,NULL,NULL,NULL,NULL,'$2b$12$48IPulQJAGlLWkwXS0E2P.v2dfhAVPkYxGNYZ9RdEMguuNogVXZiu','Test','Client',NULL,'client','2026-01-21 11:18:36','2026-01-21 11:18:36',0,NULL,NULL,NULL,NULL),(881,'notes_client_915106@example.com',NULL,NULL,NULL,NULL,NULL,NULL,NULL,'$2b$12$b/sMnLUBfuaDBPM7Jm1Iyu//FrktbEnEQvuBims5b4sGGKasNsBLq','Notes','Client',NULL,'client','2026-01-21 11:18:36','2026-01-21 11:18:36',0,NULL,NULL,NULL,NULL),(882,'integrity_owner_863632@example.com',NULL,NULL,NULL,NULL,NULL,NULL,NULL,'$2b$12$rqYKZ8nOitU7YpWns3YKaeALMNPmK4IlzwNltBt9/scHHsCQVkdge','Integrity','Owner',NULL,'owner','2026-01-21 11:18:37','2026-01-21 11:18:37',0,NULL,NULL,NULL,NULL),(883,'integrity_client_863632@example.com',NULL,NULL,NULL,NULL,NULL,NULL,NULL,'$2b$12$.zx7etnlgWkrKatZKKUTNe9brgYIGmdeA5Q7AnlYfC9sRhXpbbI76','Integrity','Client',NULL,'client','2026-01-21 11:18:37','2026-01-21 11:18:37',0,NULL,NULL,NULL,NULL),(884,'marketplace_769517@example.com',NULL,NULL,NULL,NULL,NULL,NULL,NULL,'$2b$12$PFzcvi4jVjjFAsQDeFf4f.ZANZI4N1XTIdStmUIuioqRHIx3qx5Bu','Marketplace','Customer',NULL,'client','2026-01-21 11:18:37','2026-01-21 11:18:37',0,NULL,NULL,NULL,NULL),(885,'past_booking_872222@example.com',NULL,NULL,NULL,NULL,NULL,NULL,NULL,'$2b$12$gIiLdzvejnR9c8kxIUFW6.M4xatDJf589NytPFFGunNA/2hchO8su','Past','Booking',NULL,'client','2026-01-21 11:18:38','2026-01-21 11:18:38',0,NULL,NULL,NULL,NULL),(886,'lifecycle_792240@example.com',NULL,NULL,NULL,NULL,NULL,NULL,NULL,'$2b$12$UN8Dcwec7vt3MvGdMS5SIOI3tArh4eYb6WMAABxpQScD/lzWUvGzC','Lifecycle','Test',NULL,'client','2026-01-21 11:18:39','2026-01-21 11:18:39',0,NULL,NULL,NULL,NULL),(887,'lifecycle_781614@example.com',NULL,NULL,NULL,NULL,NULL,NULL,NULL,'$2b$12$kauzKP4j0yyk0MvmCnqP3.r/1sTRM5b.vi2q4V6Z2bNRj.NuXJ7aG','Lifecycle','Test',NULL,'client','2026-01-21 11:18:39','2026-01-21 11:18:39',0,NULL,NULL,NULL,NULL),(888,'lifecycle_384851@example.com',NULL,NULL,NULL,NULL,NULL,NULL,NULL,'$2b$12$z9jvGwD/9eBKln.ejCipbOQy3FZf34pMe7.wMoCyvlF59eEgc5Kbi','Lifecycle','Test',NULL,'client','2026-01-21 11:18:39','2026-01-21 11:18:39',0,NULL,NULL,NULL,NULL),(889,'multi_service_165926@example.com',NULL,NULL,NULL,NULL,NULL,NULL,NULL,'$2b$12$rEEmgEYUJHFDWYleSNng1e8rom7lbVOSrF7Zo44pnGbvSOcAv/znm','Multi','Service',NULL,'client','2026-01-21 11:18:40','2026-01-21 11:18:40',0,NULL,NULL,NULL,NULL),(890,'lifecycle_248219@example.com',NULL,NULL,NULL,NULL,NULL,NULL,NULL,'$2b$12$SPlOYKe3cBqygSB.3CcRIONR5tIwID5aG03cFy.pJsUAwdeoHTz4O','Lifecycle','Test',NULL,'client','2026-01-21 11:18:40','2026-01-21 11:18:40',0,NULL,NULL,NULL,NULL),(891,'client_delete_owner_775250@example.com',NULL,NULL,NULL,NULL,NULL,NULL,NULL,'$2b$12$l/Ky9gGpxuUXHY7Bs6ssmOk3/hnve.mg4x/JQ1WUrRzh5Z/Feh4wi','Delete','Owner',NULL,'owner','2026-01-21 11:18:40','2026-01-21 11:18:40',0,NULL,NULL,NULL,NULL),(892,'client_delete_owner_24979@example.com',NULL,NULL,NULL,NULL,NULL,NULL,NULL,'$2b$12$sfb0WWgkP8tnpoxthiK3yOtXy65wdDuTp5Hmx4gPh2Eclbu8taLdC','Delete','Owner',NULL,'owner','2026-01-21 11:18:41','2026-01-21 11:18:41',0,NULL,NULL,NULL,NULL),(893,'client_delete_owner_322115@example.com',NULL,NULL,NULL,NULL,NULL,NULL,NULL,'$2b$12$0627s3BppcZQW4qcB/Gl0esEOIcL1YOiViGBoVKUEvKStF0e6QKmW','Delete','Owner',NULL,'owner','2026-01-21 11:18:41','2026-01-21 11:18:41',0,NULL,NULL,NULL,NULL),(894,'multi_salon_client_473910@example.com',NULL,NULL,NULL,NULL,NULL,NULL,NULL,'$2b$12$oeC.yQWoid6m50aEO2fa3OLAhD9IZoID3rqgcA8zl7GObKLpwgDZu','Multi','Salon',NULL,'client','2026-01-21 11:18:41','2026-01-21 11:18:41',0,NULL,NULL,NULL,NULL),(895,'client_delete_775250@example.com',NULL,NULL,NULL,NULL,NULL,NULL,NULL,'$2b$12$8aXRYADnQafSDXqc4CsJNOUWbSCAeoC73/CLduPBbOGOsSRpxwwle','Test','Client',NULL,'client','2026-01-21 11:18:41','2026-01-21 11:18:41',0,NULL,NULL,NULL,NULL),(896,'notes_owner_558267@example.com',NULL,NULL,NULL,NULL,NULL,NULL,NULL,'$2b$12$LL6r0FQNhH6pOimfNnCnIe47gxYBNYPmlJJGM7ifUBUXuHCbpai66','Notes','Owner',NULL,'owner','2026-01-21 11:18:41','2026-01-21 11:18:41',0,NULL,NULL,NULL,NULL),(897,'client_delete_322115@example.com',NULL,NULL,NULL,NULL,NULL,NULL,NULL,'$2b$12$m34XACpY2rBtNJZ1CR5X4OBtENTLn7O2etyeBD9cHAJBdLr8KFjCO','Test','Client',NULL,'client','2026-01-21 11:18:42','2026-01-21 11:18:42',0,NULL,NULL,NULL,NULL),(898,'client_delete_24979@example.com',NULL,NULL,NULL,NULL,NULL,NULL,NULL,'$2b$12$mW9T0.xQf1HHs4bgQ3BqN.exArK/cl6R9E8ISnT4LJAgV5R32PYte','Test','Client',NULL,'client','2026-01-21 11:18:42','2026-01-21 11:18:42',0,NULL,NULL,NULL,NULL),(899,'notes_client_558267@example.com',NULL,NULL,NULL,NULL,NULL,NULL,NULL,'$2b$12$e/KYKZPZ3FlGdC8kTVz5VOWdOOB77eJdJ96KOght4zSFOfv.se9.6','Notes','Client',NULL,'client','2026-01-21 11:18:42','2026-01-21 11:18:42',0,NULL,NULL,NULL,NULL),(900,'integrity_owner_62766@example.com',NULL,NULL,NULL,NULL,NULL,NULL,NULL,'$2b$12$6CEC5CLtU7oLDNeGm3f1sewl/UyLrTGfcAMgpDsV1TIa83HTeXYB6','Integrity','Owner',NULL,'owner','2026-01-21 11:18:42','2026-01-21 11:18:42',0,NULL,NULL,NULL,NULL),(901,'integrity_client_62766@example.com',NULL,NULL,NULL,NULL,NULL,NULL,NULL,'$2b$12$slHO/OCs2NEqQlNIzbpuJ.GdKJIidPmgWH90J29Y2Rfe0jzwPFz.m','Integrity','Client',NULL,'client','2026-01-21 11:18:43','2026-01-21 11:18:43',0,NULL,NULL,NULL,NULL),(902,'marketplace_370366@example.com',NULL,NULL,NULL,NULL,NULL,NULL,NULL,'$2b$12$RuZ.4sUQeoLZfQ.KVyhc1Oh.K9ucvA7unL/l6clxLtxUCEgKvrZwa','Marketplace','Customer',NULL,'client','2026-01-21 11:18:43','2026-01-21 11:18:43',0,NULL,NULL,NULL,NULL),(903,'past_booking_598109@example.com',NULL,NULL,NULL,NULL,NULL,NULL,NULL,'$2b$12$JfbDjbUDSvP93wHA0NNQhOWP7ViAO09EP50PmdqmN0jhYROQMR0T.','Past','Booking',NULL,'client','2026-01-21 11:18:43','2026-01-21 11:18:43',0,NULL,NULL,NULL,NULL),(904,'multi_service_368783@example.com',NULL,NULL,NULL,NULL,NULL,NULL,NULL,'$2b$12$3RjBJT.74rX/vpnWcBb05uuf6SnHWkUFPvZloweEqxSWyE0WoPbr.','Multi','Service',NULL,'client','2026-01-21 11:23:01','2026-01-21 11:23:01',0,NULL,NULL,NULL,NULL),(905,'lifecycle_687811@example.com',NULL,NULL,NULL,NULL,NULL,NULL,NULL,'$2b$12$CoLY8pQI9hM9dSHBwV4um.YZCeTR8oL1aN4ePSysfNvzOWijVdCXW','Lifecycle','Test',NULL,'client','2026-01-21 11:23:01','2026-01-21 11:23:01',0,NULL,NULL,NULL,NULL),(906,'lifecycle_558172@example.com',NULL,NULL,NULL,NULL,NULL,NULL,NULL,'$2b$12$fLNXJNeEIVoyp6r9EBvFiuF.ybc9qLyR2jVlBg9CCi.JWHlbb4a6G','Lifecycle','Test',NULL,'client','2026-01-21 11:23:01','2026-01-21 11:23:01',0,NULL,NULL,NULL,NULL),(907,'lifecycle_682388@example.com',NULL,NULL,NULL,NULL,NULL,NULL,NULL,'$2b$12$7AAxwXwaW9u/U1Kj3gNIUu7hcCdQyn6.tMyd4fsmQYPZ5xciP1PVq','Lifecycle','Test',NULL,'client','2026-01-21 11:23:01','2026-01-21 11:23:01',0,NULL,NULL,NULL,NULL),(908,'lifecycle_172794@example.com',NULL,NULL,NULL,NULL,NULL,NULL,NULL,'$2b$12$0WCO9lUj0n0Gk7SpgPMKs.ewYFvAr8/M1U7s1FH2V93fPbeLnJgGu','Lifecycle','Test',NULL,'client','2026-01-21 11:23:01','2026-01-21 11:23:01',0,NULL,NULL,NULL,NULL),(909,'client_delete_owner_595604@example.com',NULL,NULL,NULL,NULL,NULL,NULL,NULL,'$2b$12$bG7MudAlF6PccU3ovTi6Uuszoo1lkXv7wwl4Up1CX42hGi9trdDFC','Delete','Owner',NULL,'owner','2026-01-21 11:23:02','2026-01-21 11:23:02',0,NULL,NULL,NULL,NULL),(910,'client_delete_owner_369681@example.com',NULL,NULL,NULL,NULL,NULL,NULL,NULL,'$2b$12$RAuGoyFCqLkqceKbWT7.aeDhTYYyHYyQ7OICObxLUDAUpzyNvxGVi','Delete','Owner',NULL,'owner','2026-01-21 11:23:02','2026-01-21 11:23:02',0,NULL,NULL,NULL,NULL),(911,'client_delete_595604@example.com',NULL,NULL,NULL,NULL,NULL,NULL,NULL,'$2b$12$AeY79U0Fu7tXVoukr1k09uQ/dHgKOUtFDODXdFlOgIMrukcvPw0Xm','Test','Client',NULL,'client','2026-01-21 11:23:03','2026-01-21 11:23:03',0,NULL,NULL,NULL,NULL),(912,'multi_salon_client_841616@example.com',NULL,NULL,NULL,NULL,NULL,NULL,NULL,'$2b$12$G2tl1wKBYoTujpxxXCBrKe9tZbljsIg3iJVHCQLMDyXzrNU3JnmW6','Multi','Salon',NULL,'client','2026-01-21 11:23:03','2026-01-21 11:23:03',0,NULL,NULL,NULL,NULL),(913,'client_delete_owner_524389@example.com',NULL,NULL,NULL,NULL,NULL,NULL,NULL,'$2b$12$y/5FL916scCh.O8QVIg/dOoKI7hnT37R2tWLznPiRwlzcRqlsTAPS','Delete','Owner',NULL,'owner','2026-01-21 11:23:03','2026-01-21 11:23:03',0,NULL,NULL,NULL,NULL),(914,'client_delete_369681@example.com',NULL,NULL,NULL,NULL,NULL,NULL,NULL,'$2b$12$Damso7KgMaIK1RWmvaGu5.4rosuaEZQNuXopDWAhvcrhYivm4UTp6','Test','Client',NULL,'client','2026-01-21 11:23:03','2026-01-21 11:23:03',0,NULL,NULL,NULL,NULL),(915,'notes_owner_322502@example.com',NULL,NULL,NULL,NULL,NULL,NULL,NULL,'$2b$12$0FkhGy6G6dLA971b5XUsIuWt.O3XbkCZW2MlZeDEVnSf4CUn0c2ke','Notes','Owner',NULL,'owner','2026-01-21 11:23:03','2026-01-21 11:23:03',0,NULL,NULL,NULL,NULL),(916,'client_delete_524389@example.com',NULL,NULL,NULL,NULL,NULL,NULL,NULL,'$2b$12$j4QfMkxxlLZbLfi1SNc9q.p9ttKVNsSv/RbJ9S2NgUifEiw87fCwm','Test','Client',NULL,'client','2026-01-21 11:23:04','2026-01-21 11:23:04',0,NULL,NULL,NULL,NULL),(917,'notes_client_322502@example.com',NULL,NULL,NULL,NULL,NULL,NULL,NULL,'$2b$12$gkrgtT/UuHRr1a1NEU4DLeXb1E6MIngNlS/2nsvX1ji72Y9mZ6r3i','Notes','Client',NULL,'client','2026-01-21 11:23:04','2026-01-21 11:23:04',0,NULL,NULL,NULL,NULL),(918,'integrity_owner_962621@example.com',NULL,NULL,NULL,NULL,NULL,NULL,NULL,'$2b$12$0kTMceBF49X3PEI1FoVzJOS5qu5KEVH3OgCG3JoBWTMUbKsYDpulq','Integrity','Owner',NULL,'owner','2026-01-21 11:23:05','2026-01-21 11:23:05',0,NULL,NULL,NULL,NULL),(919,'integrity_client_962621@example.com',NULL,NULL,NULL,NULL,NULL,NULL,NULL,'$2b$12$dbrX9uCPsgvq7bdAmWPuyu0CwIgpDbYJLqlD1Qw24Hn/C5QYZiBFO','Integrity','Client',NULL,'client','2026-01-21 11:23:05','2026-01-21 11:23:05',0,NULL,NULL,NULL,NULL),(920,'past_booking_971865@example.com',NULL,NULL,NULL,NULL,NULL,NULL,NULL,'$2b$12$z6zRBpIxuut35OXDOmBPR.UNhraf3XWs2SAI6IeWSaHob8QzEkmCq','Past','Booking',NULL,'client','2026-01-21 11:23:05','2026-01-21 11:23:05',0,NULL,NULL,NULL,NULL),(921,'lifecycle_998345@example.com',NULL,NULL,NULL,NULL,NULL,NULL,NULL,'$2b$12$Z8a8.Pa1gKqB3yEeG0EQBuTon2Y/X9wD5rP2l7nMXBegCedtbZ2VK','Lifecycle','Test',NULL,'client','2026-01-21 11:23:07','2026-01-21 11:23:07',0,NULL,NULL,NULL,NULL),(922,'lifecycle_552132@example.com',NULL,NULL,NULL,NULL,NULL,NULL,NULL,'$2b$12$WUYZ4/FmZ/ntqZhl8BQYaeu5PZXZSDagAfhxASd0iMPvEy.DEHoWu','Lifecycle','Test',NULL,'client','2026-01-21 11:23:08','2026-01-21 11:23:08',0,NULL,NULL,NULL,NULL),(923,'lifecycle_332008@example.com',NULL,NULL,NULL,NULL,NULL,NULL,NULL,'$2b$12$gEtWKfzhKUTlfXjBormRYOoABqJlkIPNtMiMvdQVSgXktotfPeP9e','Lifecycle','Test',NULL,'client','2026-01-21 11:23:08','2026-01-21 11:23:08',0,NULL,NULL,NULL,NULL),(924,'client_delete_owner_44274@example.com',NULL,NULL,NULL,NULL,NULL,NULL,NULL,'$2b$12$uHbC8eXPOxLF4GgeST8Qa.5CTPJBxTR.khnGbyacqKp3EgBKU41M2','Delete','Owner',NULL,'owner','2026-01-21 11:23:08','2026-01-21 11:23:08',0,NULL,NULL,NULL,NULL),(925,'client_delete_owner_429732@example.com',NULL,NULL,NULL,NULL,NULL,NULL,NULL,'$2b$12$aZtZbJ/bay7E3WDrm5b9jueUrMY0aCzheRYJnaiEouRLmeQbofGxe','Delete','Owner',NULL,'owner','2026-01-21 11:23:08','2026-01-21 11:23:08',0,NULL,NULL,NULL,NULL),(926,'client_delete_44274@example.com',NULL,NULL,NULL,NULL,NULL,NULL,NULL,'$2b$12$5M.x5Jr/hcXlVqjsL7DETOKLgkicayXteXwA1uRb9eyNakJ8Mi7ju','Test','Client',NULL,'client','2026-01-21 11:23:09','2026-01-21 11:23:09',0,NULL,NULL,NULL,NULL),(927,'lifecycle_606875@example.com',NULL,NULL,NULL,NULL,NULL,NULL,NULL,'$2b$12$5hTK5rz//7lGduU83Pt/NOT9lcRUpTvo/2t9U.XfiivjjGleqIFqG','Lifecycle','Test',NULL,'client','2026-01-21 11:23:09','2026-01-21 11:23:09',0,NULL,NULL,NULL,NULL),(928,'multi_service_997273@example.com',NULL,NULL,NULL,NULL,NULL,NULL,NULL,'$2b$12$r329JtxekLYU.1g8j07U8.dPtt7EG9np53.wikTg5wiyMW6NEeRk6','Multi','Service',NULL,'client','2026-01-21 11:23:09','2026-01-21 11:23:09',0,NULL,NULL,NULL,NULL),(929,'client_delete_429732@example.com',NULL,NULL,NULL,NULL,NULL,NULL,NULL,'$2b$12$pRsVZPxm10sjOuLyKgUCxeGnQzkbRN7MGURSbPMFxbovXPZyyk7h6','Test','Client',NULL,'client','2026-01-21 11:23:09','2026-01-21 11:23:09',0,NULL,NULL,NULL,NULL),(930,'client_delete_owner_244790@example.com',NULL,NULL,NULL,NULL,NULL,NULL,NULL,'$2b$12$kfzDxoPh/Y2ldhPucB08ou0OnQi/DcPgyMCs26bw/r8Aqq4FHs79i','Delete','Owner',NULL,'owner','2026-01-21 11:23:09','2026-01-21 11:23:09',0,NULL,NULL,NULL,NULL),(931,'client_delete_244790@example.com',NULL,NULL,NULL,NULL,NULL,NULL,NULL,'$2b$12$YrKrZ3NN2ryBHsxNLe45HOYxl/4ZhMJSQABNCbaPY93RyEFXywQti','Test','Client',NULL,'client','2026-01-21 11:23:10','2026-01-21 11:23:10',0,NULL,NULL,NULL,NULL),(932,'multi_salon_client_937296@example.com',NULL,NULL,NULL,NULL,NULL,NULL,NULL,'$2b$12$SEHXF5mtDM.n77HvjnEaqeKGEXs9tpbSuV6WgYgM32l2RxVCjqEZu','Multi','Salon',NULL,'client','2026-01-21 11:23:10','2026-01-21 11:23:10',0,NULL,NULL,NULL,NULL),(933,'notes_owner_29826@example.com',NULL,NULL,NULL,NULL,NULL,NULL,NULL,'$2b$12$FepCgGBQJJ5VA2wNowvv/ubHkB0fZyI3ZT4vbSHuQh9Mciejjh8qy','Notes','Owner',NULL,'owner','2026-01-21 11:23:10','2026-01-21 11:23:10',0,NULL,NULL,NULL,NULL),(934,'integrity_owner_786930@example.com',NULL,NULL,NULL,NULL,NULL,NULL,NULL,'$2b$12$GQU0x5Z4.Lnbi9NbHqusMeuF8CcP7tmW1nV67hw0J9m9S05W5kd1K','Integrity','Owner',NULL,'owner','2026-01-21 11:23:11','2026-01-21 11:23:11',0,NULL,NULL,NULL,NULL),(935,'notes_client_29826@example.com',NULL,NULL,NULL,NULL,NULL,NULL,NULL,'$2b$12$VM82v3wv6pYgP0XQc07oEOl1/ayH2HE5hCWQRtwYPv8FOfEWmarrq','Notes','Client',NULL,'client','2026-01-21 11:23:11','2026-01-21 11:23:11',0,NULL,NULL,NULL,NULL),(936,'integrity_client_786930@example.com',NULL,NULL,NULL,NULL,NULL,NULL,NULL,'$2b$12$VTTTUD6/Qk9KhLR0xDaXA.LexrlaVwFiX2muHrioSAvCftGXoJsRW','Integrity','Client',NULL,'client','2026-01-21 11:23:11','2026-01-21 11:23:11',0,NULL,NULL,NULL,NULL),(937,'past_booking_355641@example.com',NULL,NULL,NULL,NULL,NULL,NULL,NULL,'$2b$12$MKJfx.HWxUL7vdwEbK969.UoeKlKkoeL7aiiiWgWCRPKrfiFbzHke','Past','Booking',NULL,'client','2026-01-21 11:23:12','2026-01-21 11:23:12',0,NULL,NULL,NULL,NULL),(938,'lifecycle_733703@example.com',NULL,NULL,NULL,NULL,NULL,NULL,NULL,'$2b$12$oIR63FWpDoJb200PwoHNre0/bGCKAZEAbIPz9hQvoYPGy49PI3jH6','Lifecycle','Test',NULL,'client','2026-01-21 11:23:13','2026-01-21 11:23:13',0,NULL,NULL,NULL,NULL),(939,'lifecycle_713058@example.com',NULL,NULL,NULL,NULL,NULL,NULL,NULL,'$2b$12$8ZehPeaqKsRMl2NTMS1MW.mAd2wUBWqmtV/ohEzKTaHk67v/AdfTO','Lifecycle','Test',NULL,'client','2026-01-21 11:23:13','2026-01-21 11:23:13',0,NULL,NULL,NULL,NULL),(940,'lifecycle_664765@example.com',NULL,NULL,NULL,NULL,NULL,NULL,NULL,'$2b$12$hdrhgVSKSRe06EaTY5IvketN.moOq2d/l3R9h1I.zW1lU0y00JWbi','Lifecycle','Test',NULL,'client','2026-01-21 11:23:14','2026-01-21 11:23:14',0,NULL,NULL,NULL,NULL),(941,'client_delete_owner_130006@example.com',NULL,NULL,NULL,NULL,NULL,NULL,NULL,'$2b$12$qJuqWvnyBseMN3rrD80p0.lZwqH.RfmjVEKMWxg1FvkRFbxL63Ena','Delete','Owner',NULL,'owner','2026-01-21 11:23:14','2026-01-21 11:23:14',0,NULL,NULL,NULL,NULL),(942,'client_delete_owner_838676@example.com',NULL,NULL,NULL,NULL,NULL,NULL,NULL,'$2b$12$cItN/JhT2UsmBgpFZy48BOi9MwwkqD5htcMhUJJiiD3ESN1aSFY6a','Delete','Owner',NULL,'owner','2026-01-21 11:23:14','2026-01-21 11:23:14',0,NULL,NULL,NULL,NULL),(943,'lifecycle_833936@example.com',NULL,NULL,NULL,NULL,NULL,NULL,NULL,'$2b$12$eQyulPiKMMKDJQP1k8GXLuppgIem79x2uEZIE49jrxwLsKtRJJZcW','Lifecycle','Test',NULL,'client','2026-01-21 11:23:15','2026-01-21 11:23:15',0,NULL,NULL,NULL,NULL),(944,'multi_service_765005@example.com',NULL,NULL,NULL,NULL,NULL,NULL,NULL,'$2b$12$X/LTbE0m2HhMCG2B1TifeuZYveQ5CcG.BTnzEHeUr2A7/1CQfZcP6','Multi','Service',NULL,'client','2026-01-21 11:23:15','2026-01-21 11:23:15',0,NULL,NULL,NULL,NULL),(945,'client_delete_owner_348272@example.com',NULL,NULL,NULL,NULL,NULL,NULL,NULL,'$2b$12$FahwC8s588zV4kbwEF3MSOUQ6ZZutQIEsBwacXoowsfpf7nX52lQ2','Delete','Owner',NULL,'owner','2026-01-21 11:23:15','2026-01-21 11:23:15',0,NULL,NULL,NULL,NULL),(946,'client_delete_130006@example.com',NULL,NULL,NULL,NULL,NULL,NULL,NULL,'$2b$12$RZ0bdOxSSzX2rtZSKtFiPu/LOtZmTYelT3yAyU3bOEBzwdoFAtgQG','Test','Client',NULL,'client','2026-01-21 11:23:15','2026-01-21 11:23:15',0,NULL,NULL,NULL,NULL),(947,'client_delete_838676@example.com',NULL,NULL,NULL,NULL,NULL,NULL,NULL,'$2b$12$PkkVH9ynoP.NCs2WD3Ma3.j7.igql5mzVCHevjOa2RD07MiSpR5Ba','Test','Client',NULL,'client','2026-01-21 11:23:15','2026-01-21 11:23:15',0,NULL,NULL,NULL,NULL),(948,'client_delete_348272@example.com',NULL,NULL,NULL,NULL,NULL,NULL,NULL,'$2b$12$z5tx7GAOu7agUoXSRHd7g.5QnE2OMFTctb3HLWRo8SQLZUPEnYbWK','Test','Client',NULL,'client','2026-01-21 11:23:16','2026-01-21 11:23:16',0,NULL,NULL,NULL,NULL),(949,'integrity_owner_398619@example.com',NULL,NULL,NULL,NULL,NULL,NULL,NULL,'$2b$12$izJllVqMlIJUVr0/SQWE1OWaBputX/es3iU5SZmbCQ8R6aFqlrQDK','Integrity','Owner',NULL,'owner','2026-01-21 11:23:16','2026-01-21 11:23:16',0,NULL,NULL,NULL,NULL),(950,'multi_salon_client_42107@example.com',NULL,NULL,NULL,NULL,NULL,NULL,NULL,'$2b$12$FJYzCoLEo4WP76BjIRvgY.mN4GgqP7KElvBnn2kQ1CsdkhwyWr1fC','Multi','Salon',NULL,'client','2026-01-21 11:23:16','2026-01-21 11:23:16',0,NULL,NULL,NULL,NULL),(951,'notes_owner_394081@example.com',NULL,NULL,NULL,NULL,NULL,NULL,NULL,'$2b$12$eW74U2RB9kJ5a.PflpL4N.9aEgCdxRKxk7DcLOndU0OAEGIZiSXfS','Notes','Owner',NULL,'owner','2026-01-21 11:23:17','2026-01-21 11:23:17',0,NULL,NULL,NULL,NULL),(952,'integrity_client_398619@example.com',NULL,NULL,NULL,NULL,NULL,NULL,NULL,'$2b$12$pxNqy.CTu1sc.HDZGOx3W.DfRwb764iT.jRd.ICGILCbSzFlAvnFe','Integrity','Client',NULL,'client','2026-01-21 11:23:17','2026-01-21 11:23:17',0,NULL,NULL,NULL,NULL),(953,'notes_client_394081@example.com',NULL,NULL,NULL,NULL,NULL,NULL,NULL,'$2b$12$4VrkuaC0FHzCMjQ6CRvo3OLY2juGI9wwOYtI4nxH46/6flIz8At8e','Notes','Client',NULL,'client','2026-01-21 11:23:17','2026-01-21 11:23:17',0,NULL,NULL,NULL,NULL),(954,'past_booking_931784@example.com',NULL,NULL,NULL,NULL,NULL,NULL,NULL,'$2b$12$mKnJuQoo2XtW9vRKziCvC.rpv3uUNtAjDoh4fo6QzurnCzKzWTrAC','Past','Booking',NULL,'client','2026-01-21 11:23:17','2026-01-21 11:23:17',0,NULL,NULL,NULL,NULL),(955,'lifecycle_33801@example.com',NULL,NULL,NULL,NULL,NULL,NULL,NULL,'$2b$12$5uN6UWzGkJiFyl4U/yngX.4zI4lQ.oXGbZOp42B9vXjSL3BydprTe','Lifecycle','Test',NULL,'client','2026-01-21 11:23:19','2026-01-21 11:23:19',0,NULL,NULL,NULL,NULL),(956,'lifecycle_432747@example.com',NULL,NULL,NULL,NULL,NULL,NULL,NULL,'$2b$12$GhkYAXEqRYyKTEpmWgs/5u9Ud5T6BNwPZnBMDUcU7gxCJQfR7N9Vi','Lifecycle','Test',NULL,'client','2026-01-21 11:23:19','2026-01-21 11:23:19',0,NULL,NULL,NULL,NULL),(957,'lifecycle_750613@example.com',NULL,NULL,NULL,NULL,NULL,NULL,NULL,'$2b$12$DLKy4SQtAll.fytMi6tHTuWET/utS6/ZV/ZMOme694LZ2iTjuD8H.','Lifecycle','Test',NULL,'client','2026-01-21 11:23:19','2026-01-21 11:23:19',0,NULL,NULL,NULL,NULL),(958,'lifecycle_139248@example.com',NULL,NULL,NULL,NULL,NULL,NULL,NULL,'$2b$12$nVNEQlLONDJgJVzSBOJ15ue64IUMCqIFhtbZ.CTwbhoGm3tTdHTNK','Lifecycle','Test',NULL,'client','2026-01-21 11:23:20','2026-01-21 11:23:20',0,NULL,NULL,NULL,NULL),(959,'client_delete_owner_251790@example.com',NULL,NULL,NULL,NULL,NULL,NULL,NULL,'$2b$12$nEt7nlEKMYsMeajIxDA5C.0yMPyunOuM2ojx08g3ArI9gpALMXNI2','Delete','Owner',NULL,'owner','2026-01-21 11:23:20','2026-01-21 11:23:20',0,NULL,NULL,NULL,NULL),(960,'client_delete_owner_358749@example.com',NULL,NULL,NULL,NULL,NULL,NULL,NULL,'$2b$12$keuAQYvleLa/d5rNKAop9OpEnPxJiiVPx2t0CnJbpKKoTLcTOzz5u','Delete','Owner',NULL,'owner','2026-01-21 11:23:20','2026-01-21 11:23:20',0,NULL,NULL,NULL,NULL),(961,'multi_service_564694@example.com',NULL,NULL,NULL,NULL,NULL,NULL,NULL,'$2b$12$Xy4AjKJjzgbjO5IA4Qqnxu.7IA2Sx2beLNbMHhN9WFGVElDvSU5oW','Multi','Service',NULL,'client','2026-01-21 11:23:21','2026-01-21 11:23:21',0,NULL,NULL,NULL,NULL),(962,'client_delete_251790@example.com',NULL,NULL,NULL,NULL,NULL,NULL,NULL,'$2b$12$8sLUj9iQSkNhtcOUo8gGHeO5qrrFRxGH4wF1Q/bwvA5EOD6o8u.rm','Test','Client',NULL,'client','2026-01-21 11:23:21','2026-01-21 11:23:21',0,NULL,NULL,NULL,NULL),(963,'client_delete_owner_346822@example.com',NULL,NULL,NULL,NULL,NULL,NULL,NULL,'$2b$12$fNHammTOrUArOv9EoJ0t4ewzG53H27USiouYSFmf6VxarkbiVCgSa','Delete','Owner',NULL,'owner','2026-01-21 11:23:21','2026-01-21 11:23:21',0,NULL,NULL,NULL,NULL),(964,'multi_salon_client_925624@example.com',NULL,NULL,NULL,NULL,NULL,NULL,NULL,'$2b$12$m11kWhF8iSxmqsyxDaU.GeixSPZzYBNwVU/eBuPiTmUUlMMcI.tUK','Multi','Salon',NULL,'client','2026-01-21 11:23:21','2026-01-21 11:23:21',0,NULL,NULL,NULL,NULL),(965,'client_delete_358749@example.com',NULL,NULL,NULL,NULL,NULL,NULL,NULL,'$2b$12$eE1iisVyAT5cE3BhoisLZ.uWjHKAldJedXMd88NYRgSr1KG2Gd/La','Test','Client',NULL,'client','2026-01-21 11:23:21','2026-01-21 11:23:21',0,NULL,NULL,NULL,NULL),(966,'client_delete_346822@example.com',NULL,NULL,NULL,NULL,NULL,NULL,NULL,'$2b$12$.A4GtOi8KZzWBuRIZrRVe.rpeB9m6IW2nNclGX3A42yaKiG0WBm5q','Test','Client',NULL,'client','2026-01-21 11:23:22','2026-01-21 11:23:22',0,NULL,NULL,NULL,NULL),(967,'notes_owner_525169@example.com',NULL,NULL,NULL,NULL,NULL,NULL,NULL,'$2b$12$rY5ZiIy9iK5E/3uxGE06EOguwBzCl0ZVosBfGMESntk9J2ffar7r.','Notes','Owner',NULL,'owner','2026-01-21 11:23:22','2026-01-21 11:23:22',0,NULL,NULL,NULL,NULL),(968,'integrity_owner_292714@example.com',NULL,NULL,NULL,NULL,NULL,NULL,NULL,'$2b$12$WQLpafqy1PqOjZIphp0Q3O8aH1S/QbMxWMlYkVCNSIqUuDrfFiTHK','Integrity','Owner',NULL,'owner','2026-01-21 11:23:22','2026-01-21 11:23:22',0,NULL,NULL,NULL,NULL),(969,'notes_client_525169@example.com',NULL,NULL,NULL,NULL,NULL,NULL,NULL,'$2b$12$/VKfAnVnKEbI4TN/40skLumwpb5pQhv9c56.fzt.nhZY16IvCY3jG','Notes','Client',NULL,'client','2026-01-21 11:23:23','2026-01-21 11:23:23',0,NULL,NULL,NULL,NULL),(970,'integrity_client_292714@example.com',NULL,NULL,NULL,NULL,NULL,NULL,NULL,'$2b$12$rwn5Ho5e3h2s4V/XrJLCEeqOSzb6tP/jeYDy5BXzE3dlGxOqazgaW','Integrity','Client',NULL,'client','2026-01-21 11:23:23','2026-01-21 11:23:23',0,NULL,NULL,NULL,NULL),(971,'past_booking_390402@example.com',NULL,NULL,NULL,NULL,NULL,NULL,NULL,'$2b$12$hq5pAHFB1TD5DYVJd7BgKedsUPW4I7X6PdnYYqYJW/FI3PW6MmKxi','Past','Booking',NULL,'client','2026-01-21 11:23:23','2026-01-21 11:23:23',0,NULL,NULL,NULL,NULL),(972,'lifecycle_951548@example.com',NULL,NULL,NULL,NULL,NULL,NULL,NULL,'$2b$12$JhtxbgBYR5.ldsXCeRnwf.9Go2ZlYgr4tFQV1pbF/6nEJU5VwaQIC','Lifecycle','Test',NULL,'client','2026-01-21 11:23:25','2026-01-21 11:23:25',0,NULL,NULL,NULL,NULL),(973,'lifecycle_946246@example.com',NULL,NULL,NULL,NULL,NULL,NULL,NULL,'$2b$12$.4sF4RHOr8xrf7wt0EQ0Qe5FIsaG0GkmWkoc5SA1uv.KKwDBJB7ry','Lifecycle','Test',NULL,'client','2026-01-21 11:23:25','2026-01-21 11:23:25',0,NULL,NULL,NULL,NULL),(974,'lifecycle_455269@example.com',NULL,NULL,NULL,NULL,NULL,NULL,NULL,'$2b$12$ua7ZKHAY.I1DVqDp/vGmQO1jENNUQAOKG6F4m2LQFZFKOd1.tzq1y','Lifecycle','Test',NULL,'client','2026-01-21 11:23:25','2026-01-21 11:23:25',0,NULL,NULL,NULL,NULL),(975,'client_delete_owner_768578@example.com',NULL,NULL,NULL,NULL,NULL,NULL,NULL,'$2b$12$.nhV6f0SNRhTQ37YOCUooe0vwOBOhHjFLP5tBXGvGGN6fTbxseq1K','Delete','Owner',NULL,'owner','2026-01-21 11:23:26','2026-01-21 11:23:26',0,NULL,NULL,NULL,NULL),(976,'multi_service_860722@example.com',NULL,NULL,NULL,NULL,NULL,NULL,NULL,'$2b$12$N3uXK8CJAwfA107AcjsxF.0AkcNkxkt6kKHpRdX3nWQtVheRa0ZMW','Multi','Service',NULL,'client','2026-01-21 11:23:26','2026-01-21 11:23:26',0,NULL,NULL,NULL,NULL),(977,'lifecycle_399609@example.com',NULL,NULL,NULL,NULL,NULL,NULL,NULL,'$2b$12$wlmzLj8FCU4nUhHbGSdna.ToVST9/FtLfSSO9Zr1tPxeDZxDU7SGK','Lifecycle','Test',NULL,'client','2026-01-21 11:23:26','2026-01-21 11:23:26',0,NULL,NULL,NULL,NULL),(978,'client_delete_768578@example.com',NULL,NULL,NULL,NULL,NULL,NULL,NULL,'$2b$12$OPeBCYJa5P0R376q8uTgHee4hmPhD0MxH8kdG6jxPqbCUcIFzieA.','Test','Client',NULL,'client','2026-01-21 11:23:27','2026-01-21 11:23:27',0,NULL,NULL,NULL,NULL),(979,'client_delete_owner_499556@example.com',NULL,NULL,NULL,NULL,NULL,NULL,NULL,'$2b$12$EVddogxTUDZKu5IxjT/r3.0hq8/KoL2xY9RpXa04Hl.MvYMjneTCK','Delete','Owner',NULL,'owner','2026-01-21 11:23:27','2026-01-21 11:23:27',0,NULL,NULL,NULL,NULL),(980,'client_delete_499556@example.com',NULL,NULL,NULL,NULL,NULL,NULL,NULL,'$2b$12$tGtyJ0GhF7JqherMh19VN.GGo1mWL2kr7EbQdaBRFMWv9RzCebSCO','Test','Client',NULL,'client','2026-01-21 11:23:27','2026-01-21 11:23:27',0,NULL,NULL,NULL,NULL),(981,'client_delete_owner_596262@example.com',NULL,NULL,NULL,NULL,NULL,NULL,NULL,'$2b$12$DNHSsd2zU0yPJHeceJsGlO9SNPgcmo.FNK7lvoei6ftCm64B2wVwW','Delete','Owner',NULL,'owner','2026-01-21 11:23:27','2026-01-21 11:23:27',0,NULL,NULL,NULL,NULL),(982,'client_delete_596262@example.com',NULL,NULL,NULL,NULL,NULL,NULL,NULL,'$2b$12$HXF0hbxpaxOWf1TPSrZPzOzWQ8OidwkF5zXj1vuzowW5fwAriRogi','Test','Client',NULL,'client','2026-01-21 11:23:27','2026-01-21 11:23:27',0,NULL,NULL,NULL,NULL),(983,'multi_salon_client_284910@example.com',NULL,NULL,NULL,NULL,NULL,NULL,NULL,'$2b$12$i.OM3F7tf09Zz991jinq3eNYaGMh5vXJsg41avlXe3kE9CM/ijdl6','Multi','Salon',NULL,'client','2026-01-21 11:23:28','2026-01-21 11:23:28',0,NULL,NULL,NULL,NULL),(984,'notes_owner_184881@example.com',NULL,NULL,NULL,NULL,NULL,NULL,NULL,'$2b$12$cngTSROpPsDlCJTMI8IvVeXgnwbGgN2yHWq8NuwcsnQy6CF.dUo/y','Notes','Owner',NULL,'owner','2026-01-21 11:23:28','2026-01-21 11:23:28',0,NULL,NULL,NULL,NULL),(985,'integrity_owner_4681@example.com',NULL,NULL,NULL,NULL,NULL,NULL,NULL,'$2b$12$/3KCEupjLehNPObN4Yol8.0M.LKC.Mh8.asdzg8NiKhtRqWGIADsq','Integrity','Owner',NULL,'owner','2026-01-21 11:23:28','2026-01-21 11:23:28',0,NULL,NULL,NULL,NULL),(986,'notes_client_184881@example.com',NULL,NULL,NULL,NULL,NULL,NULL,NULL,'$2b$12$qekzOsLuP8IhAWx3EtNPjuyPZEKYhlH44F1lMpw3zz7/AOiXha3sK','Notes','Client',NULL,'client','2026-01-21 11:23:28','2026-01-21 11:23:28',0,NULL,NULL,NULL,NULL),(987,'integrity_client_4681@example.com',NULL,NULL,NULL,NULL,NULL,NULL,NULL,'$2b$12$eqog1r2OPGkGXCA9JvxjMOrMWeCzwtF/h00Ee1zr5vqHnHTS/vkJq','Integrity','Client',NULL,'client','2026-01-21 11:23:29','2026-01-21 11:23:29',0,NULL,NULL,NULL,NULL),(988,'past_booking_393630@example.com',NULL,NULL,NULL,NULL,NULL,NULL,NULL,'$2b$12$hAMAuSzUs7tyz9VXqOGNAOeaBDBnnbF805TArslnog6obEh9xpdhi','Past','Booking',NULL,'client','2026-01-21 11:23:29','2026-01-21 11:23:29',0,NULL,NULL,NULL,NULL),(989,'lifecycle_408766@example.com',NULL,NULL,NULL,NULL,NULL,NULL,NULL,'$2b$12$3KF7HSUTauTFZqc8eIiw9en2G6DHlnFnYil7Jf82Noj00Rg1W8T2e','Lifecycle','Test',NULL,'client','2026-01-21 11:23:31','2026-01-21 11:23:31',0,NULL,NULL,NULL,NULL),(990,'lifecycle_323178@example.com',NULL,NULL,NULL,NULL,NULL,NULL,NULL,'$2b$12$dAQJoTCojup08pWYwG.kfuFCd75vzw1OKr0KqCI1YISCf6gLE2Tnq','Lifecycle','Test',NULL,'client','2026-01-21 11:23:31','2026-01-21 11:23:31',0,NULL,NULL,NULL,NULL),(991,'lifecycle_199405@example.com',NULL,NULL,NULL,NULL,NULL,NULL,NULL,'$2b$12$BnQVJyAwr8DJTIn2z8CiYemjOnRP9wY5bUglcV8WzMv7iaxVQ1jAa','Lifecycle','Test',NULL,'client','2026-01-21 11:23:31','2026-01-21 11:23:31',0,NULL,NULL,NULL,NULL),(992,'lifecycle_437143@example.com',NULL,NULL,NULL,NULL,NULL,NULL,NULL,'$2b$12$2xPc9WD688Qx/Y10ELlIp..Lq9hjjkCoh7QRpMEDW/4sWSKP2RUBe','Lifecycle','Test',NULL,'client','2026-01-21 11:23:31','2026-01-21 11:23:31',0,NULL,NULL,NULL,NULL),(993,'client_delete_owner_90834@example.com',NULL,NULL,NULL,NULL,NULL,NULL,NULL,'$2b$12$2vYYgSrqxihSDlrxKNg78./7xD5IpNsON0VUR4Kn7b4h/0YKkUEh2','Delete','Owner',NULL,'owner','2026-01-21 11:23:32','2026-01-21 11:23:32',0,NULL,NULL,NULL,NULL),(994,'multi_service_383486@example.com',NULL,NULL,NULL,NULL,NULL,NULL,NULL,'$2b$12$VRbbFke801wQVTv79WQeoO23i/m6os7kHGwfdYSHNro6INaDAjn0e','Multi','Service',NULL,'client','2026-01-21 11:23:32','2026-01-21 11:23:32',0,NULL,NULL,NULL,NULL),(995,'client_delete_90834@example.com',NULL,NULL,NULL,NULL,NULL,NULL,NULL,'$2b$12$I2GYXOXH1RaCNHOoxpQyzOkIEqjeBBBiVCiS1wx6yRBPPVIRqyrBC','Test','Client',NULL,'client','2026-01-21 11:23:32','2026-01-21 11:23:32',0,NULL,NULL,NULL,NULL),(996,'client_delete_owner_316394@example.com',NULL,NULL,NULL,NULL,NULL,NULL,NULL,'$2b$12$6tRdvGuECxL.bH76IK81dO0xE/rIFPeEjYkl8RvnKA7.B5AnO0Edy','Delete','Owner',NULL,'owner','2026-01-21 11:23:33','2026-01-21 11:23:33',0,NULL,NULL,NULL,NULL),(997,'client_delete_owner_719073@example.com',NULL,NULL,NULL,NULL,NULL,NULL,NULL,'$2b$12$a1cijoc0w5INSbIj1znXpeo3KZ6.1SqoKxb75RS2KNMaejeMQ905y','Delete','Owner',NULL,'owner','2026-01-21 11:23:33','2026-01-21 11:23:33',0,NULL,NULL,NULL,NULL),(998,'multi_salon_client_932757@example.com',NULL,NULL,NULL,NULL,NULL,NULL,NULL,'$2b$12$bPlScJlHweFCgOvz2DotWOkAcg8eGKjj/jzavjP9GzKXwbSJkf1Py','Multi','Salon',NULL,'client','2026-01-21 11:23:33','2026-01-21 11:23:33',0,NULL,NULL,NULL,NULL),(999,'client_delete_316394@example.com',NULL,NULL,NULL,NULL,NULL,NULL,NULL,'$2b$12$Gwgu2.JXwkNbDYNRFebVLuX4/CvKmuMzHsXaDgswV0ZOEKkkLagae','Test','Client',NULL,'client','2026-01-21 11:23:33','2026-01-21 11:23:33',0,NULL,NULL,NULL,NULL),(1000,'client_delete_719073@example.com',NULL,NULL,NULL,NULL,NULL,NULL,NULL,'$2b$12$nIEXBR6D/WOKXZOg0sm07u9yO0lZoROFTVT0hyqrZfG.3eG0xenMS','Test','Client',NULL,'client','2026-01-21 11:23:33','2026-01-21 11:23:33',0,NULL,NULL,NULL,NULL),(1001,'notes_owner_250412@example.com',NULL,NULL,NULL,NULL,NULL,NULL,NULL,'$2b$12$UvFEKdmui6cYVK7NL2i8kegbM8fuT/1QbjgTQYCsmEygR.ADJM.u6','Notes','Owner',NULL,'owner','2026-01-21 11:23:34','2026-01-21 11:23:34',0,NULL,NULL,NULL,NULL),(1002,'integrity_owner_297153@example.com',NULL,NULL,NULL,NULL,NULL,NULL,NULL,'$2b$12$bmO5U2mmStkQi6gbpNWc9OBa4IsqIL.RaPH9IaA.1014iQhZIiugS','Integrity','Owner',NULL,'owner','2026-01-21 11:23:34','2026-01-21 11:23:34',0,NULL,NULL,NULL,NULL),(1003,'notes_client_250412@example.com',NULL,NULL,NULL,NULL,NULL,NULL,NULL,'$2b$12$VqKTXDws.Hzemn5wugVjsesLTKPNzmF/EnBhpif4vzVpT775umLx6','Notes','Client',NULL,'client','2026-01-21 11:23:34','2026-01-21 11:23:34',0,NULL,NULL,NULL,NULL),(1004,'integrity_client_297153@example.com',NULL,NULL,NULL,NULL,NULL,NULL,NULL,'$2b$12$2PH6L0NsWtUBc0AO9.uvx.3qWIaIsdJWyOuHbTEuKUb9/KkAGiM/6','Integrity','Client',NULL,'client','2026-01-21 11:23:34','2026-01-21 11:23:34',0,NULL,NULL,NULL,NULL),(1005,'past_booking_591772@example.com',NULL,NULL,NULL,NULL,NULL,NULL,NULL,'$2b$12$X02y10RSr413TqmUMSGq0ep4CNHQOG2Xxlznb3fV/tr239a4SrFim','Past','Booking',NULL,'client','2026-01-21 11:23:35','2026-01-21 11:23:35',0,NULL,NULL,NULL,NULL),(1006,'lifecycle_11267@example.com',NULL,NULL,NULL,NULL,NULL,NULL,NULL,'$2b$12$jG.fzpBK3wolyniDt9YgJ.5e5KJjB8a9ZyFlefElNl3JDvH7YnVl.','Lifecycle','Test',NULL,'client','2026-01-21 11:24:54','2026-01-21 11:24:54',0,NULL,NULL,NULL,NULL),(1007,'lifecycle_605155@example.com',NULL,NULL,NULL,NULL,NULL,NULL,NULL,'$2b$12$OpvmTmJN8aqmYpJLm.S8JeVJREll4A2e8fdK59v0zLAXtF3BaxGCO','Lifecycle','Test',NULL,'client','2026-01-21 11:24:54','2026-01-21 11:24:54',0,NULL,NULL,NULL,NULL),(1008,'lifecycle_772776@example.com',NULL,NULL,NULL,NULL,NULL,NULL,NULL,'$2b$12$tjsd1Z4uJBqmtlfxw1EzJuiabvZLwwjXPLSDNxm1R80U3mMLxnYV.','Lifecycle','Test',NULL,'client','2026-01-21 11:24:54','2026-01-21 11:24:54',0,NULL,NULL,NULL,NULL),(1009,'multi_service_787548@example.com',NULL,NULL,NULL,NULL,NULL,NULL,NULL,'$2b$12$k/zM/n0XpRK4XX.f6g1au.yHS46hKndRHGqU/D6MF6NtYaSsojkW.','Multi','Service',NULL,'client','2026-01-21 11:24:54','2026-01-21 11:24:54',0,NULL,NULL,NULL,NULL),(1010,'lifecycle_258766@example.com',NULL,NULL,NULL,NULL,NULL,NULL,NULL,'$2b$12$Z/4iHyydp0mAY94rF2Px/uILn2QZyKdmjsl2Um4TeKPGvDYrDJUcm','Lifecycle','Test',NULL,'client','2026-01-21 11:24:54','2026-01-21 11:24:54',0,NULL,NULL,NULL,NULL),(1011,'client_delete_owner_616861@example.com',NULL,NULL,NULL,NULL,NULL,NULL,NULL,'$2b$12$DRy8l3l6O/OsclDdT7lUxebcqkQ.n.czynE7.gSrk9L09Y.A55kR6','Delete','Owner',NULL,'owner','2026-01-21 11:24:56','2026-01-21 11:24:56',0,NULL,NULL,NULL,NULL),(1012,'client_delete_owner_316002@example.com',NULL,NULL,NULL,NULL,NULL,NULL,NULL,'$2b$12$Q.FpFVHR0aTVP1eHmk6HNOlDR7OCtbf0/tgu3of9VTFdzCS79VAPa','Delete','Owner',NULL,'owner','2026-01-21 11:24:56','2026-01-21 11:24:56',0,NULL,NULL,NULL,NULL),(1013,'client_delete_owner_282674@example.com',NULL,NULL,NULL,NULL,NULL,NULL,NULL,'$2b$12$UiDBfjqUO7Dr1w1f9ty1wO.Nnjj719fcIX8TxAF/O1tJWftnPoEBC','Delete','Owner',NULL,'owner','2026-01-21 11:24:56','2026-01-21 11:24:56',0,NULL,NULL,NULL,NULL),(1014,'client_delete_616861@example.com',NULL,NULL,NULL,NULL,NULL,NULL,NULL,'$2b$12$U.7.4xEn2lY4aKDl6jN1iecat2Lo/Doo1HOfwG0fWNhBZ22aVdQgW','Test','Client',NULL,'client','2026-01-21 11:24:57','2026-01-21 11:24:57',0,NULL,NULL,NULL,NULL),(1015,'client_delete_316002@example.com',NULL,NULL,NULL,NULL,NULL,NULL,NULL,'$2b$12$yky9jzCJ296o56ffxj5O6OE/gmCiaQFO0AIMI1XFKKAfGCRiTMWYq','Test','Client',NULL,'client','2026-01-21 11:24:57','2026-01-21 11:24:57',0,NULL,NULL,NULL,NULL),(1016,'client_delete_282674@example.com',NULL,NULL,NULL,NULL,NULL,NULL,NULL,'$2b$12$C1iQdQkUdPqwblAUk6jjjeAJpYrc32kUpyJ7aeZWTZ/4s7lhU9jYC','Test','Client',NULL,'client','2026-01-21 11:24:57','2026-01-21 11:24:57',0,NULL,NULL,NULL,NULL),(1017,'multi_salon_client_886244@example.com',NULL,NULL,NULL,NULL,NULL,NULL,NULL,'$2b$12$zqqjD/EXS6On3t6qfZKPOu6It/lKZOFAjgpnlTTJMKHXbz.WOlbua','Multi','Salon',NULL,'client','2026-01-21 11:24:57','2026-01-21 11:24:57',0,NULL,NULL,NULL,NULL),(1018,'notes_owner_627002@example.com',NULL,NULL,NULL,NULL,NULL,NULL,NULL,'$2b$12$.K3Xr98wqHT1mgEcK8S.kO6Gt.0eEE0qv8hkd0XDJGH9nEbTwGXDy','Notes','Owner',NULL,'owner','2026-01-21 11:24:57','2026-01-21 11:24:57',0,NULL,NULL,NULL,NULL),(1019,'notes_client_627002@example.com',NULL,NULL,NULL,NULL,NULL,NULL,NULL,'$2b$12$6XIWsRLbNU4JiDRsDL.B4OjF5LPmB9ch5PU6dTKW4TUXvfo33TpDe','Notes','Client',NULL,'client','2026-01-21 11:24:57','2026-01-21 11:24:57',0,NULL,NULL,NULL,NULL),(1020,'integrity_owner_237199@example.com',NULL,NULL,NULL,NULL,NULL,NULL,NULL,'$2b$12$DCxhCgsRgWOJiadOaEFV5e9Q5eB60HPHbd4Ic8CzHPSK.5eTCsRfm','Integrity','Owner',NULL,'owner','2026-01-21 11:24:58','2026-01-21 11:24:58',0,NULL,NULL,NULL,NULL),(1021,'integrity_client_237199@example.com',NULL,NULL,NULL,NULL,NULL,NULL,NULL,'$2b$12$LhULrIX/jnHqAtcW/ZfGXuKqXJxyW9Dt9FAY2XvwG2cG3YsiCCbu2','Integrity','Client',NULL,'client','2026-01-21 11:24:58','2026-01-21 11:24:58',0,NULL,NULL,NULL,NULL),(1022,'past_booking_882724@example.com',NULL,NULL,NULL,NULL,NULL,NULL,NULL,'$2b$12$h0P0Cq7C6.DI3EM0kDGZjuNWJMj2SXNkdQaOAuBECzT5yPXBYA6my','Past','Booking',NULL,'client','2026-01-21 11:24:59','2026-01-21 11:24:59',0,NULL,NULL,NULL,NULL),(1023,'lifecycle_663178@example.com',NULL,NULL,NULL,NULL,NULL,NULL,NULL,'$2b$12$ezUNjZDoeUmHbnZHLRieQ.vcR3wzORfalhs/aP4F1cDZBws/sZvTO','Lifecycle','Test',NULL,'client','2026-01-21 11:25:00','2026-01-21 11:25:00',0,NULL,NULL,NULL,NULL),(1024,'marketplace_727379@example.com',NULL,NULL,NULL,NULL,NULL,NULL,NULL,'$2b$12$aeGZOratRKKaOEp7h6qQV.aytfoLYN3NZ8iIg95E4njqKPv7YvkUm','Marketplace','Customer',NULL,'client','2026-01-21 11:25:01','2026-01-21 11:25:01',0,NULL,NULL,NULL,NULL),(1025,'lifecycle_838377@example.com',NULL,NULL,NULL,NULL,NULL,NULL,NULL,'$2b$12$el8blyGMpHsaOY2jaRRF5usHynhsqvozWaglst1v/rnbnxd.uzZeG','Lifecycle','Test',NULL,'client','2026-01-21 11:25:01','2026-01-21 11:25:01',0,NULL,NULL,NULL,NULL),(1026,'client_delete_owner_108919@example.com',NULL,NULL,NULL,NULL,NULL,NULL,NULL,'$2b$12$fsib.ys7STYoGWCjNeyrxO8P8zHcGZmuRzy6HaNCMv3ltjNKoq5zK','Delete','Owner',NULL,'owner','2026-01-21 11:25:01','2026-01-21 11:25:01',0,NULL,NULL,NULL,NULL),(1027,'lifecycle_363255@example.com',NULL,NULL,NULL,NULL,NULL,NULL,NULL,'$2b$12$yH0WsEykdFYs2iGrZUV4Ge/ZYO1xoaI7T71yITI6WBA1DRuiE00nS','Lifecycle','Test',NULL,'client','2026-01-21 11:25:02','2026-01-21 11:25:02',0,NULL,NULL,NULL,NULL),(1028,'lifecycle_259348@example.com',NULL,NULL,NULL,NULL,NULL,NULL,NULL,'$2b$12$oH76U4FqG5F7YfQ724ZPmOnoJdTozjnxi51BL4O0YJ0NLhpKN0tku','Lifecycle','Test',NULL,'client','2026-01-21 11:25:02','2026-01-21 11:25:02',0,NULL,NULL,NULL,NULL),(1029,'multi_service_36643@example.com',NULL,NULL,NULL,NULL,NULL,NULL,NULL,'$2b$12$FrNuJSqmTbij5Js32sr9/.9.7z/94saDLvGBI6y/Kqd/6YcdQrdsC','Multi','Service',NULL,'client','2026-01-21 11:25:02','2026-01-21 11:25:02',0,NULL,NULL,NULL,NULL),(1030,'client_delete_108919@example.com',NULL,NULL,NULL,NULL,NULL,NULL,NULL,'$2b$12$rsGpbd.sjvcMhbKREORTz.CXZEpj8wOd4ei3d5Zlk.8UXGWQx0Vj2','Test','Client',NULL,'client','2026-01-21 11:25:02','2026-01-21 11:25:02',0,NULL,NULL,NULL,NULL),(1031,'client_delete_owner_652600@example.com',NULL,NULL,NULL,NULL,NULL,NULL,NULL,'$2b$12$MokQxvSOYM2gYpZjKwJZme9.IXe8uDCbFALkZm70iZkfcrR2CmZz6','Delete','Owner',NULL,'owner','2026-01-21 11:25:02','2026-01-21 11:25:02',0,NULL,NULL,NULL,NULL),(1032,'client_delete_652600@example.com',NULL,NULL,NULL,NULL,NULL,NULL,NULL,'$2b$12$rQbKPzEF9tZ3bNWrzPEB8.nUSXIu.kRtFZbmHXfE.HmZmTopN8fq.','Test','Client',NULL,'client','2026-01-21 11:25:02','2026-01-21 11:25:02',0,NULL,NULL,NULL,NULL),(1033,'client_delete_owner_706977@example.com',NULL,NULL,NULL,NULL,NULL,NULL,NULL,'$2b$12$fl0j1.JK9VTaVBd0heoBWOZvyswE9GczDUP9WgZ6JD0lZFgGJWnMO','Delete','Owner',NULL,'owner','2026-01-21 11:25:03','2026-01-21 11:25:03',0,NULL,NULL,NULL,NULL),(1034,'notes_owner_336512@example.com',NULL,NULL,NULL,NULL,NULL,NULL,NULL,'$2b$12$dVYEn9h1g4/of/lZUWB27umOAbo.TJysxg77gNeUDuCrqEwNs68W6','Notes','Owner',NULL,'owner','2026-01-21 11:25:03','2026-01-21 11:25:03',0,NULL,NULL,NULL,NULL),(1035,'multi_salon_client_474395@example.com',NULL,NULL,NULL,NULL,NULL,NULL,NULL,'$2b$12$UFLrn2aMM7ZzFc6T8OhSFeY/lg0KLq0SvEa80AvH6fdgK4VFYOE4.','Multi','Salon',NULL,'client','2026-01-21 11:25:03','2026-01-21 11:25:03',0,NULL,NULL,NULL,NULL),(1036,'client_delete_706977@example.com',NULL,NULL,NULL,NULL,NULL,NULL,NULL,'$2b$12$wqMSFmezlmf7IJlRlclFR.UKsK9E2XWce6KOj8EBHh/OiQO7VtwpC','Test','Client',NULL,'client','2026-01-21 11:25:03','2026-01-21 11:25:03',0,NULL,NULL,NULL,NULL),(1037,'notes_client_336512@example.com',NULL,NULL,NULL,NULL,NULL,NULL,NULL,'$2b$12$ZMXph12ACdZXBZWXWKQzTuYqElTyfsjdCGBuEH8YWi5MB.VPdkPtG','Notes','Client',NULL,'client','2026-01-21 11:25:04','2026-01-21 11:25:04',0,NULL,NULL,NULL,NULL),(1038,'past_booking_96678@example.com',NULL,NULL,NULL,NULL,NULL,NULL,NULL,'$2b$12$yZRRZ71dprHSE1s.jtJuQO0432Z3o/ABGQEL0pvLILZWHJJVtxkXe','Past','Booking',NULL,'client','2026-01-21 11:25:04','2026-01-21 11:25:04',0,NULL,NULL,NULL,NULL),(1039,'integrity_owner_518812@example.com',NULL,NULL,NULL,NULL,NULL,NULL,NULL,'$2b$12$.DSqWBtmT9/oWawpFJHd1uGCdITNIMabxHF0aRJr4CYmXB8lbBcaG','Integrity','Owner',NULL,'owner','2026-01-21 11:25:04','2026-01-21 11:25:04',0,NULL,NULL,NULL,NULL),(1040,'integrity_client_518812@example.com',NULL,NULL,NULL,NULL,NULL,NULL,NULL,'$2b$12$esNyax7h/A304bPdGwAsDeB1F6uauIEnGhLhA2o5iUdVikqiIE7H2','Integrity','Client',NULL,'client','2026-01-21 11:25:05','2026-01-21 11:25:05',0,NULL,NULL,NULL,NULL),(1041,'marketplace_49014@example.com',NULL,NULL,NULL,NULL,NULL,NULL,NULL,'$2b$12$y4uo/eYzV/3rA3JfIWdnyOa4DzCYhDQErTi3JUKoaAuFsqL8.j0TG','Marketplace','Customer',NULL,'client','2026-01-21 11:25:06','2026-01-21 11:25:06',0,NULL,NULL,NULL,NULL),(1042,'lifecycle_647665@example.com',NULL,NULL,NULL,NULL,NULL,NULL,NULL,'$2b$12$lYd2E3wPIDVuQiKhDbz1qeearKxiqzyBU9aUmnCgLHCJnUdMgTS62','Lifecycle','Test',NULL,'client','2026-01-21 11:25:06','2026-01-21 11:25:06',0,NULL,NULL,NULL,NULL),(1043,'lifecycle_292240@example.com',NULL,NULL,NULL,NULL,NULL,NULL,NULL,'$2b$12$GRYtXYTsDqvOvQVjP1UT4uRbxgbhPrQN5tVpARX9HUABaEeLpQjwe','Lifecycle','Test',NULL,'client','2026-01-21 11:25:07','2026-01-21 11:25:07',0,NULL,NULL,NULL,NULL),(1044,'lifecycle_103400@example.com',NULL,NULL,NULL,NULL,NULL,NULL,NULL,'$2b$12$8U1ePjHXekZP76kLZPxxNeuTB83eZKp9HkO8aT1XxpC8YhpG21SOa','Lifecycle','Test',NULL,'client','2026-01-21 11:25:07','2026-01-21 11:25:07',0,NULL,NULL,NULL,NULL),(1045,'lifecycle_720294@example.com',NULL,NULL,NULL,NULL,NULL,NULL,NULL,'$2b$12$3UURH3KAsclGfPX5w3N1kOUjVc1Z55yvjqFsEII5XyC1OQBcMvhDO','Lifecycle','Test',NULL,'client','2026-01-21 11:25:07','2026-01-21 11:25:07',0,NULL,NULL,NULL,NULL),(1046,'multi_service_163430@example.com',NULL,NULL,NULL,NULL,NULL,NULL,NULL,'$2b$12$/C0EPLelm1xa7Ndzljtn3OavaznVE77V2xqIZfDd8QDS3Td/g3eiG','Multi','Service',NULL,'client','2026-01-21 11:25:07','2026-01-21 11:25:07',0,NULL,NULL,NULL,NULL),(1047,'client_delete_owner_480394@example.com',NULL,NULL,NULL,NULL,NULL,NULL,NULL,'$2b$12$EqFUeTfO9E/EsKfbRYt37.EkcYTyHIFng8R97XYwh8MkZzDXDRbDS','Delete','Owner',NULL,'owner','2026-01-21 11:25:08','2026-01-21 11:25:08',0,NULL,NULL,NULL,NULL),(1048,'client_delete_480394@example.com',NULL,NULL,NULL,NULL,NULL,NULL,NULL,'$2b$12$Yc3KHZmR5dWI.9eBdteA2OTcnUsetmCLJOl/Df5Jj/QQMvxCTmcG.','Test','Client',NULL,'client','2026-01-21 11:25:08','2026-01-21 11:25:08',0,NULL,NULL,NULL,NULL),(1049,'client_delete_owner_355689@example.com',NULL,NULL,NULL,NULL,NULL,NULL,NULL,'$2b$12$sCazAM4BiQ0XLxkwseg3cu9aRlMQpFDKHfkVRccD6/AzJZ38SxsfW','Delete','Owner',NULL,'owner','2026-01-21 11:25:08','2026-01-21 11:25:08',0,NULL,NULL,NULL,NULL),(1050,'client_delete_owner_874606@example.com',NULL,NULL,NULL,NULL,NULL,NULL,NULL,'$2b$12$Q4npaZbDaTlHlWQQDLxg9OE4NCWXoTxW.iQwCZGxZMCEPRh3IogUS','Delete','Owner',NULL,'owner','2026-01-21 11:25:09','2026-01-21 11:25:09',0,NULL,NULL,NULL,NULL),(1051,'multi_salon_client_510921@example.com',NULL,NULL,NULL,NULL,NULL,NULL,NULL,'$2b$12$/uZ0yLJr0M0Q324I.BGAGeRo.T9Ad2y6ZCKo.2BGWczgVR7CqWkOW','Multi','Salon',NULL,'client','2026-01-21 11:25:09','2026-01-21 11:25:09',0,NULL,NULL,NULL,NULL),(1052,'notes_owner_404073@example.com',NULL,NULL,NULL,NULL,NULL,NULL,NULL,'$2b$12$8v5XzS0rnDpsc0kmZRTg2exGb46dMArAyB31s81mL1t29RlpAW/Dq','Notes','Owner',NULL,'owner','2026-01-21 11:25:09','2026-01-21 11:25:09',0,NULL,NULL,NULL,NULL),(1053,'client_delete_355689@example.com',NULL,NULL,NULL,NULL,NULL,NULL,NULL,'$2b$12$FmSYMy52EqYglVAItZm05OwSbzPum4yKYli7u8Rky3bxaCwBUHSLq','Test','Client',NULL,'client','2026-01-21 11:25:09','2026-01-21 11:25:09',0,NULL,NULL,NULL,NULL),(1054,'client_delete_874606@example.com',NULL,NULL,NULL,NULL,NULL,NULL,NULL,'$2b$12$Id1SIZHk3dz875mNCUwVauv7oXg2xLGwS3qhjrLGZA2CvQPxcK1Fy','Test','Client',NULL,'client','2026-01-21 11:25:09','2026-01-21 11:25:09',0,NULL,NULL,NULL,NULL),(1055,'notes_client_404073@example.com',NULL,NULL,NULL,NULL,NULL,NULL,NULL,'$2b$12$mwH0CaBSHcrgP5eU4DAT7e/8Yrn45Mb3xDbkOOrmWddResdxig.AC','Notes','Client',NULL,'client','2026-01-21 11:25:09','2026-01-21 11:25:09',0,NULL,NULL,NULL,NULL),(1056,'integrity_owner_815894@example.com',NULL,NULL,NULL,NULL,NULL,NULL,NULL,'$2b$12$S8sj3Ws9mf/9NAN40I2fm.z69vhahbL4Qhz6fffgKaAX4y1KoMUx2','Integrity','Owner',NULL,'owner','2026-01-21 11:25:10','2026-01-21 11:25:10',0,NULL,NULL,NULL,NULL),(1057,'integrity_client_815894@example.com',NULL,NULL,NULL,NULL,NULL,NULL,NULL,'$2b$12$rf4iFbKLJXGho5QUmDFGjuuRonYQBoJjvMQRe8/pQr4.pj8IBrRvS','Integrity','Client',NULL,'client','2026-01-21 11:25:10','2026-01-21 11:25:10',0,NULL,NULL,NULL,NULL),(1058,'past_booking_214886@example.com',NULL,NULL,NULL,NULL,NULL,NULL,NULL,'$2b$12$wIwsHKziFTrvhMcPw7.baughjTmSPfTLV4xy6BlpIGEvIXx58rtWa','Past','Booking',NULL,'client','2026-01-21 11:25:11','2026-01-21 11:25:11',0,NULL,NULL,NULL,NULL),(1059,'marketplace_419280@example.com',NULL,NULL,NULL,NULL,NULL,NULL,NULL,'$2b$12$cqmF93SFPretFAg9er3K8O6DlWwinKNaCd.M2/L00ciVEFJDt46ea','Marketplace','Customer',NULL,'client','2026-01-21 11:25:12','2026-01-21 11:25:12',0,NULL,NULL,NULL,NULL),(1060,'lifecycle_331965@example.com',NULL,NULL,NULL,NULL,NULL,NULL,NULL,'$2b$12$ALT0K.NTiYjc8rUzpW/im.Dr8qRMyarPIYaRZWab1vnPcQ7lbjqD6','Lifecycle','Test',NULL,'client','2026-01-21 11:25:12','2026-01-21 11:25:12',0,NULL,NULL,NULL,NULL),(1061,'lifecycle_529030@example.com',NULL,NULL,NULL,NULL,NULL,NULL,NULL,'$2b$12$YZHRDhblz1L7k4kEdiLaZONj15ZQxkr/CFdJc/oucDhV11O2OAFL6','Lifecycle','Test',NULL,'client','2026-01-21 11:25:13','2026-01-21 11:25:13',0,NULL,NULL,NULL,NULL),(1062,'lifecycle_956672@example.com',NULL,NULL,NULL,NULL,NULL,NULL,NULL,'$2b$12$M43VhTNWftlTg1XeBzLxY.k16Ic/WDs2/F6/WC2akhV4zUTITpTiq','Lifecycle','Test',NULL,'client','2026-01-21 11:25:13','2026-01-21 11:25:13',0,NULL,NULL,NULL,NULL),(1063,'lifecycle_38630@example.com',NULL,NULL,NULL,NULL,NULL,NULL,NULL,'$2b$12$EQ3oWwyXrDe2WeM9DRfH2e4jrY0op4AeMs.QUlH/ms2xXUGJVwj6a','Lifecycle','Test',NULL,'client','2026-01-21 11:25:13','2026-01-21 11:25:13',0,NULL,NULL,NULL,NULL),(1064,'multi_service_70663@example.com',NULL,NULL,NULL,NULL,NULL,NULL,NULL,'$2b$12$csltfxgxeNnFbJjr8/GmrOdmX6ZehfFbNW7oG6Qk5T/TVxAYsIOCe','Multi','Service',NULL,'client','2026-01-21 11:25:13','2026-01-21 11:25:13',0,NULL,NULL,NULL,NULL),(1065,'client_delete_owner_600207@example.com',NULL,NULL,NULL,NULL,NULL,NULL,NULL,'$2b$12$DpuPl.sgu7air1fiUTs9A.t40sMul5HPKKHqRTSuCpFk8SmtXorSu','Delete','Owner',NULL,'owner','2026-01-21 11:25:14','2026-01-21 11:25:14',0,NULL,NULL,NULL,NULL),(1066,'client_delete_owner_555414@example.com',NULL,NULL,NULL,NULL,NULL,NULL,NULL,'$2b$12$4HfjWecfuyFXSdvMi9w8su4Q10GBnSAMWLJIH6iaWGy4AR9bq0Lzu','Delete','Owner',NULL,'owner','2026-01-21 11:25:14','2026-01-21 11:25:14',0,NULL,NULL,NULL,NULL),(1067,'client_delete_owner_4803@example.com',NULL,NULL,NULL,NULL,NULL,NULL,NULL,'$2b$12$jImjlu9mHVN5tZKnUFWBhe6t8vkAVK5DpNoHDfegOtoCo1kqVdLpi','Delete','Owner',NULL,'owner','2026-01-21 11:25:14','2026-01-21 11:25:14',0,NULL,NULL,NULL,NULL),(1068,'notes_owner_630394@example.com',NULL,NULL,NULL,NULL,NULL,NULL,NULL,'$2b$12$5ENiachbEmlbmpPuULrt2.Rtpj5QuczVzjrnaja6.tW4F1URcmnSW','Notes','Owner',NULL,'owner','2026-01-21 11:25:14','2026-01-21 11:25:14',0,NULL,NULL,NULL,NULL),(1069,'multi_salon_client_415094@example.com',NULL,NULL,NULL,NULL,NULL,NULL,NULL,'$2b$12$m3VPUHNjEPHcEWSozfbj0uTbPkz8hjB7PebVSpb/v5LUJ90TSuYTu','Multi','Salon',NULL,'client','2026-01-21 11:25:14','2026-01-21 11:25:14',0,NULL,NULL,NULL,NULL),(1070,'client_delete_600207@example.com',NULL,NULL,NULL,NULL,NULL,NULL,NULL,'$2b$12$E2bbBiAPs51KLhdUvmBXLehkfWw5pe5hqtBLDAb11G9s99y7FgoWu','Test','Client',NULL,'client','2026-01-21 11:25:15','2026-01-21 11:25:15',0,NULL,NULL,NULL,NULL),(1071,'client_delete_555414@example.com',NULL,NULL,NULL,NULL,NULL,NULL,NULL,'$2b$12$X6UqpAuqDxvHS0rcamFwH.vF/lTXXednA/dMKQO.5ThgYXGGtH5YC','Test','Client',NULL,'client','2026-01-21 11:25:15','2026-01-21 11:25:15',0,NULL,NULL,NULL,NULL),(1072,'client_delete_4803@example.com',NULL,NULL,NULL,NULL,NULL,NULL,NULL,'$2b$12$2iLNEIIW7MPTHjvLRj9ewOxzBIuN15oZArSOsTG9TwuZACCf5Y0Jy','Test','Client',NULL,'client','2026-01-21 11:25:15','2026-01-21 11:25:15',0,NULL,NULL,NULL,NULL),(1073,'notes_client_630394@example.com',NULL,NULL,NULL,NULL,NULL,NULL,NULL,'$2b$12$YGQFoyWIqYwWAfXlFoKbxOU4cWsfml13vsp2jvfLNN1E57lAW4ju6','Notes','Client',NULL,'client','2026-01-21 11:25:15','2026-01-21 11:25:15',0,NULL,NULL,NULL,NULL),(1074,'integrity_owner_346705@example.com',NULL,NULL,NULL,NULL,NULL,NULL,NULL,'$2b$12$sscMXoMX95BxmMh1hkVnSu5T6kebYKGaNDwUIumXQEobD2/tjlrru','Integrity','Owner',NULL,'owner','2026-01-21 11:25:16','2026-01-21 11:25:16',0,NULL,NULL,NULL,NULL),(1075,'integrity_client_346705@example.com',NULL,NULL,NULL,NULL,NULL,NULL,NULL,'$2b$12$FZ27t0U21RXtMGjVQqRetOiOgk/RzWkmDMFm.RLQbQdG3LXFbMDDC','Integrity','Client',NULL,'client','2026-01-21 11:25:16','2026-01-21 11:25:16',0,NULL,NULL,NULL,NULL),(1076,'past_booking_800094@example.com',NULL,NULL,NULL,NULL,NULL,NULL,NULL,'$2b$12$rsDDtAxlddqPXXjasPwXuOVAmpYf02PXj101E7pBQtqze/cPZc.6.','Past','Booking',NULL,'client','2026-01-21 11:25:17','2026-01-21 11:25:17',0,NULL,NULL,NULL,NULL),(1077,'marketplace_713065@example.com',NULL,NULL,NULL,NULL,NULL,NULL,NULL,'$2b$12$vGv9qrcpCTyVv1QfJQEQXOi8PS75c.bwI9W9Y/iRjxUSoMputl/Ly','Marketplace','Customer',NULL,'client','2026-01-21 11:25:18','2026-01-21 11:25:18',0,NULL,NULL,NULL,NULL),(1078,'lifecycle_287522@example.com',NULL,NULL,NULL,NULL,NULL,NULL,NULL,'$2b$12$i75GO.bjOPNhrEKIg5iQzOtS.hd0HjVOm8eN9ZzrYwji6rNWi/XAu','Lifecycle','Test',NULL,'client','2026-01-21 11:25:18','2026-01-21 11:25:18',0,NULL,NULL,NULL,NULL),(1079,'lifecycle_568636@example.com',NULL,NULL,NULL,NULL,NULL,NULL,NULL,'$2b$12$cPjsXTcCWnXmrEkBbwYtv.Ty.eAw6VJiswLALF8Q/7s.gg9Rim5pu','Lifecycle','Test',NULL,'client','2026-01-21 11:25:19','2026-01-21 11:25:19',0,NULL,NULL,NULL,NULL),(1080,'lifecycle_48006@example.com',NULL,NULL,NULL,NULL,NULL,NULL,NULL,'$2b$12$yD7Qkx.YCdrhCt16b4y77uESg7f.Gn804nEfUiIW7IJuOFy2e3ply','Lifecycle','Test',NULL,'client','2026-01-21 11:25:19','2026-01-21 11:25:19',0,NULL,NULL,NULL,NULL),(1081,'lifecycle_224160@example.com',NULL,NULL,NULL,NULL,NULL,NULL,NULL,'$2b$12$Rh3OGQb9LQwqCOqcXaMfv.RORJgXCfabreoyGkJtowdZSyqERY3Su','Lifecycle','Test',NULL,'client','2026-01-21 11:25:19','2026-01-21 11:25:19',0,NULL,NULL,NULL,NULL),(1082,'multi_service_482626@example.com',NULL,NULL,NULL,NULL,NULL,NULL,NULL,'$2b$12$pT0xDwdG5IjE3RsicybuGeI7ceQXN6rydY3UFWUc7ZV.Z2vifC0ym','Multi','Service',NULL,'client','2026-01-21 11:25:19','2026-01-21 11:25:19',0,NULL,NULL,NULL,NULL),(1083,'client_delete_owner_940441@example.com',NULL,NULL,NULL,NULL,NULL,NULL,NULL,'$2b$12$UJkxRwQqd4wvd0jevEXboeT2tPXA8IQuWTPP1QmN7Bw9lG61Y9iIC','Delete','Owner',NULL,'owner','2026-01-21 11:25:19','2026-01-21 11:25:19',0,NULL,NULL,NULL,NULL),(1084,'client_delete_940441@example.com',NULL,NULL,NULL,NULL,NULL,NULL,NULL,'$2b$12$2GBauIWJzaM5VeXa.fTvW.YXJysMFR1LAzD12V5oQ86qSi5JOABim','Test','Client',NULL,'client','2026-01-21 11:25:20','2026-01-21 11:25:20',0,NULL,NULL,NULL,NULL),(1085,'client_delete_owner_370576@example.com',NULL,NULL,NULL,NULL,NULL,NULL,NULL,'$2b$12$VjfVFS1JIGBmeOEZpKsOHehaAkPdGIiBZSQiwi6E/gDbMBP3u/9VG','Delete','Owner',NULL,'owner','2026-01-21 11:25:20','2026-01-21 11:25:20',0,NULL,NULL,NULL,NULL),(1086,'client_delete_owner_361521@example.com',NULL,NULL,NULL,NULL,NULL,NULL,NULL,'$2b$12$.XEUbv5Lk2UauD6ZEmHAkeu7s8Rb7b46E7whSudpCOUwzz3ImD91u','Delete','Owner',NULL,'owner','2026-01-21 11:25:20','2026-01-21 11:25:20',0,NULL,NULL,NULL,NULL),(1087,'multi_salon_client_450178@example.com',NULL,NULL,NULL,NULL,NULL,NULL,NULL,'$2b$12$Kev1.mtKybb2EeVWqHQtaeSfWobizESf9AyYiwOF.RFkOJNsV2XsW','Multi','Salon',NULL,'client','2026-01-21 11:25:20','2026-01-21 11:25:20',0,NULL,NULL,NULL,NULL),(1088,'client_delete_370576@example.com',NULL,NULL,NULL,NULL,NULL,NULL,NULL,'$2b$12$oAJwwsD7hY1qiwnyfgDAjOGDS.jNt1WK45m7Y34BLPKmZU/JuQg2y','Test','Client',NULL,'client','2026-01-21 11:25:21','2026-01-21 11:25:21',0,NULL,NULL,NULL,NULL),(1089,'client_delete_361521@example.com',NULL,NULL,NULL,NULL,NULL,NULL,NULL,'$2b$12$tfFzqV6e5mVSxMTplxabyO1kSIt/qx1vj6SrlDe8FR05tBRZmN2BG','Test','Client',NULL,'client','2026-01-21 11:25:21','2026-01-21 11:25:21',0,NULL,NULL,NULL,NULL),(1090,'notes_owner_578830@example.com',NULL,NULL,NULL,NULL,NULL,NULL,NULL,'$2b$12$yRZdNg2KRiAMiA5.6gOwJeSh9gNwSEZ2YZPZHxobOzURqFIzFs.mG','Notes','Owner',NULL,'owner','2026-01-21 11:25:21','2026-01-21 11:25:21',0,NULL,NULL,NULL,NULL),(1091,'notes_client_578830@example.com',NULL,NULL,NULL,NULL,NULL,NULL,NULL,'$2b$12$/jGBrmpDwP/lQy7XrCzJKu2FPiHQp4vY9CHngtp9VZWz4zjmUUbYm','Notes','Client',NULL,'client','2026-01-21 11:25:21','2026-01-21 11:25:21',0,NULL,NULL,NULL,NULL),(1092,'integrity_owner_905054@example.com',NULL,NULL,NULL,NULL,NULL,NULL,NULL,'$2b$12$KoKTdMXd80F/5j.Cb3a.Xul83uogj6Cm7hfS2C6aShDzI6I8vQFBS','Integrity','Owner',NULL,'owner','2026-01-21 11:25:22','2026-01-21 11:25:22',0,NULL,NULL,NULL,NULL),(1093,'integrity_client_905054@example.com',NULL,NULL,NULL,NULL,NULL,NULL,NULL,'$2b$12$IS.G/g5V4kHlLUZCiPBWnOvdHYikJb2Ti5xKofhJPYYV3RqKI7RN2','Integrity','Client',NULL,'client','2026-01-21 11:25:22','2026-01-21 11:25:22',0,NULL,NULL,NULL,NULL),(1094,'past_booking_520572@example.com',NULL,NULL,NULL,NULL,NULL,NULL,NULL,'$2b$12$99SlUyzQgkexnafPQkYQu.ItfYYQyMCn9vA6EFk2cbOgmYl1/RyUa','Past','Booking',NULL,'client','2026-01-21 11:25:22','2026-01-21 11:25:22',0,NULL,NULL,NULL,NULL),(1095,'marketplace_202562@example.com',NULL,NULL,NULL,NULL,NULL,NULL,NULL,'$2b$12$La4jmXn9P4M2wUmroSwg7uP3kwVmrradOTDpLAxJi9CW4mcrLHYvW','Marketplace','Customer',NULL,'client','2026-01-21 11:25:24','2026-01-21 11:25:24',0,NULL,NULL,NULL,NULL),(1096,'lifecycle_434435@example.com',NULL,NULL,NULL,NULL,NULL,NULL,NULL,'$2b$12$jjEES6qpJCPQwtXnEvPQVesz4lNI17/7Vo3GaL9DN35dt/PUTdg7e','Lifecycle','Test',NULL,'client','2026-01-21 11:25:24','2026-01-21 11:25:24',0,NULL,NULL,NULL,NULL),(1097,'lifecycle_698674@example.com',NULL,NULL,NULL,NULL,NULL,NULL,NULL,'$2b$12$jJtj640To.5z7mp0xFbadepeJLqEafNqYrML9KDvqIGrjHR/NCzO.','Lifecycle','Test',NULL,'client','2026-01-21 11:25:24','2026-01-21 11:25:24',0,NULL,NULL,NULL,NULL),(1098,'lifecycle_976163@example.com',NULL,NULL,NULL,NULL,NULL,NULL,NULL,'$2b$12$XboTLRFD9CaNqp9PUMFx7OcuvjDjMD0aCHyzsZUGtx9yzQc.p9.3.','Lifecycle','Test',NULL,'client','2026-01-21 11:25:24','2026-01-21 11:25:24',0,NULL,NULL,NULL,NULL),(1099,'client_delete_owner_408183@example.com',NULL,NULL,NULL,NULL,NULL,NULL,NULL,'$2b$12$.RdysSZ/bn7gFXqPBlJ0SuUvcwQRnzdI9japqmbRnqRhT8MsfaBga','Delete','Owner',NULL,'owner','2026-01-21 11:25:25','2026-01-21 11:25:25',0,NULL,NULL,NULL,NULL),(1100,'client_delete_owner_968908@example.com',NULL,NULL,NULL,NULL,NULL,NULL,NULL,'$2b$12$NfwFJh9L2cZp8/lduYMqceJOtdm2/09wp98ddVcxzvXqJspUePLSy','Delete','Owner',NULL,'owner','2026-01-21 11:25:25','2026-01-21 11:25:25',0,NULL,NULL,NULL,NULL),(1101,'lifecycle_321220@example.com',NULL,NULL,NULL,NULL,NULL,NULL,NULL,'$2b$12$ud8QxmrrWsrIi1UFJchQcOPVCd0Q.qNE82g4TDudqnvV4xI6aH302','Lifecycle','Test',NULL,'client','2026-01-21 11:25:25','2026-01-21 11:25:25',0,NULL,NULL,NULL,NULL),(1102,'multi_service_329532@example.com',NULL,NULL,NULL,NULL,NULL,NULL,NULL,'$2b$12$M8GRHg/KSWf7Jdp5G1UZmOU/iLCb9M/YToGuejE8TAI2t0HpCJ3na','Multi','Service',NULL,'client','2026-01-21 11:25:25','2026-01-21 11:25:25',0,NULL,NULL,NULL,NULL),(1103,'client_delete_408183@example.com',NULL,NULL,NULL,NULL,NULL,NULL,NULL,'$2b$12$3lXiQq63IUFbj7l71pmy0uyfHH26KcpUkHHXqAXCT00sI3m73hcc6','Test','Client',NULL,'client','2026-01-21 11:25:26','2026-01-21 11:25:26',0,NULL,NULL,NULL,NULL),(1104,'client_delete_968908@example.com',NULL,NULL,NULL,NULL,NULL,NULL,NULL,'$2b$12$6cYyq.jZQ7ka9GKMjJ1yIulvgekyxpxXCloxzqVUYuBl1Ztslcd5m','Test','Client',NULL,'client','2026-01-21 11:25:26','2026-01-21 11:25:26',0,NULL,NULL,NULL,NULL),(1105,'client_delete_owner_911948@example.com',NULL,NULL,NULL,NULL,NULL,NULL,NULL,'$2b$12$3UunTFqFO2IBVQQO.QhMkub48C3AQ3tkjRL3X8k2Qw2/2tqWTJ0qm','Delete','Owner',NULL,'owner','2026-01-21 11:25:26','2026-01-21 11:25:26',0,NULL,NULL,NULL,NULL),(1106,'client_delete_911948@example.com',NULL,NULL,NULL,NULL,NULL,NULL,NULL,'$2b$12$C6X8e.GO4LzNwNk4PYUTj.mmdUW7sZ4aahqqPvBN77hebYmFerA7i','Test','Client',NULL,'client','2026-01-21 11:25:26','2026-01-21 11:25:26',0,NULL,NULL,NULL,NULL),(1107,'multi_salon_client_464292@example.com',NULL,NULL,NULL,NULL,NULL,NULL,NULL,'$2b$12$2CCijEPUdkUq8yJH8z8Wp.cQeNEAUQIcBmXhnbhKHBLeEkYWBAeti','Multi','Salon',NULL,'client','2026-01-21 11:25:27','2026-01-21 11:25:27',0,NULL,NULL,NULL,NULL),(1108,'notes_owner_313321@example.com',NULL,NULL,NULL,NULL,NULL,NULL,NULL,'$2b$12$ndcYSUWSU4jTl/Om.jyzI.FErNBawOhjLsyISFFUzO7MxpRzLtksC','Notes','Owner',NULL,'owner','2026-01-21 11:25:27','2026-01-21 11:25:27',0,NULL,NULL,NULL,NULL),(1109,'notes_client_313321@example.com',NULL,NULL,NULL,NULL,NULL,NULL,NULL,'$2b$12$jvE3SpIrl/AG9CyHEw8aQ.pK./iYqvGA2sB/ydSC0y/Cg/yXxUnTW','Notes','Client',NULL,'client','2026-01-21 11:25:27','2026-01-21 11:25:27',0,NULL,NULL,NULL,NULL),(1110,'integrity_owner_884313@example.com',NULL,NULL,NULL,NULL,NULL,NULL,NULL,'$2b$12$0LHImgtT5RSMzFtrXUJuruB/0a6rRRu4xbPWDJwdArLfUOUILJH5.','Integrity','Owner',NULL,'owner','2026-01-21 11:25:28','2026-01-21 11:25:28',0,NULL,NULL,NULL,NULL),(1111,'integrity_client_884313@example.com',NULL,NULL,NULL,NULL,NULL,NULL,NULL,'$2b$12$eOL9SFsqdXa9of5YwA5NgebxevAFPiBv4UhRbM4ANKeXw0dgVJSWK','Integrity','Client',NULL,'client','2026-01-21 11:25:28','2026-01-21 11:25:28',0,NULL,NULL,NULL,NULL),(1112,'past_booking_368403@example.com',NULL,NULL,NULL,NULL,NULL,NULL,NULL,'$2b$12$/O1gOLKBT42CTwt/0fsOXOS1Ox1XlAmghLozoc2YOu7HUZYYldwdy','Past','Booking',NULL,'client','2026-01-21 11:25:28','2026-01-21 11:25:28',0,NULL,NULL,NULL,NULL),(1113,'marketplace_272728@example.com',NULL,NULL,NULL,NULL,NULL,NULL,NULL,'$2b$12$H6n9Bv/3rI132jLsxUCYU.0KR.F4XES6VEt8GpxuHk3UzUZvBRtya','Marketplace','Customer',NULL,'client','2026-01-21 11:25:30','2026-01-21 11:25:30',0,NULL,NULL,NULL,NULL),(1114,'multi_service_447138@example.com',NULL,NULL,NULL,NULL,NULL,NULL,NULL,'$2b$12$QB44KSosY.E0GLCqcl6kYeLXZR9fvMA.XxPmavVe7Di.RyXumwiHy','Multi','Service',NULL,'client','2026-01-21 11:25:57','2026-01-21 11:25:57',0,NULL,NULL,NULL,NULL),(1115,'lifecycle_902130@example.com',NULL,NULL,NULL,NULL,NULL,NULL,NULL,'$2b$12$VdjRtEh4xSWv9wotFErXMeaHjf6nfM4BEf5eMaVIGyH1gjZH4/Mpi','Lifecycle','Test',NULL,'client','2026-01-21 11:25:57','2026-01-21 11:25:57',0,NULL,NULL,NULL,NULL),(1116,'lifecycle_698430@example.com',NULL,NULL,NULL,NULL,NULL,NULL,NULL,'$2b$12$u06IhyjjpT91QXjwwrihMe5w71IMMMGZWmK113urs5bTDOf//2R8K','Lifecycle','Test',NULL,'client','2026-01-21 11:25:57','2026-01-21 11:25:57',0,NULL,NULL,NULL,NULL),(1117,'lifecycle_411948@example.com',NULL,NULL,NULL,NULL,NULL,NULL,NULL,'$2b$12$as553RyKCblYRJL.rKb1Meb6kE6yUY2ZziPw6sPl/BP/xN7ln2NXe','Lifecycle','Test',NULL,'client','2026-01-21 11:25:57','2026-01-21 11:25:57',0,NULL,NULL,NULL,NULL),(1118,'lifecycle_628917@example.com',NULL,NULL,NULL,NULL,NULL,NULL,NULL,'$2b$12$FwCRMFILYOvFJ0Uc.xwooOGPz4J5DnaHfDV7abNloA2/m4nlSe8VW','Lifecycle','Test',NULL,'client','2026-01-21 11:25:57','2026-01-21 11:25:57',0,NULL,NULL,NULL,NULL),(1119,'client_delete_owner_872938@example.com',NULL,NULL,NULL,NULL,NULL,NULL,NULL,'$2b$12$RroSmdELpCJrUqBrGHPOl.64lHdVnHgcafj/nkKAqdFQFZ27dQZN.','Delete','Owner',NULL,'owner','2026-01-21 11:25:58','2026-01-21 11:25:58',0,NULL,NULL,NULL,NULL),(1120,'client_delete_owner_782362@example.com',NULL,NULL,NULL,NULL,NULL,NULL,NULL,'$2b$12$C9E1pyc07uICDOb2UBdPauQYuw32VSlTiaojuKgauGXDW9wcqX25e','Delete','Owner',NULL,'owner','2026-01-21 11:25:59','2026-01-21 11:25:59',0,NULL,NULL,NULL,NULL),(1121,'client_delete_owner_18483@example.com',NULL,NULL,NULL,NULL,NULL,NULL,NULL,'$2b$12$pndTRu1iqiF6SXGqrtnSHuMPzf74.ZwHQGCWNv0rc/nUTptD27zme','Delete','Owner',NULL,'owner','2026-01-21 11:25:59','2026-01-21 11:25:59',0,NULL,NULL,NULL,NULL),(1122,'client_delete_872938@example.com',NULL,NULL,NULL,NULL,NULL,NULL,NULL,'$2b$12$MheOeW38gZnP/pWWXUINaOaoPF.avxmBMc07ZnUYv67/KBjIfWf9q','Test','Client',NULL,'client','2026-01-21 11:25:59','2026-01-21 11:25:59',0,NULL,NULL,NULL,NULL),(1123,'client_delete_782362@example.com',NULL,NULL,NULL,NULL,NULL,NULL,NULL,'$2b$12$bqHGLdh.fjG4ddpBa4Z3oeR5bEqhPzk8JO5/mlcPwlFMpPfBEpdSK','Test','Client',NULL,'client','2026-01-21 11:25:59','2026-01-21 11:25:59',0,NULL,NULL,NULL,NULL),(1124,'client_delete_18483@example.com',NULL,NULL,NULL,NULL,NULL,NULL,NULL,'$2b$12$U9OLY9ufH9CwLXnB5As4venwyG/x8Mx29Va7qAvD.ud6bzCXnL2mu','Test','Client',NULL,'client','2026-01-21 11:25:59','2026-01-21 11:25:59',0,NULL,NULL,NULL,NULL),(1125,'multi_salon_client_558927@example.com',NULL,NULL,NULL,NULL,NULL,NULL,NULL,'$2b$12$Rg1G27fRjZmE07gDY3/zeOoZsQfUKLG9C3mZf/YAviJwYZ0LriKhW','Multi','Salon',NULL,'client','2026-01-21 11:25:59','2026-01-21 11:25:59',0,NULL,NULL,NULL,NULL),(1126,'notes_owner_599578@example.com',NULL,NULL,NULL,NULL,NULL,NULL,NULL,'$2b$12$slfh23glKg3TEedhOA5jauCv483W07utoY.RRyGQ9oKv6WVc3h5M2','Notes','Owner',NULL,'owner','2026-01-21 11:26:00','2026-01-21 11:26:00',0,NULL,NULL,NULL,NULL),(1127,'notes_client_599578@example.com',NULL,NULL,NULL,NULL,NULL,NULL,NULL,'$2b$12$pr0rBf8/dldB1Qn8zLqCrOzTHqktHWemzDDHFIWgXFQF2XeSHI3ma','Notes','Client',NULL,'client','2026-01-21 11:26:00','2026-01-21 11:26:00',0,NULL,NULL,NULL,NULL),(1128,'integrity_owner_267872@example.com',NULL,NULL,NULL,NULL,NULL,NULL,NULL,'$2b$12$GrGsnC5Qcksx961vhidIDu.zsjzRjuvsKzL49w1PYrxq7zr41jSs6','Integrity','Owner',NULL,'owner','2026-01-21 11:26:00','2026-01-21 11:26:00',0,NULL,NULL,NULL,NULL),(1129,'integrity_client_267872@example.com',NULL,NULL,NULL,NULL,NULL,NULL,NULL,'$2b$12$TG6NwRV7y2DVxN3dtEJelepJXnqBonLE1pGR1S7i.DSyzKxmevOiq','Integrity','Client',NULL,'client','2026-01-21 11:26:01','2026-01-21 11:26:01',0,NULL,NULL,NULL,NULL),(1130,'past_booking_797201@example.com',NULL,NULL,NULL,NULL,NULL,NULL,NULL,'$2b$12$vhCZlxWQPsOLqJovU/iKKOMlhNu.mC9yzlUIRw5kdrKkjUK3M295e','Past','Booking',NULL,'client','2026-01-21 11:26:01','2026-01-21 11:26:01',0,NULL,NULL,NULL,NULL),(1131,'marketplace_885852@example.com',NULL,NULL,NULL,NULL,NULL,NULL,NULL,'$2b$12$9eDp9USdoDHJGT.7e.64Oe0MJYnLbLe1vS036hPOyTaVBkRof6oQS','Marketplace','Customer',NULL,'client','2026-01-21 11:26:03','2026-01-21 11:26:03',0,NULL,NULL,NULL,NULL),(1132,'lifecycle_792943@example.com',NULL,NULL,NULL,NULL,NULL,NULL,NULL,'$2b$12$fNiAjc5.ETWSojEA4IPUJeGS0L9vOPKRNocMC5Sn1QIsuok8D5/RO','Lifecycle','Test',NULL,'client','2026-01-21 11:26:03','2026-01-21 11:26:03',0,NULL,NULL,NULL,NULL),(1133,'lifecycle_518267@example.com',NULL,NULL,NULL,NULL,NULL,NULL,NULL,'$2b$12$weGO1aJtfxbPsdcETi3cWe.SXnK8Z29SlnIhGVWhsG3C0NJPBU.py','Lifecycle','Test',NULL,'client','2026-01-21 11:26:03','2026-01-21 11:26:03',0,NULL,NULL,NULL,NULL),(1134,'lifecycle_532726@example.com',NULL,NULL,NULL,NULL,NULL,NULL,NULL,'$2b$12$cUjvC10/tUUQcWkmuUvwmuawwyWEn8NsEYNP3GhmRe0cdqy5ObiDy','Lifecycle','Test',NULL,'client','2026-01-21 11:26:03','2026-01-21 11:26:03',0,NULL,NULL,NULL,NULL),(1135,'lifecycle_339299@example.com',NULL,NULL,NULL,NULL,NULL,NULL,NULL,'$2b$12$iTUCzOz658sNJzrEOAMzHuDs9nryMZl9mqPOp6Culu76N5//OlnX6','Lifecycle','Test',NULL,'client','2026-01-21 11:26:03','2026-01-21 11:26:03',0,NULL,NULL,NULL,NULL),(1136,'multi_service_807920@example.com',NULL,NULL,NULL,NULL,NULL,NULL,NULL,'$2b$12$bHoUGEOWjjtI0kaqGmKBU.xZNMJKUzryA3mj0DrP91nlGARb.h25y','Multi','Service',NULL,'client','2026-01-21 11:26:04','2026-01-21 11:26:04',0,NULL,NULL,NULL,NULL),(1137,'client_delete_owner_987739@example.com',NULL,NULL,NULL,NULL,NULL,NULL,NULL,'$2b$12$meK7TpKZtwHiBgJirkmleOKB4yFa3jgoj2JybS4ZqXPE5WhIGvxIi','Delete','Owner',NULL,'owner','2026-01-21 11:26:04','2026-01-21 11:26:04',0,NULL,NULL,NULL,NULL),(1138,'client_delete_owner_17588@example.com',NULL,NULL,NULL,NULL,NULL,NULL,NULL,'$2b$12$Iamno3eOp/T57T04QWxBM.pwTwvxw2UMd3O0PUswKSpYxBHoV4kFC','Delete','Owner',NULL,'owner','2026-01-21 11:26:04','2026-01-21 11:26:04',0,NULL,NULL,NULL,NULL),(1139,'client_delete_987739@example.com',NULL,NULL,NULL,NULL,NULL,NULL,NULL,'$2b$12$AlbaclaRZvq6RdBsmgcYReu.PsTbbayi6x1Y1ESrK0j12pCJfdhqm','Test','Client',NULL,'client','2026-01-21 11:26:04','2026-01-21 11:26:04',0,NULL,NULL,NULL,NULL),(1140,'client_delete_17588@example.com',NULL,NULL,NULL,NULL,NULL,NULL,NULL,'$2b$12$nM/1V91hYSY5XiR1snMf5eZWQrRwuXIlgzjro/dMk6hR4sRKdnSKi','Test','Client',NULL,'client','2026-01-21 11:26:05','2026-01-21 11:26:05',0,NULL,NULL,NULL,NULL),(1141,'client_delete_owner_42767@example.com',NULL,NULL,NULL,NULL,NULL,NULL,NULL,'$2b$12$a4z65iNT.1910WNkvUwVKe6LseDHjRhD9iyRuHZH1hhqk5t2I46xO','Delete','Owner',NULL,'owner','2026-01-21 11:26:05','2026-01-21 11:26:05',0,NULL,NULL,NULL,NULL),(1142,'client_delete_42767@example.com',NULL,NULL,NULL,NULL,NULL,NULL,NULL,'$2b$12$IZBMw7olTvXqZeul6WhmqOPB29Fl6M9hXT9JpmvS5Q/k402Yz41LK','Test','Client',NULL,'client','2026-01-21 11:26:05','2026-01-21 11:26:05',0,NULL,NULL,NULL,NULL),(1143,'multi_salon_client_766008@example.com',NULL,NULL,NULL,NULL,NULL,NULL,NULL,'$2b$12$Y/3XBroE23pIFgXouf13e.CPSEGxDHFzxUKUIPa7i97RSZ87jPsSu','Multi','Salon',NULL,'client','2026-01-21 11:26:05','2026-01-21 11:26:05',0,NULL,NULL,NULL,NULL),(1144,'notes_owner_38811@example.com',NULL,NULL,NULL,NULL,NULL,NULL,NULL,'$2b$12$6kYdV5Pl2/59XSJJXKlWm.WxAt25oYF3qvo1Bx4RVV4TVevO1w24W','Notes','Owner',NULL,'owner','2026-01-21 11:26:06','2026-01-21 11:26:06',0,NULL,NULL,NULL,NULL),(1145,'notes_client_38811@example.com',NULL,NULL,NULL,NULL,NULL,NULL,NULL,'$2b$12$V9ZUGhng6jPAyV3Y7OeBXeWeb4tpFiXWc9zUoh.unsFZ5ztfljTzq','Notes','Client',NULL,'client','2026-01-21 11:26:06','2026-01-21 11:26:06',0,NULL,NULL,NULL,NULL),(1146,'integrity_owner_243815@example.com',NULL,NULL,NULL,NULL,NULL,NULL,NULL,'$2b$12$n9nC6PLrr/EuL5fcrFcaCOgYCxIJn8PhSNI0yAfoza6w6S6WNA4ga','Integrity','Owner',NULL,'owner','2026-01-21 11:26:06','2026-01-21 11:26:06',0,NULL,NULL,NULL,NULL),(1147,'integrity_client_243815@example.com',NULL,NULL,NULL,NULL,NULL,NULL,NULL,'$2b$12$Ie1MqMD.sYq95kPT7PyXReVEGdX1OT8U/dHfPv8oPKmCAooPnBxtC','Integrity','Client',NULL,'client','2026-01-21 11:26:07','2026-01-21 11:26:07',0,NULL,NULL,NULL,NULL),(1148,'past_booking_656392@example.com',NULL,NULL,NULL,NULL,NULL,NULL,NULL,'$2b$12$Dratp0hmOLoMmV2BrkDxkO2MdwvwOQaD1Usfi5yF/K1grIvR8lrEW','Past','Booking',NULL,'client','2026-01-21 11:26:07','2026-01-21 11:26:07',0,NULL,NULL,NULL,NULL),(1149,'marketplace_879536@example.com',NULL,NULL,NULL,NULL,NULL,NULL,NULL,'$2b$12$jxOlYX5vAxNcROGWlYmV5ucNdgzGGX3tqGg1UwwDSE6FKLyu5H4pG','Marketplace','Customer',NULL,'client','2026-01-21 11:26:08','2026-01-21 11:26:08',0,NULL,NULL,NULL,NULL),(1150,'lifecycle_178949@example.com',NULL,NULL,NULL,NULL,NULL,NULL,NULL,'$2b$12$cEPu3O0o7iRJ/jP0nsXkIe2XGqkK1uLNN4C4aMggGxuQNytHNLsqy','Lifecycle','Test',NULL,'client','2026-01-21 11:26:09','2026-01-21 11:26:09',0,NULL,NULL,NULL,NULL),(1151,'lifecycle_907105@example.com',NULL,NULL,NULL,NULL,NULL,NULL,NULL,'$2b$12$bXxQxFP36fJRY7JOocbdO.yrzuA00pcOYWmYti0XboMQ8lcXCJ.lm','Lifecycle','Test',NULL,'client','2026-01-21 11:26:09','2026-01-21 11:26:09',0,NULL,NULL,NULL,NULL),(1152,'lifecycle_727021@example.com',NULL,NULL,NULL,NULL,NULL,NULL,NULL,'$2b$12$iE6JQ8ztaiHvSq6ati3nAuEmYUEj9VUSOryfeH7MwW1rnEyk6oV.C','Lifecycle','Test',NULL,'client','2026-01-21 11:26:09','2026-01-21 11:26:09',0,NULL,NULL,NULL,NULL),(1153,'lifecycle_108260@example.com',NULL,NULL,NULL,NULL,NULL,NULL,NULL,'$2b$12$Nk3etezLlzTeqbJOFOdny.cuV/fOFjskdkP0SVRJPkmYepVYSkACS','Lifecycle','Test',NULL,'client','2026-01-21 11:26:09','2026-01-21 11:26:09',0,NULL,NULL,NULL,NULL),(1154,'multi_service_147128@example.com',NULL,NULL,NULL,NULL,NULL,NULL,NULL,'$2b$12$q1S44W/F8oOGdKIcWwwV2eZXG.xtPNEDigSZOH9.QgcVDguMw1QWW','Multi','Service',NULL,'client','2026-01-21 11:26:09','2026-01-21 11:26:09',0,NULL,NULL,NULL,NULL),(1155,'client_delete_owner_496142@example.com',NULL,NULL,NULL,NULL,NULL,NULL,NULL,'$2b$12$.XGYGKkadI.4nCcWmmNSWuSOaBYeBz8v0j2.HUWijiNZOiXJU5paS','Delete','Owner',NULL,'owner','2026-01-21 11:26:10','2026-01-21 11:26:10',0,NULL,NULL,NULL,NULL),(1156,'client_delete_owner_450180@example.com',NULL,NULL,NULL,NULL,NULL,NULL,NULL,'$2b$12$eZ6vEWBMEl5m2JG4dF5ub.S/jsRF/C/o/mBvY.kOSLJBLrcB2sKkm','Delete','Owner',NULL,'owner','2026-01-21 11:26:10','2026-01-21 11:26:10',0,NULL,NULL,NULL,NULL),(1157,'client_delete_owner_503871@example.com',NULL,NULL,NULL,NULL,NULL,NULL,NULL,'$2b$12$ltBqHrs9EoiSNDtmEwKjPOGVOPtBSVmmJpjDbTfcMNPwDVkLv/mTq','Delete','Owner',NULL,'owner','2026-01-21 11:26:10','2026-01-21 11:26:10',0,NULL,NULL,NULL,NULL),(1158,'multi_salon_client_182278@example.com',NULL,NULL,NULL,NULL,NULL,NULL,NULL,'$2b$12$8sWd9.9J13DYU1v0KIQ73eZ3t4B/wHrbGWGFBbe/4lkJS.8P5hDtq','Multi','Salon',NULL,'client','2026-01-21 11:26:10','2026-01-21 11:26:10',0,NULL,NULL,NULL,NULL),(1159,'notes_owner_169404@example.com',NULL,NULL,NULL,NULL,NULL,NULL,NULL,'$2b$12$yo4sRRS9ya8gyafqnsC.W.9ZLG.Lv2nWj9WEcvriYFsGU8Fml64GK','Notes','Owner',NULL,'owner','2026-01-21 11:26:11','2026-01-21 11:26:11',0,NULL,NULL,NULL,NULL),(1160,'client_delete_496142@example.com',NULL,NULL,NULL,NULL,NULL,NULL,NULL,'$2b$12$REPr1hml4AygS8iXspm7kulxA8IfgJLVKbZC2jYzLiEc1NqxKZD4W','Test','Client',NULL,'client','2026-01-21 11:26:11','2026-01-21 11:26:11',0,NULL,NULL,NULL,NULL),(1161,'client_delete_450180@example.com',NULL,NULL,NULL,NULL,NULL,NULL,NULL,'$2b$12$7XafR9qWR5jA4VP/axJ5EePBGfzsLtOi3ei9DezOYNQGcKgjvT7P.','Test','Client',NULL,'client','2026-01-21 11:26:11','2026-01-21 11:26:11',0,NULL,NULL,NULL,NULL),(1162,'client_delete_503871@example.com',NULL,NULL,NULL,NULL,NULL,NULL,NULL,'$2b$12$we/zjqgRRT.MWAPcDFl.W.TCshgrIXICD3OGSxTj.9x14OeiDIiBS','Test','Client',NULL,'client','2026-01-21 11:26:11','2026-01-21 11:26:11',0,NULL,NULL,NULL,NULL),(1163,'notes_client_169404@example.com',NULL,NULL,NULL,NULL,NULL,NULL,NULL,'$2b$12$PpxmNYxu6pstV/hjn6maW.LonxOTIODnzHYW94tMeVuvuohIhNLpm','Notes','Client',NULL,'client','2026-01-21 11:26:12','2026-01-21 11:26:12',0,NULL,NULL,NULL,NULL),(1164,'integrity_owner_266532@example.com',NULL,NULL,NULL,NULL,NULL,NULL,NULL,'$2b$12$Qm3prF5/B0rfhPBvIVJys.MHYgyWKzQi4nrFHU3gym59yarbICYNK','Integrity','Owner',NULL,'owner','2026-01-21 11:26:12','2026-01-21 11:26:12',0,NULL,NULL,NULL,NULL),(1165,'integrity_client_266532@example.com',NULL,NULL,NULL,NULL,NULL,NULL,NULL,'$2b$12$0J0nVWJK.8y4AvZ4b37Wsu6YpPM1y2bUxdeo2wQ.sh5NwDN3vQRnm','Integrity','Client',NULL,'client','2026-01-21 11:26:12','2026-01-21 11:26:12',0,NULL,NULL,NULL,NULL),(1166,'past_booking_209539@example.com',NULL,NULL,NULL,NULL,NULL,NULL,NULL,'$2b$12$Ol.8YdTUEgYFfOxWV8wBneMvQDs7TwaSUBHFEZsnn9Glg8dfkUJY2','Past','Booking',NULL,'client','2026-01-21 11:26:13','2026-01-21 11:26:13',0,NULL,NULL,NULL,NULL),(1167,'marketplace_840273@example.com',NULL,NULL,NULL,NULL,NULL,NULL,NULL,'$2b$12$2LvbA5QRMfBh0J/ChzCeneGw/E53JrNI.cpkQA/s3sXuWT96gxoqK','Marketplace','Customer',NULL,'client','2026-01-21 11:26:14','2026-01-21 11:26:14',0,NULL,NULL,NULL,NULL),(1168,'lifecycle_390173@example.com',NULL,NULL,NULL,NULL,NULL,NULL,NULL,'$2b$12$aLYQk.1dmvz5cyFO1sUKxOqpGb4e6jND0gseDQS8l.L5BDvkh/m0.','Lifecycle','Test',NULL,'client','2026-01-21 11:26:14','2026-01-21 11:26:14',0,NULL,NULL,NULL,NULL),(1169,'lifecycle_878933@example.com',NULL,NULL,NULL,NULL,NULL,NULL,NULL,'$2b$12$oWSRtSy2mru.E7waNb6iZOzAWgFsGz8HZAuyZ/ZqPYhIMMLN9oe9a','Lifecycle','Test',NULL,'client','2026-01-21 11:26:15','2026-01-21 11:26:15',0,NULL,NULL,NULL,NULL),(1170,'lifecycle_272734@example.com',NULL,NULL,NULL,NULL,NULL,NULL,NULL,'$2b$12$x.Io39DYEOW2PYJjyD.zyeHTfz4DF6gTmljxnB3PGpXAqxjxMs/cK','Lifecycle','Test',NULL,'client','2026-01-21 11:26:15','2026-01-21 11:26:15',0,NULL,NULL,NULL,NULL),(1171,'lifecycle_357801@example.com',NULL,NULL,NULL,NULL,NULL,NULL,NULL,'$2b$12$Awx3egnlQfLm20KVHhVjnuus2cfhVebN.mOZGVM.cXUMD8l3dSfbK','Lifecycle','Test',NULL,'client','2026-01-21 11:26:15','2026-01-21 11:26:15',0,NULL,NULL,NULL,NULL),(1172,'multi_service_575145@example.com',NULL,NULL,NULL,NULL,NULL,NULL,NULL,'$2b$12$RZzwPjFag21dFttcfsPG..ztY9qeXLK6vOn8RpYxgvtM5ufQS5Zfu','Multi','Service',NULL,'client','2026-01-21 11:26:15','2026-01-21 11:26:15',0,NULL,NULL,NULL,NULL),(1173,'client_delete_owner_609089@example.com',NULL,NULL,NULL,NULL,NULL,NULL,NULL,'$2b$12$qDgJd6Tacx.uxZDnTRwhq.DLvZFpwXj7zpanEWwkBwpbOabIdniQ.','Delete','Owner',NULL,'owner','2026-01-21 11:26:16','2026-01-21 11:26:16',0,NULL,NULL,NULL,NULL),(1174,'client_delete_owner_478149@example.com',NULL,NULL,NULL,NULL,NULL,NULL,NULL,'$2b$12$3UtAZcxvcWmEf237RbxHWu4v4sWchqAnaOmpwQ/pDtUf.aCyIbSF2','Delete','Owner',NULL,'owner','2026-01-21 11:26:16','2026-01-21 11:26:16',0,NULL,NULL,NULL,NULL),(1175,'multi_salon_client_720734@example.com',NULL,NULL,NULL,NULL,NULL,NULL,NULL,'$2b$12$2bMYQYMF6l9FfrC7cSdo6OfoAYJo2Z3mdLcCmCp3nIVOhvLD4VZoy','Multi','Salon',NULL,'client','2026-01-21 11:26:16','2026-01-21 11:26:16',0,NULL,NULL,NULL,NULL),(1176,'client_delete_owner_75148@example.com',NULL,NULL,NULL,NULL,NULL,NULL,NULL,'$2b$12$XlMQdLuwJsjlYGhLqZRhb.GIpNCNXxRahrLYE3XDGmg0S0669Qd6q','Delete','Owner',NULL,'owner','2026-01-21 11:26:16','2026-01-21 11:26:16',0,NULL,NULL,NULL,NULL),(1177,'notes_owner_407276@example.com',NULL,NULL,NULL,NULL,NULL,NULL,NULL,'$2b$12$F/sDyacQgbPsx4JfeVIFpu3k2tplstkbp6LuJkXBBNz8taqlGTLJK','Notes','Owner',NULL,'owner','2026-01-21 11:26:16','2026-01-21 11:26:16',0,NULL,NULL,NULL,NULL),(1178,'client_delete_609089@example.com',NULL,NULL,NULL,NULL,NULL,NULL,NULL,'$2b$12$E.IumlLRbbqnmh1eYuFM7OJcOgsfjL0AP4ifYsGcVbtUEw44zgUN.','Test','Client',NULL,'client','2026-01-21 11:26:17','2026-01-21 11:26:17',0,NULL,NULL,NULL,NULL),(1179,'client_delete_478149@example.com',NULL,NULL,NULL,NULL,NULL,NULL,NULL,'$2b$12$BBKhDEMz3sDW6cQG6Fd1G.oyIUZv7K1KILdUn5olgirW9L6KiZHhe','Test','Client',NULL,'client','2026-01-21 11:26:17','2026-01-21 11:26:17',0,NULL,NULL,NULL,NULL),(1180,'client_delete_75148@example.com',NULL,NULL,NULL,NULL,NULL,NULL,NULL,'$2b$12$pKAMoqUzz95J4yBmgk48b.vRT/FnK7zq9P1OWCBEvHm9kVlqJfRDO','Test','Client',NULL,'client','2026-01-21 11:26:17','2026-01-21 11:26:17',0,NULL,NULL,NULL,NULL),(1181,'notes_client_407276@example.com',NULL,NULL,NULL,NULL,NULL,NULL,NULL,'$2b$12$zichs6euDJ4PiimCCe6fWO2zkurZ.voHoFNElJqds.vZ7WEaLr0yq','Notes','Client',NULL,'client','2026-01-21 11:26:17','2026-01-21 11:26:17',0,NULL,NULL,NULL,NULL),(1182,'integrity_owner_993479@example.com',NULL,NULL,NULL,NULL,NULL,NULL,NULL,'$2b$12$AbzRjH.oEGIgui9vYAouheqQ0iqO4B1fhpjnj6TfNNSYCwiRks.t6','Integrity','Owner',NULL,'owner','2026-01-21 11:26:18','2026-01-21 11:26:18',0,NULL,NULL,NULL,NULL),(1183,'integrity_client_993479@example.com',NULL,NULL,NULL,NULL,NULL,NULL,NULL,'$2b$12$MNNGu/HJUaa/f2zfgSw4iujdaQMFPmTdqwFx4CGnPvekzDyBOgAwW','Integrity','Client',NULL,'client','2026-01-21 11:26:18','2026-01-21 11:26:18',0,NULL,NULL,NULL,NULL),(1184,'past_booking_609756@example.com',NULL,NULL,NULL,NULL,NULL,NULL,NULL,'$2b$12$m3sopkXc.ofROf4JgcxfKe4rnCsEnSyO2yLm0R06cE1Qyy2OUIsyy','Past','Booking',NULL,'client','2026-01-21 11:26:19','2026-01-21 11:26:19',0,NULL,NULL,NULL,NULL),(1185,'marketplace_677562@example.com',NULL,NULL,NULL,NULL,NULL,NULL,NULL,'$2b$12$Ei6qyTB4dyw3ZYCDO6hN9upMisV/nvvKt/NzH8HfJN2HA2Jbm8CYi','Marketplace','Customer',NULL,'client','2026-01-21 11:26:20','2026-01-21 11:26:20',0,NULL,NULL,NULL,NULL),(1186,'lifecycle_872505@example.com',NULL,NULL,NULL,NULL,NULL,NULL,NULL,'$2b$12$H02OMXRtWx53gwDE.17C2eVR..UAizrqdCgJDvnthV/adsikuPEPy','Lifecycle','Test',NULL,'client','2026-01-21 11:26:20','2026-01-21 11:26:20',0,NULL,NULL,NULL,NULL),(1187,'lifecycle_557536@example.com',NULL,NULL,NULL,NULL,NULL,NULL,NULL,'$2b$12$h6l4zJZnUF1Y053Vk92OLujZOslBGy26YaMHZiAXENiUpzQKQgOsC','Lifecycle','Test',NULL,'client','2026-01-21 11:26:20','2026-01-21 11:26:20',0,NULL,NULL,NULL,NULL),(1188,'lifecycle_57264@example.com',NULL,NULL,NULL,NULL,NULL,NULL,NULL,'$2b$12$/2UtAF2lCCm5aC2tlJNqKO6O/tjZiBLw4NCkMMa1f7WwokpmETYKq','Lifecycle','Test',NULL,'client','2026-01-21 11:26:21','2026-01-21 11:26:21',0,NULL,NULL,NULL,NULL),(1189,'multi_service_434673@example.com',NULL,NULL,NULL,NULL,NULL,NULL,NULL,'$2b$12$p2bnrRPkV7I6SXUIXeXhvuPWJ7mPUlFZxWnTa7bEUj52VBIdFs1.K','Multi','Service',NULL,'client','2026-01-21 11:26:21','2026-01-21 11:26:21',0,NULL,NULL,NULL,NULL),(1190,'lifecycle_209909@example.com',NULL,NULL,NULL,NULL,NULL,NULL,NULL,'$2b$12$ClPiP6jMFDubBiHq1X8Is.kyCs428FTq/wwwumeTF0TCPadvqBX9S','Lifecycle','Test',NULL,'client','2026-01-21 11:26:21','2026-01-21 11:26:21',0,NULL,NULL,NULL,NULL),(1191,'client_delete_owner_797094@example.com',NULL,NULL,NULL,NULL,NULL,NULL,NULL,'$2b$12$TlV.gIlys/ElxFlbuSzyl.CHXwpQWt6Gend626V0pI4NaQKwyYFL.','Delete','Owner',NULL,'owner','2026-01-21 11:26:21','2026-01-21 11:26:21',0,NULL,NULL,NULL,NULL),(1192,'client_delete_797094@example.com',NULL,NULL,NULL,NULL,NULL,NULL,NULL,'$2b$12$RKXe2n8W3CiqNGHyzL0.A.XhNzoaf0v6OUR61aDOHRHiEHitWzlsm','Test','Client',NULL,'client','2026-01-21 11:26:22','2026-01-21 11:26:22',0,NULL,NULL,NULL,NULL),(1193,'client_delete_owner_889745@example.com',NULL,NULL,NULL,NULL,NULL,NULL,NULL,'$2b$12$aeYiUIEy0.reM670s60UPOwtctp.T0RIJy4Udbm4Ei8xRBDifsKv.','Delete','Owner',NULL,'owner','2026-01-21 11:26:22','2026-01-21 11:26:22',0,NULL,NULL,NULL,NULL),(1194,'client_delete_owner_261957@example.com',NULL,NULL,NULL,NULL,NULL,NULL,NULL,'$2b$12$Knymni.RFV0tuMGSbENl1.0bZ.l/RYy0TepY03BB78WtlE3ye5gPq','Delete','Owner',NULL,'owner','2026-01-21 11:26:22','2026-01-21 11:26:22',0,NULL,NULL,NULL,NULL),(1195,'multi_salon_client_174376@example.com',NULL,NULL,NULL,NULL,NULL,NULL,NULL,'$2b$12$xyYMZ87DflqG2KrwKBYKsO48Bcouc5KS7UfYKJ/ixE8lWhVomCyg2','Multi','Salon',NULL,'client','2026-01-21 11:26:22','2026-01-21 11:26:22',0,NULL,NULL,NULL,NULL),(1196,'client_delete_889745@example.com',NULL,NULL,NULL,NULL,NULL,NULL,NULL,'$2b$12$AGj8jG90yOPuEkpSufvYzuVLVC0bG7atbEcghqHsp7/Wvco7F2OSW','Test','Client',NULL,'client','2026-01-21 11:26:22','2026-01-21 11:26:22',0,NULL,NULL,NULL,NULL),(1197,'client_delete_261957@example.com',NULL,NULL,NULL,NULL,NULL,NULL,NULL,'$2b$12$TKt7gxUhXdAGFtRXsVFinOVtLrim/HAVjVqFZR.zau94sejWd9o5S','Test','Client',NULL,'client','2026-01-21 11:26:23','2026-01-21 11:26:23',0,NULL,NULL,NULL,NULL),(1198,'notes_owner_732357@example.com',NULL,NULL,NULL,NULL,NULL,NULL,NULL,'$2b$12$nxdMaMu.wMyIbcIwaRVE0.sWnHWFU2ySY1Li18PqiHhY1tjPlrU9m','Notes','Owner',NULL,'owner','2026-01-21 11:26:23','2026-01-21 11:26:23',0,NULL,NULL,NULL,NULL),(1199,'notes_client_732357@example.com',NULL,NULL,NULL,NULL,NULL,NULL,NULL,'$2b$12$bA7s.ST3QdkmsPls7SNsXOr1jaKy6/CUA1nr4/icEvZbmtmQNcP0a','Notes','Client',NULL,'client','2026-01-21 11:26:23','2026-01-21 11:26:23',0,NULL,NULL,NULL,NULL),(1200,'integrity_owner_800603@example.com',NULL,NULL,NULL,NULL,NULL,NULL,NULL,'$2b$12$H6dqxcFWBCnVGyD845aZnOHdyX2fD6bsswsMZV14I97EJitllCgf6','Integrity','Owner',NULL,'owner','2026-01-21 11:26:24','2026-01-21 11:26:24',0,NULL,NULL,NULL,NULL),(1201,'integrity_client_800603@example.com',NULL,NULL,NULL,NULL,NULL,NULL,NULL,'$2b$12$a/QbOxWyJehaghMLrO3rX.T4DVxsquGrWixTv3sXHZrRy6gC5nu5q','Integrity','Client',NULL,'client','2026-01-21 11:26:24','2026-01-21 11:26:24',0,NULL,NULL,NULL,NULL),(1202,'past_booking_92312@example.com',NULL,NULL,NULL,NULL,NULL,NULL,NULL,'$2b$12$QtDHtdMqG6B2MqaxweQBQeomYj0eSscEm6QZ9fArNf6vLs0niqSVC','Past','Booking',NULL,'client','2026-01-21 11:26:24','2026-01-21 11:26:24',0,NULL,NULL,NULL,NULL),(1203,'marketplace_70103@example.com',NULL,NULL,NULL,NULL,NULL,NULL,NULL,'$2b$12$.rNxK6R6eVZyhkzJQ7FUn.HqJB3wJht/528wS7Rg7IEw3kgq8S5oa','Marketplace','Customer',NULL,'client','2026-01-21 11:26:26','2026-01-21 11:26:26',0,NULL,NULL,NULL,NULL),(1204,'lifecycle_104078@example.com',NULL,NULL,NULL,NULL,NULL,NULL,NULL,'$2b$12$fjaPf.UnL8gA2cVb3/Gmz.PZDy47ydZhUtxSo0LGJdA3G/qv49OY.','Lifecycle','Test',NULL,'client','2026-01-21 11:26:26','2026-01-21 11:26:26',0,NULL,NULL,NULL,NULL),(1205,'client_delete_owner_752589@example.com',NULL,NULL,NULL,NULL,NULL,NULL,NULL,'$2b$12$VSlvdI0RAD.wqIc3Yy4XX.q73wwzmsJ/FTTUcGDTlK8JsSiIe1PUG','Delete','Owner',NULL,'owner','2026-01-21 11:26:26','2026-01-21 11:26:26',0,NULL,NULL,NULL,NULL),(1206,'lifecycle_765497@example.com',NULL,NULL,NULL,NULL,NULL,NULL,NULL,'$2b$12$tvy84RHSyYaukcFLKlLvy.mSR/YQ9McqUa4dTSGO5LRI47Wr6Nxra','Lifecycle','Test',NULL,'client','2026-01-21 11:26:27','2026-01-21 11:26:27',0,NULL,NULL,NULL,NULL),(1207,'lifecycle_695579@example.com',NULL,NULL,NULL,NULL,NULL,NULL,NULL,'$2b$12$I9V.p/eATE1366tHh6Xd.OMfDB9rDNlw326nS1o3e2D3sZ6Y8L3tu','Lifecycle','Test',NULL,'client','2026-01-21 11:26:27','2026-01-21 11:26:27',0,NULL,NULL,NULL,NULL),(1208,'multi_service_712320@example.com',NULL,NULL,NULL,NULL,NULL,NULL,NULL,'$2b$12$AQawBnMeb2YVkmNwAbGTGumW9oay07vRDtNql18l5PCfbvTI043DC','Multi','Service',NULL,'client','2026-01-21 11:26:27','2026-01-21 11:26:27',0,NULL,NULL,NULL,NULL),(1209,'client_delete_752589@example.com',NULL,NULL,NULL,NULL,NULL,NULL,NULL,'$2b$12$LN36lOcuXTCRHzQOOhoJb.qgSgUqAr/xDfzrwl1tGZrcasC47slia','Test','Client',NULL,'client','2026-01-21 11:26:27','2026-01-21 11:26:27',0,NULL,NULL,NULL,NULL),(1210,'lifecycle_445190@example.com',NULL,NULL,NULL,NULL,NULL,NULL,NULL,'$2b$12$yP2Y.CA9bYSYEr76cUKTo.Uc41jnEtOcM6SOJTQsg/9YmZCYnVF9e','Lifecycle','Test',NULL,'client','2026-01-21 11:26:27','2026-01-21 11:26:27',0,NULL,NULL,NULL,NULL),(1211,'client_delete_owner_329061@example.com',NULL,NULL,NULL,NULL,NULL,NULL,NULL,'$2b$12$.tZIjmkF4LghAlldhA4jF.JLJ9JysR6BvCZ6TfN3f7Le/AtFCtBlW','Delete','Owner',NULL,'owner','2026-01-21 11:26:28','2026-01-21 11:26:28',0,NULL,NULL,NULL,NULL),(1212,'client_delete_owner_986552@example.com',NULL,NULL,NULL,NULL,NULL,NULL,NULL,'$2b$12$LCuGjY4JcsI8bJFH5ZybnOccT5vb8HWFPug80KgihYvXN08JM6Cye','Delete','Owner',NULL,'owner','2026-01-21 11:26:28','2026-01-21 11:26:28',0,NULL,NULL,NULL,NULL),(1213,'multi_salon_client_510510@example.com',NULL,NULL,NULL,NULL,NULL,NULL,NULL,'$2b$12$VA8uz7ttIFSDsROM8NHoQuYHezKjG7dGsSyVN0tJfjI7VTwSsovE6','Multi','Salon',NULL,'client','2026-01-21 11:26:28','2026-01-21 11:26:28',0,NULL,NULL,NULL,NULL),(1214,'notes_owner_248671@example.com',NULL,NULL,NULL,NULL,NULL,NULL,NULL,'$2b$12$RcTcrfGtUYbnR1PgeRmQM.N3BVLgbY1H7hocIkfVLNIxfV.k5S.L.','Notes','Owner',NULL,'owner','2026-01-21 11:26:28','2026-01-21 11:26:28',0,NULL,NULL,NULL,NULL),(1215,'client_delete_329061@example.com',NULL,NULL,NULL,NULL,NULL,NULL,NULL,'$2b$12$5lgVgGwdGys9XsPz3SwQt.86DZTPxU9rgXGYCVFa0mySQdni5M9Bm','Test','Client',NULL,'client','2026-01-21 11:26:29','2026-01-21 11:26:29',0,NULL,NULL,NULL,NULL),(1216,'client_delete_986552@example.com',NULL,NULL,NULL,NULL,NULL,NULL,NULL,'$2b$12$YQJGWSRvYx/EezfqxXMoSugIavmieHZFbRcpwJfRLAItY1Qc1vhVq','Test','Client',NULL,'client','2026-01-21 11:26:29','2026-01-21 11:26:29',0,NULL,NULL,NULL,NULL),(1217,'notes_client_248671@example.com',NULL,NULL,NULL,NULL,NULL,NULL,NULL,'$2b$12$2hbNtib/WI0B3tW3CXWuv.LbtWcqdNgEyQo8mjSoJcNGLI8KzHvPC','Notes','Client',NULL,'client','2026-01-21 11:26:29','2026-01-21 11:26:29',0,NULL,NULL,NULL,NULL),(1218,'integrity_owner_684891@example.com',NULL,NULL,NULL,NULL,NULL,NULL,NULL,'$2b$12$3FVy9QrUbPPXJTnJN2ArGuZcxnZJd55WxkCS6oXSJuJ/bQy/6Wx.6','Integrity','Owner',NULL,'owner','2026-01-21 11:26:30','2026-01-21 11:26:30',0,NULL,NULL,NULL,NULL),(1219,'integrity_client_684891@example.com',NULL,NULL,NULL,NULL,NULL,NULL,NULL,'$2b$12$H4PyKQTskDMAV/iMO5V89OA.QW06mgEtOiNhascVWCie5ZAM66D4m','Integrity','Client',NULL,'client','2026-01-21 11:26:30','2026-01-21 11:26:30',0,NULL,NULL,NULL,NULL),(1220,'past_booking_978455@example.com',NULL,NULL,NULL,NULL,NULL,NULL,NULL,'$2b$12$Y0K9aI02TCU.yVn6IHYP9OF0dHCHxfkkpNdYM6tVNqeBPxdha3W5K','Past','Booking',NULL,'client','2026-01-21 11:26:30','2026-01-21 11:26:30',0,NULL,NULL,NULL,NULL),(1221,'marketplace_244144@example.com',NULL,NULL,NULL,NULL,NULL,NULL,NULL,'$2b$12$ZumajwdCINu/G9nAC9NOo.BqfknTNmhmGONYl69PShqt6XVP42VcS','Marketplace','Customer',NULL,'client','2026-01-21 11:26:32','2026-01-21 11:26:32',0,NULL,NULL,NULL,NULL),(1222,'owntertestcreation@fresh.com','+213562105687',NULL,NULL,NULL,NULL,NULL,NULL,'$2b$12$F32i3nhpnhheuoj1jge9VOyoyf1T1Xz1arCNe1Zv6V1HprFrToUw6','brahim','moulahoum','','client','2026-01-21 12:14:50','2026-01-21 12:14:50',0,NULL,NULL,NULL,NULL),(1223,'client_1771352347099_qwkv@placeholder.local',NULL,NULL,NULL,NULL,NULL,NULL,NULL,'','moh',NULL,NULL,'client','2026-02-17 19:19:07','2026-02-17 19:19:07',0,NULL,NULL,NULL,NULL),(1224,'client_1771356860988_ctj9@placeholder.local',NULL,NULL,NULL,NULL,NULL,NULL,NULL,'','moh',NULL,NULL,'client','2026-02-17 20:34:20','2026-02-17 20:34:20',0,NULL,NULL,NULL,NULL),(1225,'client_1771357000453_uszs@placeholder.local',NULL,NULL,NULL,NULL,NULL,NULL,NULL,'','moh',NULL,NULL,'client','2026-02-17 20:36:40','2026-02-17 20:36:40',0,NULL,NULL,NULL,NULL),(1226,'client_1771357004493_plym@placeholder.local',NULL,NULL,NULL,NULL,NULL,NULL,NULL,'','moh',NULL,NULL,'client','2026-02-17 20:36:44','2026-02-17 20:36:44',0,NULL,NULL,NULL,NULL),(1227,'client_1771502592625_s08h@placeholder.local',NULL,NULL,NULL,NULL,NULL,NULL,NULL,'','moh',NULL,NULL,'client','2026-02-19 13:03:12','2026-02-19 13:03:12',0,NULL,NULL,NULL,NULL),(1228,'client_1771514981705_glra@placeholder.local',NULL,NULL,NULL,NULL,NULL,NULL,NULL,'','moh',NULL,NULL,'client','2026-02-19 16:29:41','2026-02-19 16:29:41',0,NULL,NULL,NULL,NULL),(1229,'client_1771603886055_t2pb@placeholder.local',NULL,NULL,NULL,NULL,NULL,NULL,NULL,'','moh',NULL,NULL,'client','2026-02-20 17:11:26','2026-02-20 17:11:26',0,NULL,NULL,NULL,NULL),(1230,'client_1771603896539_de9a@placeholder.local',NULL,NULL,NULL,NULL,NULL,NULL,NULL,'','a',NULL,NULL,'client','2026-02-20 17:11:36','2026-02-20 17:11:36',0,NULL,NULL,NULL,NULL),(1231,'client_1771678505793_8dt5@placeholder.local',NULL,NULL,NULL,NULL,NULL,NULL,NULL,'','moh',NULL,NULL,'client','2026-02-21 13:55:05','2026-02-21 13:55:05',0,NULL,NULL,NULL,NULL),(1232,'client_1771680152820_tcrh@placeholder.local',NULL,NULL,NULL,NULL,NULL,NULL,NULL,'','moh',NULL,NULL,'client','2026-02-21 14:22:32','2026-02-21 14:22:32',0,NULL,NULL,NULL,NULL),(1233,'client_1771680594751_338h@placeholder.local',NULL,NULL,NULL,NULL,NULL,NULL,NULL,'','moh',NULL,NULL,'client','2026-02-21 14:29:54','2026-02-21 14:29:54',0,NULL,NULL,NULL,NULL),(1234,'client_1771681139331_ggf8@placeholder.local',NULL,NULL,NULL,NULL,NULL,NULL,NULL,'','moh',NULL,NULL,'client','2026-02-21 14:38:59','2026-02-21 14:38:59',0,NULL,NULL,NULL,NULL),(1235,'client_1771681147435_eu0t@placeholder.local',NULL,NULL,NULL,NULL,NULL,NULL,NULL,'','moh',NULL,NULL,'client','2026-02-21 14:39:07','2026-02-21 14:39:07',0,NULL,NULL,NULL,NULL),(1236,'client_1771681849067_f3ah@placeholder.local',NULL,NULL,NULL,NULL,NULL,NULL,NULL,'','moh',NULL,NULL,'client','2026-02-21 14:50:49','2026-02-21 14:50:49',0,NULL,NULL,NULL,NULL),(1237,'dofus-bhmx@live.fr','dofus-bhmx@live.fr',NULL,NULL,NULL,NULL,NULL,NULL,'','moh',NULL,NULL,'client','2026-02-21 15:14:23','2026-02-21 15:14:34',0,NULL,NULL,NULL,NULL),(1238,'client_1771686209090_rfn1@placeholder.local',NULL,NULL,NULL,NULL,NULL,NULL,NULL,'','moh',NULL,NULL,'client','2026-02-21 16:03:29','2026-02-21 16:03:29',0,NULL,NULL,NULL,NULL),(1239,'client_1771686224597_p5ce@placeholder.local',NULL,NULL,NULL,NULL,NULL,NULL,NULL,'','moh',NULL,NULL,'client','2026-02-21 16:03:44','2026-02-21 16:03:44',0,NULL,NULL,NULL,NULL),(1240,'client_1771686252977_qbic@placeholder.local',NULL,NULL,NULL,NULL,NULL,NULL,NULL,'','moh',NULL,NULL,'client','2026-02-21 16:04:12','2026-02-21 16:04:12',0,NULL,NULL,NULL,NULL),(1241,'client_1771686259971_5q7l@placeholder.local',NULL,NULL,NULL,NULL,NULL,NULL,NULL,'','moh',NULL,NULL,'client','2026-02-21 16:04:19','2026-02-21 16:04:19',0,NULL,NULL,NULL,NULL);
/*!40000 ALTER TABLE `users` ENABLE KEYS */;
UNLOCK TABLES;

--
-- Table structure for table `waitlist`
--

DROP TABLE IF EXISTS `waitlist`;
/*!40101 SET @saved_cs_client     = @@character_set_client */;
/*!50503 SET character_set_client = utf8mb4 */;
CREATE TABLE `waitlist` (
  `id` bigint unsigned NOT NULL AUTO_INCREMENT,
  `salon_id` bigint unsigned NOT NULL,
  `client_id` bigint unsigned NOT NULL,
  `service_id` bigint unsigned DEFAULT NULL,
  `staff_id` bigint unsigned DEFAULT NULL,
  `preferred_date` date NOT NULL,
  `preferred_time_start` time DEFAULT NULL,
  `preferred_time_end` time DEFAULT NULL,
  `notes` text,
  `status` enum('pending','notified','booked','expired','cancelled') DEFAULT 'pending',
  `notified_at` datetime DEFAULT NULL,
  `created_at` datetime DEFAULT CURRENT_TIMESTAMP,
  PRIMARY KEY (`id`),
  KEY `idx_waitlist_salon` (`salon_id`),
  KEY `idx_waitlist_client` (`client_id`),
  KEY `idx_waitlist_date` (`preferred_date`),
  KEY `service_id` (`service_id`),
  KEY `staff_id` (`staff_id`),
  KEY `idx_waitlist_salon_date_status` (`salon_id`,`preferred_date`,`status`),
  KEY `idx_waitlist_service_status` (`service_id`,`status`),
  CONSTRAINT `waitlist_ibfk_1` FOREIGN KEY (`salon_id`) REFERENCES `salons` (`id`) ON DELETE CASCADE,
  CONSTRAINT `waitlist_ibfk_2` FOREIGN KEY (`client_id`) REFERENCES `users` (`id`) ON DELETE CASCADE,
  CONSTRAINT `waitlist_ibfk_3` FOREIGN KEY (`service_id`) REFERENCES `services` (`id`) ON DELETE SET NULL,
  CONSTRAINT `waitlist_ibfk_4` FOREIGN KEY (`staff_id`) REFERENCES `staff` (`id`) ON DELETE SET NULL
) ENGINE=InnoDB DEFAULT CHARSET=utf8mb4 COLLATE=utf8mb4_0900_ai_ci;
/*!40101 SET character_set_client = @saved_cs_client */;

--
-- Dumping data for table `waitlist`
--

LOCK TABLES `waitlist` WRITE;
/*!40000 ALTER TABLE `waitlist` DISABLE KEYS */;
/*!40000 ALTER TABLE `waitlist` ENABLE KEYS */;
UNLOCK TABLES;

--
-- Table structure for table `widget_settings`
--

DROP TABLE IF EXISTS `widget_settings`;
/*!40101 SET @saved_cs_client     = @@character_set_client */;
/*!50503 SET character_set_client = utf8mb4 */;
CREATE TABLE `widget_settings` (
  `salon_id` bigint unsigned NOT NULL,
  `enabled` tinyint(1) DEFAULT '1',
  `primary_color` varchar(20) DEFAULT '#000000',
  `secondary_color` varchar(20) DEFAULT '#FFFFFF',
  `button_text` varchar(100) DEFAULT 'Book Now',
  `show_services` tinyint(1) DEFAULT '1',
  `show_staff` tinyint(1) DEFAULT '1',
  `show_prices` tinyint(1) DEFAULT '1',
  `require_phone` tinyint(1) DEFAULT '1',
  `require_email` tinyint(1) DEFAULT '1',
  `allow_notes` tinyint(1) DEFAULT '1',
  `terms_url` varchar(500) DEFAULT NULL,
  `success_message` text,
  PRIMARY KEY (`salon_id`),
  CONSTRAINT `widget_settings_ibfk_1` FOREIGN KEY (`salon_id`) REFERENCES `salons` (`id`) ON DELETE CASCADE
) ENGINE=InnoDB DEFAULT CHARSET=utf8mb4 COLLATE=utf8mb4_0900_ai_ci;
/*!40101 SET character_set_client = @saved_cs_client */;

--
-- Dumping data for table `widget_settings`
--

LOCK TABLES `widget_settings` WRITE;
/*!40000 ALTER TABLE `widget_settings` DISABLE KEYS */;
INSERT INTO `widget_settings` VALUES (163,1,'#8B5CF6','#EC4899','Book Now',1,1,1,1,1,1,NULL,NULL),(164,1,'#EC4899','#8B5CF6','Book Now',1,1,1,1,1,1,NULL,NULL),(165,1,'#3B82F6','#1E40AF','Book Now',1,1,1,1,1,1,NULL,NULL),(166,1,'#F59E0B','#EF4444','Book Now',1,1,1,1,1,1,NULL,NULL),(167,1,'#10B981','#059669','Book Now',1,1,1,1,1,1,NULL,NULL),(168,1,'#8B5CF6','#6366F1','Book Now',1,1,1,1,1,1,NULL,NULL);
/*!40000 ALTER TABLE `widget_settings` ENABLE KEYS */;
UNLOCK TABLES;

--
-- Dumping events for database 'fresh'
--

--
-- Dumping routines for database 'fresh'
--
/*!40103 SET TIME_ZONE=@OLD_TIME_ZONE */;

/*!40101 SET SQL_MODE=@OLD_SQL_MODE */;
/*!40014 SET FOREIGN_KEY_CHECKS=@OLD_FOREIGN_KEY_CHECKS */;
/*!40014 SET UNIQUE_CHECKS=@OLD_UNIQUE_CHECKS */;
/*!40101 SET CHARACTER_SET_CLIENT=@OLD_CHARACTER_SET_CLIENT */;
/*!40101 SET CHARACTER_SET_RESULTS=@OLD_CHARACTER_SET_RESULTS */;
/*!40101 SET COLLATION_CONNECTION=@OLD_COLLATION_CONNECTION */;
/*!40111 SET SQL_NOTES=@OLD_SQL_NOTES */;

-- Dump completed on 2026-02-22  0:51:47
